SampleIdx,Signal_I,Strobe_Center,Strobe_Joint
0,15902,0,-15000
1,8336,0,0
2,16382,0,0
3,-14695,0,0
4,-1474,0,0
5,-23169,0,0
6,1867,0,0
7,-11648,0,0
8,15403,0,0
9,5532,0,0
10,9243,0,0
11,-4492,0,0
12,-11862,0,0
13,-14171,0,0
14,4128,0,0
15,-4945,0,0
16,-3386,0,0
17,22994,0,0
18,2768,0,0
19,-464,0,0
20,-2703,0,0
21,-2275,0,0
22,-15880,0,0
23,-10372,0,0
24,-4387,0,0
25,9233,0,0
26,14594,0,0
27,-3534,0,0
28,-15673,0,0
29,-5436,0,0
30,-18034,0,0
31,17835,0,0
32,8305,0,0
33,-10287,0,0
34,15587,0,0
35,-12666,0,0
36,3912,0,0
37,-3828,0,0
38,10490,0,0
39,-1567,0,0
40,-759,0,0
41,-4563,0,0
42,-22172,0,0
43,-20159,0,0
44,-17051,0,0
45,1738,0,0
46,5076,0,0
47,14280,0,0
48,-8645,0,0
49,13719,0,0
50,2663,0,0
51,-3793,0,0
52,-4590,0,0
53,-2380,0,0
54,-18921,0,0
55,10836,0,0
56,-1410,0,0
57,9426,0,0
58,-16364,0,0
59,-4506,0,0
60,12886,0,0
61,-5213,0,0
62,-7278,0,0
63,16997,0,0
64,1504,0,0
65,10961,0,0
66,-883,0,0
67,48,0,0
68,4745,0,0
69,15133,0,0
70,301,0,0
71,11601,0,0
72,-11957,0,0
73,-16515,0,0
74,23168,0,0
75,1063,0,0
76,-11605,0,0
77,-5686,0,0
78,14311,0,0
79,2116,0,0
80,-9497,0,0
81,-274,0,0
82,-11039,0,0
83,-16206,0,0
84,-17756,0,0
85,15290,0,0
86,-16198,0,0
87,19292,0,0
88,1785,0,0
89,12539,0,0
90,-20279,0,0
91,19943,0,0
92,1495,0,0
93,8634,0,0
94,-14081,0,0
95,-9409,0,0
96,16957,0,0
97,-13035,0,0
98,-20434,0,0
99,1401,0,0
100,-20159,0,0
101,-6067,0,0
102,-16401,0,0
103,-10100,0,0
104,11814,0,0
105,-9836,0,0
106,-2309,0,0
107,-22204,0,0
108,17536,0,0
109,7531,0,0
110,15840,0,0
111,1744,0,0
112,4109,0,0
113,6236,0,0
114,-8852,0,0
115,23060,0,0
116,164,0,0
117,17165,0,0
118,1606,0,0
119,-2665,0,0
120,-7066,0,0
121,7700,0,0
122,-14090,0,0
123,17933,0,0
124,-12895,0,0
125,22329,0,0
126,3209,0,0
127,21999,0,0
128,-3086,15000,0
129,-21487,0,0
130,19973,0,0
131,10010,0,0
132,5913,0,0
133,-872,0,0
134,7267,0,0
135,2381,0,0
136,6674,0,0
137,-11427,0,0
138,-6180,0,0
139,2517,0,0
140,-7340,0,0
141,5569,0,0
142,4419,0,0
143,15807,0,0
144,-5076,0,0
145,-6667,0,0
146,-16783,0,0
147,12918,0,0
148,-3014,0,0
149,4429,0,0
150,11799,0,0
151,4189,0,0
152,-7821,0,0
153,-15018,0,0
154,-13149,0,0
155,11578,0,0
156,10143,0,0
157,-17138,0,0
158,9580,0,0
159,18148,0,0
160,7811,0,0
161,-2298,0,0
162,-2505,0,0
163,-3461,0,0
164,22777,0,0
165,15318,0,0
166,5895,0,0
167,880,0,0
168,5423,0,0
169,-1618,0,0
170,-23141,0,0
171,-2331,0,0
172,-11594,0,0
173,-7087,0,0
174,-9627,0,0
175,-17299,0,0
176,3774,0,0
177,16324,0,0
178,-9993,0,0
179,2953,0,0
180,5628,0,0
181,-11780,0,0
182,-22000,0,0
183,-5448,0,0
184,3282,0,0
185,-2701,0,0
186,5017,0,0
187,5597,0,0
188,4659,0,0
189,2905,0,0
190,6986,0,0
191,-6500,0,0
192,16966,0,0
193,4540,0,0
194,-16780,0,0
195,13145,0,0
196,15943,0,0
197,-8942,0,0
198,-14911,0,0
199,-3400,0,0
200,-7630,0,0
201,-12511,0,0
202,-6897,0,0
203,-3116,0,0
204,-11212,0,0
205,-1952,0,0
206,-783,0,0
207,460,0,0
208,1919,0,0
209,11513,0,0
210,-9367,0,0
211,2080,0,0
212,-21477,0,0
213,5757,0,0
214,7603,0,0
215,13310,0,0
216,732,0,0
217,561,0,0
218,-11452,0,0
219,-3343,0,0
220,10214,0,0
221,-17785,0,0
222,20440,0,0
223,-654,0,0
224,8927,0,0
225,-14880,0,0
226,14445,0,0
227,16383,0,0
228,20227,0,0
229,6646,0,0
230,18456,0,0
231,-4867,0,0
232,-9169,0,0
233,-13341,0,0
234,2170,0,0
235,-7055,0,0
236,8401,0,0
237,-12320,0,0
238,-4182,0,0
239,-9176,0,0
240,-8536,0,0
241,21616,0,0
242,-14989,0,0
243,16330,0,0
244,295,0,0
245,3358,0,0
246,19074,0,0
247,-7534,0,0
248,14603,0,0
249,6899,0,0
250,-4495,0,0
251,2344,0,0
252,15976,0,0
253,2304,0,0
254,-5466,0,0
255,-606,0,0
256,5812,0,-15000
257,-5485,0,0
258,-7129,0,0
259,6479,0,0
260,4619,0,0
261,6091,0,0
262,836,0,0
263,21998,0,0
264,-3756,0,0
265,16595,0,0
266,-3109,0,0
267,9906,0,0
268,10172,0,0
269,-11330,0,0
270,19753,0,0
271,11068,0,0
272,-7596,0,0
273,-15148,0,0
274,7308,0,0
275,17019,0,0
276,1198,0,0
277,-6552,0,0
278,-13629,0,0
279,14697,0,0
280,-4676,0,0
281,-13110,0,0
282,-11552,0,0
283,-4252,0,0
284,20322,0,0
285,1280,0,0
286,9477,0,0
287,-14976,0,0
288,6973,0,0
289,-9929,0,0
290,-6921,0,0
291,-13869,0,0
292,-9576,0,0
293,-4943,0,0
294,-14564,0,0
295,-11236,0,0
296,18929,0,0
297,6426,0,0
298,-13763,0,0
299,11493,0,0
300,4874,0,0
301,-15350,0,0
302,-7833,0,0
303,-9304,0,0
304,-3993,0,0
305,23105,0,0
306,-15907,0,0
307,-2493,0,0
308,16779,0,0
309,-18513,0,0
310,-16606,0,0
311,-2126,0,0
312,11457,0,0
313,-18679,0,0
314,-5655,0,0
315,-15184,0,0
316,-7874,0,0
317,-15533,0,0
318,-10417,0,0
319,20147,0,0
320,-13813,0,0
321,925,0,0
322,-14921,0,0
323,-8142,0,0
324,18540,0,0
325,-5277,0,0
326,-6751,0,0
327,4259,0,0
328,-1165,0,0
329,4142,0,0
330,-19739,0,0
331,-4899,0,0
332,-12577,0,0
333,1682,0,0
334,12094,0,0
335,-11853,0,0
336,-22475,0,0
337,7695,0,0
338,-21815,0,0
339,6027,0,0
340,-183,0,0
341,-12265,0,0
342,11911,0,0
343,15471,0,0
344,12871,0,0
345,-22790,0,0
346,442,0,0
347,10324,0,0
348,-17108,0,0
349,2270,0,0
350,8491,0,0
351,3377,0,0
352,-11911,0,0
353,-18490,0,0
354,-9754,0,0
355,-7624,0,0
356,-239,0,0
357,-20159,0,0
358,13046,0,0
359,-13341,0,0
360,16841,0,0
361,-14041,0,0
362,11779,0,0
363,4813,0,0
364,-7264,0,0
365,-1201,0,0
366,-11991,0,0
367,4524,0,0
368,17622,0,0
369,17706,0,0
370,-21405,0,0
371,-4171,0,0
372,-1842,0,0
373,19794,0,0
374,-14012,0,0
375,2445,0,0
376,1040,0,0
377,14351,0,0
378,-8686,0,0
379,4005,0,0
380,15075,0,0
381,23105,0,0
382,2709,0,0
383,22827,0,0
384,-18523,15000,0
385,-13447,0,0
386,6454,0,0
387,-21617,0,0
388,17128,0,0
389,-394,0,0
390,11934,0,0
391,7453,0,0
392,-3961,0,0
393,-16785,0,0
394,-6955,0,0
395,496,0,0
396,-12430,0,0
397,16382,0,0
398,-3046,0,0
399,7117,0,0
400,-11733,0,0
401,-12090,0,0
402,7037,0,0
403,-17548,0,0
404,8445,0,0
405,-5139,0,0
406,337,0,0
407,21616,0,0
408,7320,0,0
409,-4719,0,0
410,-10935,0,0
411,8731,0,0
412,5848,0,0
413,-3762,0,0
414,-17536,0,0
415,-23162,0,0
416,-13817,0,0
417,23140,0,0
418,-12942,0,0
419,-16898,0,0
420,-17116,0,0
421,-21118,0,0
422,-1121,0,0
423,-9829,0,0
424,2022,0,0
425,-3822,0,0
426,-13094,0,0
427,3840,0,0
428,-5185,0,0
429,-6073,0,0
430,-12713,0,0
431,-18266,0,0
432,8860,0,0
433,9188,0,0
434,14423,0,0
435,16412,0,0
436,7656,0,0
437,1806,0,0
438,14819,0,0
439,-7689,0,0
440,-22454,0,0
441,14856,0,0
442,3038,0,0
443,4564,0,0
444,-9568,0,0
445,5007,0,0
446,20158,0,0
447,-12356,0,0
448,18740,0,0
449,6717,0,0
450,-15560,0,0
451,-11320,0,0
452,13201,0,0
453,-15009,0,0
454,7246,0,0
455,22134,0,0
456,-5027,0,0
457,9366,0,0
458,-12052,0,0
459,-366,0,0
460,-5274,0,0
461,8749,0,0
462,-7946,0,0
463,-6916,0,0
464,23140,0,0
465,16382,0,0
466,20183,0,0
467,-155,0,0
468,-4330,0,0
469,2410,0,0
470,-30,0,0
471,-19393,0,0
472,-15876,0,0
473,-10134,0,0
474,-336,0,0
475,11917,0,0
476,-2683,0,0
477,-10268,0,0
478,-21815,0,0
479,-15250,0,0
480,-3037,0,0
481,10108,0,0
482,-606,0,0
483,-6727,0,0
484,9233,0,0
485,-8748,0,0
486,-1883,0,0
487,-7985,0,0
488,-8823,0,0
489,-3704,0,0
490,4660,0,0
491,-15109,0,0
492,9813,0,0
493,-19843,0,0
494,-16741,0,0
495,2049,0,0
496,1391,0,0
497,12890,0,0
498,-6989,0,0
499,8023,0,0
500,1456,0,0
501,2250,0,0
502,1162,0,0
503,-21617,0,0
504,14399,0,0
505,20926,0,0
506,-14040,0,0
507,20158,0,0
508,-14561,0,0
509,14808,0,0
510,8703,0,0
511,-11566,0,0
512,-9810,0,-15000
513,-7284,0,0
514,-11736,0,0
515,-14738,0,0
516,20813,0,0
517,14298,0,0
518,16360,0,0
519,16679,0,0
520,-9653,0,0
521,11021,0,0
522,15357,0,0
523,3705,0,0
524,1382,0,0
525,13610,0,0
526,-17660,0,0
527,18886,0,0
528,-6352,0,0
529,5656,0,0
530,6770,0,0
531,9824,0,0
532,16540,0,0
533,5912,0,0
534,16751,0,0
535,9178,0,0
536,-1880,0,0
537,5226,0,0
538,2327,0,0
539,-3044,0,0
540,-116,0,0
541,-9447,0,0
542,5093,0,0
543,4742,0,0
544,-3384,0,0
545,8697,0,0
546,-1680,0,0
547,863,0,0
548,4791,0,0
549,14697,0,0
550,4919,0,0
551,-14848,0,0
552,-13591,0,0
553,7170,0,0
554,-2753,0,0
555,3165,0,0
556,-18375,0,0
557,3313,0,0
558,7102,0,0
559,-19123,0,0
560,-9079,0,0
561,14832,0,0
562,-11928,0,0
563,11386,0,0
564,15601,0,0
565,9216,0,0
566,-6018,0,0
567,23161,0,0
568,-16374,0,0
569,1189,0,0
570,-13199,0,0
571,-5195,0,0
572,-15486,0,0
573,-21338,0,0
574,-8867,0,0
575,-20945,0,0
576,1403,0,0
577,19872,0,0
578,-17067,0,0
579,-11537,0,0
580,-13771,0,0
581,9948,0,0
582,-13787,0,0
583,-12149,0,0
584,-21866,0,0
585,-14257,0,0
586,1733,0,0
587,-10570,0,0
588,3213,0,0
589,-10951,0,0
590,-19954,0,0
591,22329,0,0
592,-17822,0,0
593,1906,0,0
594,-14699,0,0
595,19598,0,0
596,-1074,0,0
597,-4910,0,0
598,-3182,0,0
599,3924,0,0
600,-1473,0,0
601,-20308,0,0
602,-6113,0,0
603,7267,0,0
604,-4432,0,0
605,-8848,0,0
606,4774,0,0
607,12717,0,0
608,-3417,0,0
609,17542,0,0
610,-569,0,0
611,16665,0,0
612,186,0,0
613,-14898,0,0
614,12989,0,0
615,-525,0,0
616,-9743,0,0
617,3275,0,0
618,-176,0,0
619,-3478,0,0
620,6499,0,0
621,17497,0,0
622,17132,0,0
623,1575,0,0
624,64,0,0
625,-6060,0,0
626,-9708,0,0
627,8510,0,0
628,16122,0,0
629,8026,0,0
630,-11,0,0
631,4043,0,0
632,-12493,0,0
633,-10922,0,0
634,8912,0,0
635,-5405,0,0
636,2594,0,0
637,-16384,0,0
638,14727,0,0
639,9480,0,0
640,-13616,15000,0
641,17240,0,0
642,5477,0,0
643,-16962,0,0
644,-11922,0,0
645,-19332,0,0
646,-16566,0,0
647,-17552,0,0
648,15137,0,0
649,11578,0,0
650,-8644,0,0
651,-5485,0,0
652,9055,0,0
653,2256,0,0
654,-15637,0,0
655,-16977,0,0
656,-13144,0,0
657,4182,0,0
658,-7075,0,0
659,-13341,0,0
660,15067,0,0
661,16388,0,0
662,13789,0,0
663,9099,0,0
664,4520,0,0
665,15161,0,0
666,-7805,0,0
667,20276,0,0
668,13008,0,0
669,1793,0,0
670,-9659,0,0
671,11058,0,0
672,1944,0,0
673,3980,0,0
674,-4367,0,0
675,3080,0,0
676,2449,0,0
677,11284,0,0
678,-16630,0,0
679,15674,0,0
680,259,0,0
681,18608,0,0
682,-20508,0,0
683,-12641,0,0
684,-2368,0,0
685,12694,0,0
686,-7268,0,0
687,2514,0,0
688,-9887,0,0
689,-22829,0,0
690,15326,0,0
691,-16068,0,0
692,16630,0,0
693,-5198,0,0
694,-11420,0,0
695,-16063,0,0
696,-8584,0,0
697,11277,0,0
698,4683,0,0
699,-17910,0,0
700,23161,0,0
701,8180,0,0
702,-11976,0,0
703,-18065,0,0
704,14964,0,0
705,-10210,0,0
706,-20945,0,0
707,6191,0,0
708,15637,0,0
709,5985,0,0
710,-3568,0,0
711,14822,0,0
712,-17232,0,0
713,-9182,0,0
714,19872,0,0
715,393,0,0
716,21180,0,0
717,-6510,0,0
718,17767,0,0
719,-10037,0,0
720,-5799,0,0
721,2334,0,0
722,3395,0,0
723,1629,0,0
724,-774,0,0
725,-17621,0,0
726,16204,0,0
727,-6449,0,0
728,4367,0,0
729,15515,0,0
730,5478,0,0
731,9581,0,0
732,-1283,0,0
733,3336,0,0
734,-15284,0,0
735,-11837,0,0
736,-6100,0,0
737,-1956,0,0
738,15604,0,0
739,-1997,0,0
740,13685,0,0
741,14821,0,0
742,-10992,0,0
743,6725,0,0
744,-13707,0,0
745,14553,0,0
746,15795,0,0
747,10693,0,0
748,2969,0,0
749,13690,0,0
750,-17682,0,0
751,-16864,0,0
752,-11977,0,0
753,15090,0,0
754,2276,0,0
755,2265,0,0
756,-902,0,0
757,-14654,0,0
758,7188,0,0
759,17732,0,0
760,-7156,0,0
761,20603,0,0
762,1733,0,0
763,5197,0,0
764,-1435,0,0
765,23105,0,0
766,-9795,0,0
767,-6563,0,0
768,10221,0,-15000
769,-3381,0,0
770,-15330,0,0
771,5341,0,0
772,-6601,0,0
773,17438,0,0
774,-8606,0,0
775,-16747,0,0
776,-2843,0,0
777,-236,0,0
778,1378,0,0
779,4384,0,0
780,10901,0,0
781,-6391,0,0
782,10106,0,0
783,-16418,0,0
784,-8517,0,0
785,-9791,0,0
786,5771,0,0
787,-11679,0,0
788,20006,0,0
789,-9340,0,0
790,-1627,0,0
791,1631,0,0
792,13904,0,0
793,9206,0,0
794,10437,0,0
795,19379,0,0
796,-21430,0,0
797,-9023,0,0
798,-3014,0,0
799,8586,0,0
800,20488,0,0
801,6178,0,0
802,-9151,0,0
803,3399,0,0
804,-4534,0,0
805,23106,0,0
806,-3220,0,0
807,-9417,0,0
808,16508,0,0
809,4290,0,0
810,-7673,0,0
811,-6798,0,0
812,7686,0,0
813,15444,0,0
814,-259,0,0
815,-15213,0,0
816,18220,0,0
817,21814,0,0
818,-2692,0,0
819,10884,0,0
820,-19154,0,0
821,-1606,0,0
822,-19903,0,0
823,-1100,0,0
824,-5630,0,0
825,15624,0,0
826,-4521,0,0
827,8965,0,0
828,2973,0,0
829,4023,0,0
830,-3818,0,0
831,4559,0,0
832,15583,0,0
833,-16207,0,0
834,-9114,0,0
835,1820,0,0
836,1224,0,0
837,1059,0,0
838,-569,0,0
839,17167,0,0
840,-17643,0,0
841,3254,0,0
842,12087,0,0
843,4074,0,0
844,22917,0,0
845,-6512,0,0
846,-2411,0,0
847,-3266,0,0
848,-11705,0,0
849,-12252,0,0
850,14760,0,0
851,-4365,0,0
852,16209,0,0
853,16906,0,0
854,2613,0,0
855,-1560,0,0
856,15438,0,0
857,-17288,0,0
858,19872,0,0
859,17349,0,0
860,3317,0,0
861,6523,0,0
862,2847,0,0
863,-11788,0,0
864,11489,0,0
865,-998,0,0
866,-12819,0,0
867,10061,0,0
868,6196,0,0
869,1340,0,0
870,-14918,0,0
871,-3699,0,0
872,-17265,0,0
873,-19560,0,0
874,-16861,0,0
875,13974,0,0
876,12871,0,0
877,-13037,0,0
878,16874,0,0
879,12822,0,0
880,-14,0,0
881,-14106,0,0
882,-7393,0,0
883,-17007,0,0
884,-12390,0,0
885,-15359,0,0
886,10064,0,0
887,8308,0,0
888,-20695,0,0
889,20434,0,0
890,-4099,0,0
891,9843,0,0
892,9388,0,0
893,8818,0,0
894,203,0,0
895,15277,0,0
896,-16938,15000,0
897,13231,0,0
898,-14459,0,0
899,-6556,0,0
900,-3918,0,0
901,-13732,0,0
902,10355,0,0
903,8579,0,0
904,-13936,0,0
905,-7634,0,0
906,-8171,0,0
907,3165,0,0
908,-12107,0,0
909,-16384,0,0
910,-12667,0,0
911,15559,0,0
912,-20583,0,0
913,16745,0,0
914,19923,0,0
915,16027,0,0
916,-156,0,0
917,14948,0,0
918,-9985,0,0
919,-11016,0,0
920,-11748,0,0
921,-18336,0,0
922,4520,0,0
923,-19265,0,0
924,-8298,0,0
925,-5097,0,0
926,16191,0,0
927,-14870,0,0
928,-20428,0,0
929,2327,0,0
930,-10899,0,0
931,-260,0,0
932,13946,0,0
933,5090,0,0
934,11670,0,0
935,-15966,0,0
936,15267,0,0
937,15979,0,0
938,-3177,0,0
939,3080,0,0
940,11737,0,0
941,22994,0,0
942,448,0,0
943,-20056,0,0
944,15803,0,0
945,-5319,0,0
946,-11913,0,0
947,-171,0,0
948,-11114,0,0
949,-19963,0,0
950,-11863,0,0
951,12721,0,0
952,2885,0,0
953,3120,0,0
954,-58,0,0
955,16823,0,0
956,16554,0,0
957,-3991,0,0
958,8315,0,0
959,8052,0,0
960,17285,0,0
961,11852,0,0
962,-532,0,0
963,-15938,0,0
964,-16904,0,0
965,1703,0,0
966,-838,0,0
967,19988,0,0
968,-1084,0,0
969,6679,0,0
970,8699,0,0
971,20979,0,0
972,-14257,0,0
973,21092,0,0
974,-15440,0,0
975,-1982,0,0
976,-3381,0,0
977,-20518,0,0
978,-15911,0,0
979,16135,0,0
980,7048,0,0
981,-20695,0,0
982,-2719,0,0
983,-12891,0,0
984,10467,0,0
985,9830,0,0
986,-16329,0,0
987,874,0,0
988,3933,0,0
989,5060,0,0
990,21608,0,0
991,-9964,0,0
992,18851,0,0
993,-17167,0,0
994,2117,0,0
995,-2072,0,0
996,-8178,0,0
997,13801,0,0
998,-12766,0,0
999,-15914,0,0
1000,-8225,0,0
1001,-20159,0,0
1002,15909,0,0
1003,-18428,0,0
1004,558,0,0
1005,18542,0,0
1006,-12767,0,0
1007,-1477,0,0
1008,-17970,0,0
1009,-11849,0,0
1010,-17920,0,0
1011,17342,0,0
1012,13462,0,0
1013,-22919,0,0
1014,15193,0,0
1015,19054,0,0
1016,-6991,0,0
1017,20873,0,0
1018,16383,0,0
1019,12895,0,0
1020,-9521,0,0
1021,13562,0,0
1022,-16542,0,0
1023,13616,0,0
1024,7730,0,-15000
1025,2822,0,0
1026,15105,0,0
1027,13232,0,0
1028,-5722,0,0
1029,16755,0,0
1030,-12018,0,0
1031,10453,0,0
1032,1522,0,0
1033,481,0,0
1034,-4179,0,0
1035,-5793,0,0
1036,-3895,0,0
1037,-3918,0,0
1038,6012,0,0
1039,8483,0,0
1040,17871,0,0
1041,11641,0,0
1042,-10186,0,0
1043,11372,0,0
1044,16688,0,0
1045,3993,0,0
1046,-10193,0,0
1047,485,0,0
1048,17055,0,0
1049,-15287,0,0
1050,1128,0,0
1051,-17910,0,0
1052,-12720,0,0
1053,10658,0,0
1054,-5992,0,0
1055,10022,0,0
1056,15792,0,0
1057,-10710,0,0
1058,3986,0,0
1059,4149,0,0
1060,20659,0,0
1061,16779,0,0
1062,12033,0,0
1063,-6194,0,0
1064,-23107,0,0
1065,2676,0,0
1066,4265,0,0
1067,11659,0,0
1068,-10361,0,0
1069,12636,0,0
1070,2660,0,0
1071,-18186,0,0
1072,-11436,0,0
1073,-11364,0,0
1074,-22172,0,0
1075,20694,0,0
1076,-18113,0,0
1077,-21181,0,0
1078,-13356,0,0
1079,11048,0,0
1080,6923,0,0
1081,18891,0,0
1082,-8574,0,0
1083,-2911,0,0
1084,1826,0,0
1085,5716,0,0
1086,1636,0,0
1087,-14443,0,0
1088,7169,0,0
1089,14077,0,0
1090,-14672,0,0
1091,-13061,0,0
1092,6541,0,0
1093,-11702,0,0
1094,-7445,0,0
1095,-6015,0,0
1096,-15055,0,0
1097,-8665,0,0
1098,-9814,0,0
1099,-18765,0,0
1100,15673,0,0
1101,13134,0,0
1102,11670,0,0
1103,2270,0,0
1104,-15255,0,0
1105,10891,0,0
1106,-16185,0,0
1107,-14518,0,0
1108,-12234,0,0
1109,-319,0,0
1110,-14616,0,0
1111,-1067,0,0
1112,-8097,0,0
1113,-14230,0,0
1114,2789,0,0
1115,-11581,0,0
1116,5366,0,0
1117,-22864,0,0
1118,8347,0,0
1119,-2637,0,0
1120,-4696,0,0
1121,-4521,0,0
1122,-5747,0,0
1123,-18878,0,0
1124,2374,0,0
1125,4803,0,0
1126,-3391,0,0
1127,9907,0,0
1128,-3914,0,0
1129,7749,0,0
1130,-4471,0,0
1131,-18661,0,0
1132,-5722,0,0
1133,-8238,0,0
1134,8131,0,0
1135,16550,0,0
1136,7037,0,0
1137,3240,0,0
1138,-8429,0,0
1139,-3345,0,0
1140,5857,0,0
1141,-739,0,0
1142,-8063,0,0
1143,5825,0,0
1144,-6752,0,0
1145,-18664,0,0
1146,894,0,0
1147,21998,0,0
1148,-7112,0,0
1149,-3582,0,0
1150,-8005,0,0
1151,-2837,0,0
1152,-116,15000,0
1153,-17901,0,0
1154,-8026,0,0
1155,-9294,0,0
1156,-13955,0,0
1157,23140,0,0
1158,-2416,0,0
1159,22918,0,0
1160,-15586,0,0
1161,-2823,0,0
1162,-1255,0,0
1163,-13256,0,0
1164,-21617,0,0
1165,-9406,0,0
1166,13489,0,0
1167,-5423,0,0
1168,11038,0,0
1169,1821,0,0
1170,18777,0,0
1171,-14161,0,0
1172,15631,0,0
1173,15975,0,0
1174,-269,0,0
1175,15483,0,0
1176,7098,0,0
1177,7553,0,0
1178,9975,0,0
1179,18783,0,0
1180,5743,0,0
1181,3789,0,0
1182,-21168,0,0
1183,-14876,0,0
1184,3291,0,0
1185,19952,0,0
1186,14618,0,0
1187,-13196,0,0
1188,1425,0,0
1189,-13831,0,0
1190,-18610,0,0
1191,-14506,0,0
1192,-10324,0,0
1193,-20305,0,0
1194,16771,0,0
1195,9410,0,0
1196,16648,0,0
1197,-16034,0,0
1198,6449,0,0
1199,14058,0,0
1200,18942,0,0
1201,6858,0,0
1202,-18850,0,0
1203,428,0,0
1204,-12861,0,0
1205,12189,0,0
1206,20694,0,0
1207,-11862,0,0
1208,-699,0,0
1209,-4016,0,0
1210,-20640,0,0
1211,12449,0,0
1212,10743,0,0
1213,-2742,0,0
1214,15318,0,0
1215,6735,0,0
1216,-15071,0,0
1217,7956,0,0
1218,-7067,0,0
1219,-7120,0,0
1220,11966,0,0
1221,-7357,0,0
1222,4238,0,0
1223,5751,0,0
1224,11886,0,0
1225,-2415,0,0
1226,-423,0,0
1227,601,0,0
1228,6358,0,0
1229,-6715,0,0
1230,-4343,0,0
1231,-15329,0,0
1232,-6976,0,0
1233,19897,0,0
1234,13996,0,0
1235,647,0,0
1236,-5278,0,0
1237,-7346,0,0
1238,-9389,0,0
1239,-6538,0,0
1240,17481,0,0
1241,12680,0,0
1242,-8526,0,0
1243,-3730,0,0
1244,15784,0,0
1245,-13731,0,0
1246,6873,0,0
1247,1703,0,0
1248,-16642,0,0
1249,18827,0,0
1250,-16383,0,0
1251,-13232,0,0
1252,-11672,0,0
1253,-6076,0,0
1254,-15134,0,0
1255,-9853,0,0
1256,-15349,0,0
1257,5589,0,0
1258,-14154,0,0
1259,22614,0,0
1260,13484,0,0
1261,1191,0,0
1262,17392,0,0
1263,14601,0,0
1264,-7696,0,0
1265,-5524,0,0
1266,12759,0,0
1267,18313,0,0
1268,15528,0,0
1269,13482,0,0
1270,6777,0,0
1271,3416,0,0
1272,9905,0,0
1273,-7082,0,0
1274,11698,0,0
1275,8866,0,0
1276,-13797,0,0
1277,-2915,0,0
1278,8959,0,0
1279,-5291,0,0
1280,10435,0,-15000
1281,19480,0,0
1282,4968,0,0
1283,-5266,0,0
1284,12055,0,0
1285,12286,0,0
1286,-16270,0,0
1287,-17544,0,0
1288,23140,0,0
1289,-16752,0,0
1290,2586,0,0
1291,10620,0,0
1292,11471,0,0
1293,-10933,0,0
1294,15246,0,0
1295,-16234,0,0
1296,-5413,0,0
1297,-14675,0,0
1298,-645,0,0
1299,852,0,0
1300,-17935,0,0
1301,20433,0,0
1302,5831,0,0
1303,6482,0,0
1304,15681,0,0
1305,-13375,0,0
1306,10637,0,0
1307,-4962,0,0
1308,-6537,0,0
1309,-9423,0,0
1310,15007,0,0
1311,2270,0,0
1312,-15670,0,0
1313,10346,0,0
1314,-4361,0,0
1315,20473,0,0
1316,-13574,0,0
1317,-9175,0,0
1318,-5940,0,0
1319,-16672,0,0
1320,-15661,0,0
1321,-16140,0,0
1322,15882,0,0
1323,-6359,0,0
1324,-10019,0,0
1325,-1075,0,0
1326,-8338,0,0
1327,-3251,0,0
1328,7141,0,0
1329,16508,0,0
1330,6597,0,0
1331,5863,0,0
1332,-5363,0,0
1333,-14486,0,0
1334,1803,0,0
1335,-5542,0,0
1336,-15407,0,0
1337,13922,0,0
1338,17942,0,0
1339,16382,0,0
1340,2089,0,0
1341,-11068,0,0
1342,-9832,0,0
1343,-6720,0,0
1344,-2603,0,0
1345,-9226,0,0
1346,1499,0,0
1347,13109,0,0
1348,7601,0,0
1349,-5187,0,0
1350,5264,0,0
1351,727,0,0
1352,-18634,0,0
1353,2264,0,0
1354,-7827,0,0
1355,8921,0,0
1356,18716,0,0
1357,-12229,0,0
1358,16426,0,0
1359,10934,0,0
1360,-13509,0,0
1361,-647,0,0
1362,3623,0,0
1363,6497,0,0
1364,4964,0,0
1365,-9990,0,0
1366,16258,0,0
1367,9526,0,0
1368,16383,0,0
1369,-3909,0,0
1370,-1718,0,0
1371,15564,0,0
1372,10190,0,0
1373,-2,0,0
1374,3032,0,0
1375,-22832,0,0
1376,3289,0,0
1377,848,0,0
1378,17559,0,0
1379,2490,0,0
1380,-10986,0,0
1381,1842,0,0
1382,-3771,0,0
1383,-5100,0,0
1384,17218,0,0
1385,17707,0,0
1386,13481,0,0
1387,-21311,0,0
1388,-7774,0,0
1389,5559,0,0
1390,8122,0,0
1391,-6525,0,0
1392,-5844,0,0
1393,-21405,0,0
1394,-15877,0,0
1395,17331,0,0
1396,7804,0,0
1397,15985,0,0
1398,-7806,0,0
1399,-12118,0,0
1400,-21466,0,0
1401,-1367,0,0
1402,-11176,0,0
1403,16677,0,0
1404,8389,0,0
1405,-1390,0,0
1406,-8139,0,0
1407,-20083,0,0
1408,11062,15000,0
1409,-16101,0,0
1410,-21857,0,0
1411,18179,0,0
1412,265,0,0
1413,-4225,0,0
1414,357,0,0
1415,7675,0,0
1416,10465,0,0
1417,-15835,0,0
1418,10548,0,0
1419,3012,0,0
1420,-3490,0,0
1421,-5895,0,0
1422,-9739,0,0
1423,-20159,0,0
1424,17689,0,0
1425,-3897,0,0
1426,-19582,0,0
1427,19573,0,0
1428,-14299,0,0
1429,-2630,0,0
1430,-11153,0,0
1431,-1204,0,0
1432,-4520,0,0
1433,-10799,0,0
1434,16495,0,0
1435,19263,0,0
1436,-4078,0,0
1437,3006,0,0
1438,-4505,0,0
1439,-16368,0,0
1440,-13305,0,0
1441,-18943,0,0
1442,9911,0,0
1443,8529,0,0
1444,22827,0,0
1445,103,0,0
1446,-12733,0,0
1447,-8775,0,0
1448,-2532,0,0
1449,13374,0,0
1450,8269,0,0
1451,11342,0,0
1452,7313,0,0
1453,13779,0,0
1454,4034,0,0
1455,-1549,0,0
1456,3312,0,0
1457,14816,0,0
1458,9454,0,0
1459,-11334,0,0
1460,-15376,0,0
1461,7913,0,0
1462,11237,0,0
1463,4338,0,0
1464,-9358,0,0
1465,8053,0,0
1466,-1404,0,0
1467,-15286,0,0
1468,-7806,0,0
1469,-10608,0,0
1470,16372,0,0
1471,11259,0,0
1472,-21815,0,0
1473,5697,0,0
1474,13122,0,0
1475,-13822,0,0
1476,17133,0,0
1477,-2363,0,0
1478,-2501,0,0
1479,21181,0,0
1480,13982,0,0
1481,-9714,0,0
1482,21616,0,0
1483,4927,0,0
1484,-12141,0,0
1485,-19564,0,0
1486,4022,0,0
1487,6609,0,0
1488,-7271,0,0
1489,-9906,0,0
1490,-20188,0,0
1491,17697,0,0
1492,9299,0,0
1493,6901,0,0
1494,15984,0,0
1495,12648,0,0
1496,21999,0,0
1497,4003,0,0
1498,-1646,0,0
1499,10416,0,0
1500,-9506,0,0
1501,16401,0,0
1502,-22171,0,0
1503,-8750,0,0
1504,613,0,0
1505,14632,0,0
1506,19099,0,0
1507,-7141,0,0
1508,9100,0,0
1509,-444,0,0
1510,7208,0,0
1511,-10559,0,0
1512,-20808,0,0
1513,3285,0,0
1514,8064,0,0
1515,-9938,0,0
1516,61,0,0
1517,-3716,0,0
1518,4816,0,0
1519,9924,0,0
1520,5046,0,0
1521,9906,0,0
1522,11026,0,0
1523,19172,0,0
1524,7267,0,0
1525,-6428,0,0
1526,-15055,0,0
1527,-2418,0,0
1528,21482,0,0
1529,-2058,0,0
1530,-11485,0,0
1531,-20159,0,0
1532,-4643,0,0
1533,-13656,0,0
1534,4932,0,0
1535,16505,0,0
1536,-7072,0,-15000
1537,12871,0,0
1538,4981,0,0
1539,-8514,0,0
1540,11093,0,0
1541,-13000,0,0
1542,-1463,0,0
1543,17029,0,0
1544,4379,0,0
1545,965,0,0
1546,-8829,0,0
1547,-965,0,0
1548,4976,0,0
1549,-14327,0,0
1550,13056,0,0
1551,15133,0,0
1552,10600,0,0
1553,17543,0,0
1554,2524,0,0
1555,-10125,0,0
1556,-22234,0,0
1557,6736,0,0
1558,-14099,0,0
1559,16154,0,0
1560,-5578,0,0
1561,-9393,0,0
1562,6522,0,0
1563,-5809,0,0
1564,-5603,0,0
1565,16382,0,0
1566,4062,0,0
1567,16779,0,0
1568,-19908,0,0
1569,-1886,0,0
1570,-6103,0,0
1571,15559,0,0
1572,16620,0,0
1573,-17219,0,0
1574,-10225,0,0
1575,-12260,0,0
1576,2271,0,0
1577,-15280,0,0
1578,-3308,0,0
1579,3554,0,0
1580,-15985,0,0
1581,15286,0,0
1582,-1438,0,0
1583,14546,0,0
1584,-16857,0,0
1585,11819,0,0
1586,12351,0,0
1587,-3464,0,0
1588,-706,0,0
1589,-12759,0,0
1590,4788,0,0
1591,7939,0,0
1592,-11596,0,0
1593,10012,0,0
1594,11899,0,0
1595,7157,0,0
1596,-12066,0,0
1597,1358,0,0
1598,-2223,0,0
1599,6215,0,0
1600,-17664,0,0
1601,-21953,0,0
1602,9005,0,0
1603,-4657,0,0
1604,-10459,0,0
1605,-22995,0,0
1606,-2317,0,0
1607,-7288,0,0
1608,-3711,0,0
1609,14031,0,0
1610,-5470,0,0
1611,-2412,0,0
1612,-4759,0,0
1613,21910,0,0
1614,12667,0,0
1615,16026,0,0
1616,-15487,0,0
1617,16541,0,0
1618,1019,0,0
1619,13926,0,0
1620,-13669,0,0
1621,-16176,0,0
1622,-2193,0,0
1623,17173,0,0
1624,14369,0,0
1625,9624,0,0
1626,-3613,0,0
1627,-6396,0,0
1628,-18943,0,0
1629,-13104,0,0
1630,-464,0,0
1631,-22918,0,0
1632,15239,0,0
1633,-4145,0,0
1634,-13802,0,0
1635,-198,0,0
1636,-17942,0,0
1637,-9045,0,0
1638,-8273,0,0
1639,-8207,0,0
1640,-16034,0,0
1641,-12464,0,0
1642,-15592,0,0
1643,6775,0,0
1644,-11074,0,0
1645,12081,0,0
1646,14684,0,0
1647,12718,0,0
1648,-4273,0,0
1649,6751,0,0
1650,-13441,0,0
1651,-6650,0,0
1652,3448,0,0
1653,-8395,0,0
1654,3977,0,0
1655,12027,0,0
1656,8845,0,0
1657,-5895,0,0
1658,5789,0,0
1659,2270,0,0
1660,8334,0,0
1661,11536,0,0
1662,-4569,0,0
1663,-8966,0,0
1664,10206,15000,0
1665,-4672,0,0
1666,-5877,0,0
1667,14816,0,0
1668,3309,0,0
1669,-10111,0,0
1670,-2776,0,0
1671,9075,0,0
1672,16497,0,0
1673,-6813,0,0
1674,-18461,0,0
1675,3699,0,0
1676,10565,0,0
1677,3519,0,0
1678,-14654,0,0
1679,-12675,0,0
1680,10163,0,0
1681,11792,0,0
1682,14304,0,0
1683,1484,0,0
1684,12395,0,0
1685,-7032,0,0
1686,-11723,0,0
1687,-5630,0,0
1688,2630,0,0
1689,-2421,0,0
1690,5988,0,0
1691,-11421,0,0
1692,9905,0,0
1693,-19860,0,0
1694,-8867,0,0
1695,8349,0,0
1696,-14030,0,0
1697,15509,0,0
1698,13819,0,0
1699,10664,0,0
1700,-8427,0,0
1701,15502,0,0
1702,12846,0,0
1703,-1388,0,0
1704,-10917,0,0
1705,-10833,0,0
1706,7993,0,0
1707,-359,0,0
1708,-13648,0,0
1709,-6383,0,0
1710,2270,0,0
1711,10392,0,0
1712,19993,0,0
1713,2722,0,0
1714,-5590,0,0
1715,13771,0,0
1716,1879,0,0
1717,10972,0,0
1718,-7604,0,0
1719,-16698,0,0
1720,3516,0,0
1721,-17157,0,0
1722,2,0,0
1723,12906,0,0
1724,-18912,0,0
1725,-15300,0,0
1726,-2541,0,0
1727,369,0,0
1728,-14889,0,0
1729,-13063,0,0
1730,3200,0,0
1731,5330,0,0
1732,-1472,0,0
1733,6936,0,0
1734,-2940,0,0
1735,2926,0,0
1736,-7225,0,0
1737,-20109,0,0
1738,-14639,0,0
1739,-8358,0,0
1740,11445,0,0
1741,3735,0,0
1742,14649,0,0
1743,-10802,0,0
1744,7604,0,0
1745,14632,0,0
1746,-19961,0,0
1747,1467,0,0
1748,-13810,0,0
1749,793,0,0
1750,7606,0,0
1751,-15735,0,0
1752,14158,0,0
1753,1373,0,0
1754,-11639,0,0
1755,5642,0,0
1756,6803,0,0
1757,-4288,0,0
1758,5485,0,0
1759,-5682,0,0
1760,20158,0,0
1761,-3898,0,0
1762,10635,0,0
1763,8688,0,0
1764,14598,0,0
1765,22723,0,0
1766,15701,0,0
1767,5419,0,0
1768,-8466,0,0
1769,8106,0,0
1770,18942,0,0
1771,-3962,0,0
1772,-3952,0,0
1773,-13955,0,0
1774,2841,0,0
1775,11255,0,0
1776,3173,0,0
1777,22918,0,0
1778,18608,0,0
1779,-489,0,0
1780,-8130,0,0
1781,-22995,0,0
1782,-3830,0,0
1783,-4784,0,0
1784,-16017,0,0
1785,17659,0,0
1786,-3825,0,0
1787,-1059,0,0
1788,4135,0,0
1789,8550,0,0
1790,-16383,0,0
1791,17112,0,0
1792,-15137,0,-15000
1793,10168,0,0
1794,-3867,0,0
1795,10261,0,0
1796,-3193,0,0
1797,-15974,0,0
1798,6301,0,0
1799,16958,0,0
1800,17741,0,0
1801,8865,0,0
1802,14254,0,0
1803,-8444,0,0
1804,-7199,0,0
1805,-12951,0,0
1806,-16172,0,0
1807,-10873,0,0
1808,-492,0,0
1809,-9112,0,0
1810,-3913,0,0
1811,-18412,0,0
1812,17299,0,0
1813,-4793,0,0
1814,-8577,0,0
1815,12970,0,0
1816,18282,0,0
1817,3193,0,0
1818,-3930,0,0
1819,-1356,0,0
1820,-5283,0,0
1821,-13531,0,0
1822,16368,0,0
1823,-7749,0,0
1824,-18943,0,0
1825,-12222,0,0
1826,6358,0,0
1827,7690,0,0
1828,-14603,0,0
1829,5788,0,0
1830,-16057,0,0
1831,-8281,0,0
1832,11692,0,0
1833,-5177,0,0
1834,19872,0,0
1835,4970,0,0
1836,-12857,0,0
1837,5892,0,0
1838,11861,0,0
1839,159,0,0
1840,16017,0,0
1841,2379,0,0
1842,5648,0,0
1843,15066,0,0
1844,4241,0,0
1845,-8723,0,0
1846,12209,0,0
1847,-3119,0,0
1848,-19048,0,0
1849,-1918,0,0
1850,10478,0,0
1851,-15406,0,0
1852,2898,0,0
1853,18054,0,0
1854,-8817,0,0
1855,-2641,0,0
1856,-14969,0,0
1857,7507,0,0
1858,-6896,0,0
1859,13845,0,0
1860,7460,0,0
1861,-14984,0,0
1862,-1651,0,0
1863,-4171,0,0
1864,6818,0,0
1865,1015,0,0
1866,-14442,0,0
1867,2362,0,0
1868,-12595,0,0
1869,-8248,0,0
1870,20158,0,0
1871,-1606,0,0
1872,12909,0,0
1873,-14596,0,0
1874,-6768,0,0
1875,-3429,0,0
1876,3376,0,0
1877,-22171,0,0
1878,-13451,0,0
1879,18312,0,0
1880,3091,0,0
1881,4584,0,0
1882,7074,0,0
1883,8993,0,0
1884,11819,0,0
1885,1939,0,0
1886,13445,0,0
1887,-6406,0,0
1888,12240,0,0
1889,-9281,0,0
1890,13421,0,0
1891,20148,0,0
1892,-16725,0,0
1893,-18714,0,0
1894,-6558,0,0
1895,-8401,0,0
1896,-13190,0,0
1897,-16317,0,0
1898,-11792,0,0
1899,-9922,0,0
1900,-676,0,0
1901,17067,0,0
1902,-5662,0,0
1903,-8024,0,0
1904,-22077,0,0
1905,-35,0,0
1906,8443,0,0
1907,-10602,0,0
1908,4978,0,0
1909,-3655,0,0
1910,15861,0,0
1911,-9313,0,0
1912,2934,0,0
1913,16891,0,0
1914,10608,0,0
1915,13561,0,0
1916,-12472,0,0
1917,4865,0,0
1918,-5076,0,0
1919,-17681,0,0
1920,1305,15000,0
1921,19573,0,0
1922,772,0,0
1923,18465,0,0
1924,-19873,0,0
1925,13471,0,0
1926,5044,0,0
1927,4338,0,0
1928,-3400,0,0
1929,-6588,0,0
1930,707,0,0
1931,-13342,0,0
1932,-13146,0,0
1933,13358,0,0
1934,13233,0,0
1935,11052,0,0
1936,22918,0,0
1937,4986,0,0
1938,14357,0,0
1939,-14209,0,0
1940,16492,0,0
1941,3323,0,0
1942,3096,0,0
1943,9348,0,0
1944,-5585,0,0
1945,-2872,0,0
1946,22827,0,0
1947,5298,0,0
1948,-5135,0,0
1949,13944,0,0
1950,-10788,0,0
1951,-13873,0,0
1952,16761,0,0
1953,-19265,0,0
1954,-9228,0,0
1955,-7552,0,0
1956,4957,0,0
1957,-18188,0,0
1958,8922,0,0
1959,-16285,0,0
1960,10102,0,0
1961,-967,0,0
1962,-16883,0,0
1963,-6057,0,0
1964,-11475,0,0
1965,8481,0,0
1966,2499,0,0
1967,2901,0,0
1968,-666,0,0
1969,16382,0,0
1970,-14434,0,0
1971,-2266,0,0
1972,-15705,0,0
1973,-17202,0,0
1974,-12281,0,0
1975,7688,0,0
1976,15834,0,0
1977,14982,0,0
1978,-1881,0,0
1979,-3703,0,0
1980,-7103,0,0
1981,1971,0,0
1982,-9990,0,0
1983,5000,0,0
1984,-4562,0,0
1985,20158,0,0
1986,7106,0,0
1987,12706,0,0
1988,7571,0,0
1989,-17811,0,0
1990,-7675,0,0
1991,20286,0,0
1992,-8339,0,0
1993,20984,0,0
1994,9747,0,0
1995,16780,0,0
1996,-5194,0,0
1997,21616,0,0
1998,-21181,0,0
1999,-8478,0,0
2000,10199,0,0
2001,4369,0,0
2002,3799,0,0
2003,14511,0,0
2004,9367,0,0
2005,7093,0,0
2006,2768,0,0
2007,6043,0,0
2008,-3507,0,0
2009,-11883,0,0
2010,13705,0,0
2011,-7631,0,0
2012,6355,0,0
2013,-1019,0,0
2014,11483,0,0
2015,-3465,0,0
2016,-16918,0,0
2017,18520,0,0
2018,18348,0,0
2019,5588,0,0
2020,-15505,0,0
2021,22994,0,0
2022,497,0,0
2023,4196,0,0
2024,-12918,0,0
2025,-579,0,0
2026,4078,0,0
2027,-569,0,0
2028,-5403,0,0
2029,1575,0,0
2030,-1845,0,0
2031,714,0,0
2032,12065,0,0
2033,4929,0,0
2034,13410,0,0
2035,-6986,0,0
2036,7597,0,0
2037,-5364,0,0
2038,13363,0,0
2039,-3400,0,0
2040,-16407,0,0
2041,-13548,0,0
2042,-5890,0,0
2043,-8814,0,0
2044,-13416,0,0
2045,-10459,0,0
2046,2680,0,0
2047,1809,0,0
2048,9850,0,-15000
2049,21998,0,0
2050,-15130,0,0
2051,-8014,0,0
2052,11160,0,0
2053,2690,0,0
2054,6201,0,0
2055,15635,0,0
2056,-21182,0,0
2057,6409,0,0
2058,2337,0,0
2059,337,0,0
2060,-8480,0,0
2061,6468,0,0
2062,19097,0,0
2063,-12023,0,0
2064,-10532,0,0
2065,-4408,0,0
2066,13063,0,0
2067,-4474,0,0
2068,10646,0,0
2069,120,0,0
2070,-22330,0,0
2071,-3828,0,0
2072,6178,0,0
2073,7958,0,0
2074,2903,0,0
2075,14925,0,0
2076,5223,0,0
2077,3885,0,0
2078,14243,0,0
2079,-17807,0,0
2080,-16386,0,0
2081,3756,0,0
2082,22170,0,0
2083,-14142,0,0
2084,5951,0,0
2085,-12338,0,0
2086,13705,0,0
2087,-7517,0,0
2088,6083,0,0
2089,-9808,0,0
2090,-867,0,0
2091,-472,0,0
2092,-12331,0,0
2093,9558,0,0
2094,-14991,0,0
2095,11173,0,0
2096,-10393,0,0
2097,-14016,0,0
2098,-9597,0,0
2099,-9892,0,0
2100,9336,0,0
2101,-17716,0,0
2102,21814,0,0
2103,-21182,0,0
2104,-5827,0,0
2105,-9387,0,0
2106,16849,0,0
2107,-16422,0,0
2108,-12432,0,0
2109,-17135,0,0
2110,-10640,0,0
2111,258,0,0
2112,13326,0,0
2113,-19265,0,0
2114,-2844,0,0
2115,-12950,0,0
2116,14044,0,0
2117,-5052,0,0
2118,-15437,0,0
2119,17542,0,0
2120,-9148,0,0
2121,12526,0,0
2122,3033,0,0
2123,13067,0,0
2124,7812,0,0
2125,515,0,0
2126,-2893,0,0
2127,-17168,0,0
2128,6701,0,0
2129,-15822,0,0
2130,14444,0,0
2131,-5364,0,0
2132,19172,0,0
2133,8329,0,0
2134,12488,0,0
2135,-11431,0,0
2136,8751,0,0
2137,-15631,0,0
2138,-15555,0,0
2139,12325,0,0
2140,19394,0,0
2141,-363,0,0
2142,1395,0,0
2143,-123,0,0
2144,-362,0,0
2145,-8695,0,0
2146,-8131,0,0
2147,4437,0,0
2148,15888,0,0
2149,-12857,0,0
2150,-11913,0,0
2151,-7015,0,0
2152,4761,0,0
2153,-10027,0,0
2154,9473,0,0
2155,16285,0,0
2156,-13299,0,0
2157,-16087,0,0
2158,1516,0,0
2159,7446,0,0
2160,-12179,0,0
2161,-17168,0,0
2162,12913,0,0
2163,2832,0,0
2164,-2010,0,0
2165,-16780,0,0
2166,23161,0,0
2167,-16780,0,0
2168,21334,0,0
2169,4539,0,0
2170,9675,0,0
2171,-5468,0,0
2172,15667,0,0
2173,16383,0,0
2174,-3590,0,0
2175,-16384,0,0
2176,-17579,15000,0
2177,-16384,0,0
2178,-136,0,0
2179,8448,0,0
2180,203,0,0
2181,-3545,0,0
2182,16949,0,0
2183,15333,0,0
2184,7942,0,0
2185,11364,0,0
2186,2169,0,0
2187,14192,0,0
2188,15374,0,0
2189,-5322,0,0
2190,-23106,0,0
2191,8099,0,0
2192,-22638,0,0
2193,-15729,0,0
2194,-3994,0,0
2195,392,0,0
2196,7882,0,0
2197,16908,0,0
2198,-23057,0,0
2199,-18266,0,0
2200,-7881,0,0
2201,6226,0,0
2202,-7794,0,0
2203,5888,0,0
2204,-16760,0,0
2205,-17191,0,0
2206,9530,0,0
2207,3099,0,0
2208,-1843,0,0
2209,-8293,0,0
2210,4074,0,0
2211,13625,0,0
2212,418,0,0
2213,-16252,0,0
2214,19673,0,0
2215,16252,0,0
2216,-8582,0,0
2217,379,0,0
2218,-4005,0,0
2219,20,0,0
2220,6664,0,0
2221,14973,0,0
2222,-552,0,0
2223,-253,0,0
2224,-1719,0,0
2225,-7331,0,0
2226,2858,0,0
2227,-15915,0,0
2228,17750,0,0
2229,-3323,0,0
2230,8961,0,0
2231,-1082,0,0
2232,13705,0,0
2233,-3930,0,0
2234,-16242,0,0
2235,15722,0,0
2236,9836,0,0
2237,-16721,0,0
2238,7852,0,0
2239,-5586,0,0
2240,-12019,0,0
2241,-5060,0,0
2242,7543,0,0
2243,18108,0,0
2244,4520,0,0
2245,-337,0,0
2246,5430,0,0
2247,-5968,0,0
2248,-13412,0,0
2249,18180,0,0
2250,-22606,0,0
2251,-13174,0,0
2252,-13496,0,0
2253,-11075,0,0
2254,665,0,0
2255,-19873,0,0
2256,-7851,0,0
2257,-2827,0,0
2258,-19748,0,0
2259,-20159,0,0
2260,-6179,0,0
2261,-16349,0,0
2262,-14949,0,0
2263,-8701,0,0
2264,10431,0,0
2265,2739,0,0
2266,3876,0,0
2267,-13046,0,0
2268,3014,0,0
2269,-8359,0,0
2270,-13527,0,0
2271,-18300,0,0
2272,20944,0,0
2273,16186,0,0
2274,-20695,0,0
2275,11141,0,0
2276,11710,0,0
2277,-1389,0,0
2278,4018,0,0
2279,-16465,0,0
2280,-732,0,0
2281,-4342,0,0
2282,12467,0,0
2283,13025,0,0
2284,7970,0,0
2285,18213,0,0
2286,17074,0,0
2287,-15184,0,0
2288,15969,0,0
2289,-575,0,0
2290,-15878,0,0
2291,-9943,0,0
2292,13974,0,0
2293,-18814,0,0
2294,760,0,0
2295,0,0,0
2296,8272,0,0
2297,-5721,0,0
2298,-1196,0,0
2299,21250,0,0
2300,-3507,0,0
2301,-8533,0,0
2302,769,0,0
2303,-10195,0,0
2304,15975,0,-15000
2305,568,0,0
2306,8613,0,0
2307,-6409,0,0
2308,-8617,0,0
2309,-8664,0,0
2310,-1639,0,0
2311,19290,0,0
2312,10480,0,0
2313,19777,0,0
2314,-18610,0,0
2315,-9585,0,0
2316,3751,0,0
2317,-10488,0,0
2318,-2446,0,0
2319,-21381,0,0
2320,13717,0,0
2321,6926,0,0
2322,13928,0,0
2323,13434,0,0
2324,5199,0,0
2325,11430,0,0
2326,-6673,0,0
2327,22171,0,0
2328,-2064,0,0
2329,16961,0,0
2330,16225,0,0
2331,2953,0,0
2332,493,0,0
2333,2827,0,0
2334,-2807,0,0
2335,-20433,0,0
2336,-13454,0,0
2337,4965,0,0
2338,-5077,0,0
2339,16687,0,0
2340,-1784,0,0
2341,-7358,0,0
2342,2836,0,0
2343,13064,0,0
2344,-15904,0,0
2345,15806,0,0
2346,-2272,0,0
2347,17909,0,0
2348,-11530,0,0
2349,-9709,0,0
2350,8791,0,0
2351,-2378,0,0
2352,23056,0,0
2353,6256,0,0
2354,-23058,0,0
2355,8620,0,0
2356,12622,0,0
2357,11820,0,0
2358,-2530,0,0
2359,-2511,0,0
2360,-5773,0,0
2361,12125,0,0
2362,-19660,0,0
2363,-16086,0,0
2364,15246,0,0
2365,-17292,0,0
2366,7791,0,0
2367,-11755,0,0
2368,-17341,0,0
2369,10314,0,0
2370,21100,0,0
2371,13413,0,0
2372,-9557,0,0
2373,-19264,0,0
2374,10908,0,0
2375,12871,0,0
2376,16366,0,0
2377,-6700,0,0
2378,13079,0,0
2379,-18943,0,0
2380,3960,0,0
2381,10195,0,0
2382,-6528,0,0
2383,15131,0,0
2384,13253,0,0
2385,-17978,0,0
2386,-207,0,0
2387,5845,0,0
2388,1689,0,0
2389,-13978,0,0
2390,13668,0,0
2391,15250,0,0
2392,11398,0,0
2393,-2367,0,0
2394,314,0,0
2395,-18175,0,0
2396,3752,0,0
2397,-14081,0,0
2398,15709,0,0
2399,2887,0,0
2400,961,0,0
2401,-13005,0,0
2402,-16222,0,0
2403,-4090,0,0
2404,-5175,0,0
2405,2788,0,0
2406,7845,0,0
2407,3503,0,0
2408,-7632,0,0
2409,14712,0,0
2410,14050,0,0
2411,3072,0,0
2412,-7869,0,0
2413,-1659,0,0
2414,3567,0,0
2415,-475,0,0
2416,-6514,0,0
2417,6421,0,0
2418,-9492,0,0
2419,-5586,0,0
2420,-11610,0,0
2421,-5386,0,0
2422,17796,0,0
2423,12870,0,0
2424,2064,0,0
2425,-17341,0,0
2426,-10081,0,0
2427,3157,0,0
2428,4520,0,0
2429,12871,0,0
2430,-4520,0,0
2431,14660,0,0
2432,5466,15000,0
2433,-18007,0,0
2434,21699,0,0
2435,-3861,0,0
2436,-5382,0,0
2437,14687,0,0
2438,12484,0,0
2439,13204,0,0
2440,17122,0,0
2441,-20945,0,0
2442,8803,0,0
2443,-6980,0,0
2444,1489,0,0
2445,-20401,0,0
2446,8522,0,0
2447,-10719,0,0
2448,-5493,0,0
2449,11054,0,0
2450,-1300,0,0
2451,-13276,0,0
2452,-12801,0,0
2453,-7805,0,0
2454,-12180,0,0
2455,-12497,0,0
2456,-1181,0,0
2457,-8801,0,0
2458,357,0,0
2459,6226,0,0
2460,-13851,0,0
2461,2177,0,0
2462,-15102,0,0
2463,-11159,0,0
2464,8524,0,0
2465,13116,0,0
2466,2986,0,0
2467,18494,0,0
2468,8840,0,0
2469,-15372,0,0
2470,3247,0,0
2471,20122,0,0
2472,21616,0,0
2473,21180,0,0
2474,-11540,0,0
2475,-14794,0,0
2476,14095,0,0
2477,-17156,0,0
2478,19960,0,0
2479,-1049,0,0
2480,-44,0,0
2481,-10677,0,0
2482,-20237,0,0
2483,-12694,0,0
2484,9388,0,0
2485,-2933,0,0
2486,547,0,0
2487,-7268,0,0
2488,-12112,0,0
2489,-3036,0,0
2490,10921,0,0
2491,-21995,0,0
2492,7909,0,0
2493,8502,0,0
2494,-6351,0,0
2495,14297,0,0
2496,5901,0,0
2497,5852,0,0
2498,-14781,0,0
2499,19637,0,0
2500,-11911,0,0
2501,16013,0,0
2502,-13691,0,0
2503,8735,0,0
2504,-13766,0,0
2505,-21581,0,0
2506,12426,0,0
2507,-6394,0,0
2508,-11911,0,0
2509,18877,0,0
2510,11911,0,0
2511,18835,0,0
2512,19872,0,0
2513,2053,0,0
2514,-7936,0,0
2515,-16379,0,0
2516,5444,0,0
2517,-14351,0,0
2518,6410,0,0
2519,-700,0,0
2520,10125,0,0
2521,3130,0,0
2522,10475,0,0
2523,-19619,0,0
2524,-16317,0,0
2525,11433,0,0
2526,-15947,0,0
2527,-23057,0,0
2528,-14509,0,0
2529,4557,0,0
2530,4799,0,0
2531,-11814,0,0
2532,8334,0,0
2533,-5864,0,0
2534,8077,0,0
2535,-22101,0,0
2536,-19265,0,0
2537,22723,0,0
2538,14848,0,0
2539,-16673,0,0
2540,-2744,0,0
2541,-22475,0,0
2542,11174,0,0
2543,-12707,0,0
2544,393,0,0
2545,22170,0,0
2546,-5963,0,0
2547,9076,0,0
2548,-12081,0,0
2549,-807,0,0
2550,-7851,0,0
2551,-9389,0,0
2552,13147,0,0
2553,-8244,0,0
2554,-15789,0,0
2555,13809,0,0
2556,12340,0,0
2557,6466,0,0
2558,-9530,0,0
2559,-8897,0,0
2560,-2320,0,-15000
2561,-1745,0,0
2562,-7601,0,0
2563,1862,0,0
2564,6346,0,0
2565,-9805,0,0
2566,19033,0,0
2567,12150,0,0
2568,-7876,0,0
2569,-7317,0,0
2570,-12240,0,0
2571,2740,0,0
2572,-8895,0,0
2573,6842,0,0
2574,14479,0,0
2575,-9784,0,0
2576,-23106,0,0
2577,-3564,0,0
2578,9707,0,0
2579,2911,0,0
2580,-10777,0,0
2581,11056,0,0
2582,-12822,0,0
2583,-5627,0,0
2584,-22828,0,0
2585,-12872,0,0
2586,-5737,0,0
2587,-7963,0,0
2588,5290,0,0
2589,-20159,0,0
2590,5939,0,0
2591,3939,0,0
2592,-9871,0,0
2593,16151,0,0
2594,11007,0,0
2595,20694,0,0
2596,10486,0,0
2597,-12555,0,0
2598,-15488,0,0
2599,-7901,0,0
2600,13876,0,0
2601,5661,0,0
2602,-619,0,0
2603,-14503,0,0
2604,3619,0,0
2605,14819,0,0
2606,-7805,0,0
2607,-11696,0,0
2608,-8024,0,0
2609,-2795,0,0
2610,10004,0,0
2611,7259,0,0
2612,4937,0,0
2613,-4817,0,0
2614,3936,0,0
2615,15790,0,0
2616,-1122,0,0
2617,4201,0,0
2618,-21815,0,0
2619,-13622,0,0
2620,13470,0,0
2621,3609,0,0
2622,-7159,0,0
2623,6756,0,0
2624,14084,0,0
2625,12387,0,0
2626,-7269,0,0
2627,-1849,0,0
2628,5595,0,0
2629,-2982,0,0
2630,5465,0,0
2631,-16363,0,0
2632,16950,0,0
2633,14873,0,0
2634,-2847,0,0
2635,-3995,0,0
2636,21616,0,0
2637,12247,0,0
2638,-6311,0,0
2639,-10035,0,0
2640,-10407,0,0
2641,-6537,0,0
2642,3105,0,0
2643,1212,0,0
2644,-10281,0,0
2645,-3816,0,0
2646,-5933,0,0
2647,-7805,0,0
2648,-18962,0,0
2649,-11167,0,0
2650,-937,0,0
2651,8253,0,0
2652,-10418,0,0
2653,-8647,0,0
2654,3531,0,0
2655,18127,0,0
2656,3998,0,0
2657,16151,0,0
2658,8668,0,0
2659,17789,0,0
2660,-18552,0,0
2661,-19808,0,0
2662,-13067,0,0
2663,-17272,0,0
2664,-15580,0,0
2665,-22475,0,0
2666,-6270,0,0
2667,10880,0,0
2668,-3485,0,0
2669,-10709,0,0
2670,4366,0,0
2671,2962,0,0
2672,3013,0,0
2673,-19866,0,0
2674,-10418,0,0
2675,9419,0,0
2676,6884,0,0
2677,-16220,0,0
2678,2406,0,0
2679,-9488,0,0
2680,-11920,0,0
2681,-13881,0,0
2682,21814,0,0
2683,3419,0,0
2684,7004,0,0
2685,-13240,0,0
2686,-18117,0,0
2687,-6438,0,0
2688,11307,15000,0
2689,-812,0,0
2690,14028,0,0
2691,-5219,0,0
2692,-3617,0,0
2693,-2473,0,0
2694,3673,0,0
2695,7852,0,0
2696,9694,0,0
2697,15490,0,0
2698,-11990,0,0
2699,-331,0,0
2700,-4919,0,0
2701,-704,0,0
2702,-1704,0,0
2703,-16125,0,0
2704,3734,0,0
2705,17388,0,0
2706,-1756,0,0
2707,-6791,0,0
2708,-22475,0,0
2709,12229,0,0
2710,11017,0,0
2711,-4285,0,0
2712,-17903,0,0
2713,-3464,0,0
2714,1917,0,0
2715,15246,0,0
2716,214,0,0
2717,9759,0,0
2718,-7882,0,0
2719,-14726,0,0
2720,5294,0,0
2721,10046,0,0
2722,2270,0,0
2723,-2206,0,0
2724,2044,0,0
2725,11365,0,0
2726,13164,0,0
2727,-15395,0,0
2728,-7532,0,0
2729,18010,0,0
2730,-7102,0,0
2731,-15601,0,0
2732,-7983,0,0
2733,-15162,0,0
2734,19783,0,0
2735,-2985,0,0
2736,-5643,0,0
2737,-6580,0,0
2738,4035,0,0
2739,-5223,0,0
2740,3670,0,0
2741,5150,0,0
2742,-21999,0,0
2743,20694,0,0
2744,-16434,0,0
2745,8867,0,0
2746,14373,0,0
2747,-9334,0,0
2748,12218,0,0
2749,190,0,0
2750,11619,0,0
2751,1423,0,0
2752,19493,0,0
2753,7619,0,0
2754,6639,0,0
2755,730,0,0
2756,-13172,0,0
2757,9586,0,0
2758,19876,0,0
2759,3559,0,0
2760,-14724,0,0
2761,-19617,0,0
2762,-3320,0,0
2763,3083,0,0
2764,-14992,0,0
2765,-7128,0,0
2766,-462,0,0
2767,3961,0,0
2768,3983,0,0
2769,18217,0,0
2770,-16629,0,0
2771,3658,0,0
2772,16852,0,0
2773,22274,0,0
2774,4580,0,0
2775,6794,0,0
2776,-2265,0,0
2777,-19606,0,0
2778,901,0,0
2779,4093,0,0
2780,11329,0,0
2781,-4178,0,0
2782,-13941,0,0
2783,-22289,0,0
2784,13385,0,0
2785,22827,0,0
2786,11488,0,0
2787,-17296,0,0
2788,668,0,0
2789,22723,0,0
2790,-17123,0,0
2791,-3761,0,0
2792,-17505,0,0
2793,-8398,0,0
2794,12153,0,0
2795,16898,0,0
2796,20432,0,0
2797,6716,0,0
2798,3329,0,0
2799,3269,0,0
2800,11420,0,0
2801,22329,0,0
2802,-5567,0,0
2803,20272,0,0
2804,1921,0,0
2805,-4125,0,0
2806,-803,0,0
2807,17927,0,0
2808,-8929,0,0
2809,4304,0,0
2810,13838,0,0
2811,-16813,0,0
2812,11518,0,0
2813,979,0,0
2814,-12630,0,0
2815,6606,0,0
2816,1369,0,-15000
2817,-3857,0,0
2818,6379,0,0
2819,-11288,0,0
2820,-12437,0,0
2821,-13210,0,0
2822,13894,0,0
2823,1092,0,0
2824,10552,0,0
2825,11743,0,0
2826,13221,0,0
2827,-9396,0,0
2828,15157,0,0
2829,-9934,0,0
2830,3757,0,0
2831,4763,0,0
2832,12351,0,0
2833,-10034,0,0
2834,2826,0,0
2835,16172,0,0
2836,23056,0,0
2837,-15083,0,0
2838,-13831,0,0
2839,-17130,0,0
2840,3438,0,0
2841,-12258,0,0
2842,1703,0,0
2843,14307,0,0
2844,23105,0,0
2845,-5895,0,0
2846,21817,0,0
2847,17820,0,0
2848,15280,0,0
2849,3080,0,0
2850,989,0,0
2851,5141,0,0
2852,6405,0,0
2853,-11644,0,0
2854,11215,0,0
2855,761,0,0
2856,3067,0,0
2857,-7635,0,0
2858,-4045,0,0
2859,-4840,0,0
2860,13304,0,0
2861,1859,0,0
2862,-20760,0,0
2863,4797,0,0
2864,5455,0,0
2865,-17253,0,0
2866,1635,0,0
2867,-7217,0,0
2868,-6362,0,0
2869,-640,0,0
2870,21999,0,0
2871,-18025,0,0
2872,21999,0,0
2873,19345,0,0
2874,14411,0,0
2875,14087,0,0
2876,16592,0,0
2877,9388,0,0
2878,8516,0,0
2879,2481,0,0
2880,14019,0,0
2881,-10002,0,0
2882,7178,0,0
2883,-11419,0,0
2884,4480,0,0
2885,18457,0,0
2886,-9964,0,0
2887,-14653,0,0
2888,-2149,0,0
2889,11693,0,0
2890,-14341,0,0
2891,-14769,0,0
2892,-8167,0,0
2893,11810,0,0
2894,13566,0,0
2895,-21181,0,0
2896,21616,0,0
2897,-18884,0,0
2898,-10977,0,0
2899,-21182,0,0
2900,-5142,0,0
2901,-20047,0,0
2902,-8851,0,0
2903,-14830,0,0
2904,-13452,0,0
2905,-9389,0,0
2906,-3447,0,0
2907,-21182,0,0
2908,-15943,0,0
2909,6983,0,0
2910,-4205,0,0
2911,-9906,0,0
2912,7267,0,0
2913,11577,0,0
2914,4452,0,0
2915,-3238,0,0
2916,-5772,0,0
2917,-16447,0,0
2918,9314,0,0
2919,9779,0,0
2920,-11009,0,0
2921,7450,0,0
2922,-4759,0,0
2923,2121,0,0
2924,-19760,0,0
2925,16599,0,0
2926,6516,0,0
2927,-13645,0,0
2928,6725,0,0
2929,18459,0,0
2930,-6832,0,0
2931,-9761,0,0
2932,13961,0,0
2933,-8620,0,0
2934,8338,0,0
2935,8833,0,0
2936,-87,0,0
2937,10460,0,0
2938,2925,0,0
2939,21616,0,0
2940,-5139,0,0
2941,-9933,0,0
2942,-3442,0,0
2943,17024,0,0
2944,9906,15000,0
2945,-15996,0,0
2946,1275,0,0
2947,1806,0,0
2948,1463,0,0
2949,21999,0,0
2950,20694,0,0
2951,850,0,0
2952,-4223,0,0
2953,943,0,0
2954,-6676,0,0
2955,-16146,0,0
2956,14568,0,0
2957,15731,0,0
2958,-4394,0,0
2959,14662,0,0
2960,17317,0,0
2961,7658,0,0
2962,3290,0,0
2963,-9274,0,0
2964,-15104,0,0
2965,-2718,0,0
2966,-15410,0,0
2967,-300,0,0
2968,-3803,0,0
2969,-8517,0,0
2970,16191,0,0
2971,8759,0,0
2972,-6735,0,0
2973,-9601,0,0
2974,-5813,0,0
2975,300,0,0
2976,-14771,0,0
2977,3094,0,0
2978,14466,0,0
2979,2313,0,0
2980,14944,0,0
2981,-19368,0,0
2982,-19791,0,0
2983,-11629,0,0
2984,-16151,0,0
2985,19685,0,0
2986,-8505,0,0
2987,6797,0,0
2988,-11911,0,0
2989,10449,0,0
2990,22474,0,0
2991,7160,0,0
2992,-5076,0,0
2993,19545,0,0
2994,12316,0,0
2995,8006,0,0
2996,-11635,0,0
2997,16216,0,0
2998,-22995,0,0
2999,10946,0,0
3000,11335,0,0
3001,16321,0,0
3002,-428,0,0
3003,15559,0,0
3004,140,0,0
3005,16765,0,0
3006,4860,0,0
3007,8475,0,0
3008,6134,0,0
3009,16779,0,0
3010,18020,0,0
3011,13112,0,0
3012,-1705,0,0
3013,16353,0,0
3014,665,0,0
3015,14661,0,0
3016,12243,0,0
3017,3011,0,0
3018,7756,0,0
3019,-16232,0,0
3020,10347,0,0
3021,5077,0,0
3022,20944,0,0
3023,7301,0,0
3024,-7289,0,0
3025,4019,0,0
3026,17552,0,0
3027,6754,0,0
3028,17515,0,0
3029,-8872,0,0
3030,8461,0,0
3031,11814,0,0
3032,15559,0,0
3033,16310,0,0
3034,18265,0,0
3035,4407,0,0
3036,14736,0,0
3037,10890,0,0
3038,16638,0,0
3039,3499,0,0
3040,-3956,0,0
3041,-13029,0,0
3042,-10656,0,0
3043,4999,0,0
3044,-9459,0,0
3045,-1540,0,0
3046,-11693,0,0
3047,-12151,0,0
3048,8032,0,0
3049,16812,0,0
3050,3400,0,0
3051,-14255,0,0
3052,15119,0,0
3053,-1688,0,0
3054,2833,0,0
3055,-16384,0,0
3056,-5608,0,0
3057,-17167,0,0
3058,-19181,0,0
3059,14254,0,0
3060,-3938,0,0
3061,4624,0,0
3062,-13288,0,0
3063,-4679,0,0
3064,-7268,0,0
3065,12044,0,0
3066,-12528,0,0
3067,-17601,0,0
3068,-9282,0,0
3069,-2947,0,0
3070,-16490,0,0
3071,-10005,0,0
3072,-13802,0,-15000
3073,-23057,0,0
3074,-16334,0,0
3075,-569,0,0
3076,-16398,0,0
3077,-23169,0,0
3078,-12544,0,0
3079,-9199,0,0
3080,-18266,0,0
3081,-22829,0,0
3082,-17672,0,0
3083,-16230,0,0
3084,-4366,0,0
3085,-14245,0,0
3086,-7015,0,0
3087,10774,0,0
3088,-7564,0,0
3089,-21182,0,0
3090,-7234,0,0
3091,-15509,0,0
3092,9910,0,0
3093,8167,0,0
3094,-22475,0,0
3095,-6171,0,0
3096,-22147,0,0
3097,-3592,0,0
3098,-3400,0,0
3099,-18609,0,0
3100,3837,0,0
3101,-8023,0,0
3102,22387,0,0
3103,-18216,0,0
3104,-2272,0,0
3105,-16474,0,0
3106,-15808,0,0
3107,-12394,0,0
3108,-2711,0,0
3109,-17242,0,0
3110,6351,0,0
3111,15612,0,0
3112,-6366,0,0
3113,-16270,0,0
3114,-2633,0,0
3115,-16780,0,0
3116,10990,0,0
3117,-2831,0,0
3118,8526,0,0
3119,-16120,0,0
3120,-2056,0,0
3121,-15560,0,0
3122,-6680,0,0
3123,-16093,0,0
3124,-20598,0,0
3125,-4583,0,0
3126,2470,0,0
3127,13568,0,0
3128,-10006,0,0
3129,9859,0,0
3130,16698,0,0
3131,13706,0,0
3132,8424,0,0
3133,5583,0,0
3134,5629,0,0
3135,15710,0,0
3136,21998,0,0
3137,-15838,0,0
3138,-5490,0,0
3139,3996,0,0
3140,11148,0,0
3141,6478,0,0
3142,12922,0,0
3143,-5077,0,0
3144,178,0,0
3145,19488,0,0
3146,13989,0,0
3147,5814,0,0
3148,-9373,0,0
3149,559,0,0
3150,16491,0,0
3151,19273,0,0
3152,16779,0,0
3153,-4665,0,0
3154,12730,0,0
3155,16846,0,0
3156,-11341,0,0
3157,19453,0,0
3158,18609,0,0
3159,-12606,0,0
3160,18942,0,0
3161,11635,0,0
3162,-12396,0,0
3163,-18019,0,0
3164,10704,0,0
3165,10135,0,0
3166,-1545,0,0
3167,9977,0,0
3168,2535,0,0
3169,10471,0,0
3170,13017,0,0
3171,-3654,0,0
3172,13788,0,0
3173,14278,0,0
3174,4580,0,0
3175,-12320,0,0
3176,7805,0,0
3177,20628,0,0
3178,16063,0,0
3179,15902,0,0
3180,-12224,0,0
3181,4414,0,0
3182,-17324,0,0
3183,-14178,0,0
3184,-1173,0,0
3185,18942,0,0
3186,10411,0,0
3187,3760,0,0
3188,815,0,0
3189,17909,0,0
3190,22234,0,0
3191,2794,0,0
3192,-3148,0,0
3193,15193,0,0
3194,-9383,0,0
3195,17347,0,0
3196,-489,0,0
3197,12432,0,0
3198,-22909,0,0
3199,14739,0,0
3200,11251,15000,0
3201,9143,0,0
3202,-12311,0,0
3203,15198,0,0
3204,10506,0,0
3205,-7894,0,0
3206,4373,0,0
3207,-12615,0,0
3208,23161,0,0
3209,-11970,0,0
3210,7014,0,0
3211,14051,0,0
3212,-1704,0,0
3213,-6955,0,0
3214,1504,0,0
3215,-16030,0,0
3216,12767,0,0
3217,-13699,0,0
3218,-9376,0,0
3219,-6599,0,0
3220,-5074,0,0
3221,-18668,0,0
3222,-11029,0,0
3223,1650,0,0
3224,-566,0,0
3225,-4201,0,0
3226,-11191,0,0
3227,-10092,0,0
3228,2900,0,0
3229,-17245,0,0
3230,-13274,0,0
3231,6623,0,0
3232,9975,0,0
3233,-5949,0,0
3234,3835,0,0
3235,6607,0,0
3236,11419,0,0
3237,8338,0,0
3238,-2576,0,0
3239,9552,0,0
3240,-8236,0,0
3241,15952,0,0
3242,-8973,0,0
3243,-4801,0,0
3244,-19427,0,0
3245,-10273,0,0
3246,-1791,0,0
3247,-21999,0,0
3248,-10922,0,0
3249,-17268,0,0
3250,-9867,0,0
3251,-15162,0,0
3252,9959,0,0
3253,9436,0,0
3254,-15364,0,0
3255,-22918,0,0
3256,-14255,0,0
3257,-22995,0,0
3258,-16794,0,0
3259,-12395,0,0
3260,-14914,0,0
3261,-939,0,0
3262,2036,0,0
3263,-6774,0,0
3264,-11104,0,0
3265,-6529,0,0
3266,3236,0,0
3267,-17146,0,0
3268,17166,0,0
3269,-15170,0,0
3270,7716,0,0
3271,-7090,0,0
3272,-7301,0,0
3273,-11654,0,0
3274,-16384,0,0
3275,-4836,0,0
3276,-16780,0,0
3277,-2024,0,0
3278,17167,0,0
3279,-19670,0,0
3280,-15550,0,0
3281,1383,0,0
3282,-3863,0,0
3283,3399,0,0
3284,13340,0,0
3285,-5870,0,0
3286,-11911,0,0
3287,-3375,0,0
3288,-13188,0,0
3289,-3288,0,0
3290,-18126,0,0
3291,-7982,0,0
3292,-15066,0,0
3293,-20768,0,0
3294,-16936,0,0
3295,-8410,0,0
3296,-6437,0,0
3297,6344,0,0
3298,4643,0,0
3299,-20573,0,0
3300,-7812,0,0
3301,-20695,0,0
3302,12815,0,0
3303,-19893,0,0
3304,-11085,0,0
3305,-4748,0,0
3306,-4786,0,0
3307,-5867,0,0
3308,-20506,0,0
3309,-17778,0,0
3310,-2837,0,0
3311,-18265,0,0
3312,-15210,0,0
3313,4912,0,0
3314,2562,0,0
3315,15133,0,0
3316,-15537,0,0
3317,3804,0,0
3318,-23169,0,0
3319,-8742,0,0
3320,-5109,0,0
3321,5054,0,0
3322,-12667,0,0
3323,5963,0,0
3324,-12155,0,0
3325,19573,0,0
3326,-15110,0,0
3327,-10922,0,0
3328,9387,0,-15000
3329,-1310,0,0
3330,-14496,0,0
3331,12192,0,0
3332,4792,0,0
3333,2055,0,0
3334,16714,0,0
3335,-6398,0,0
3336,-6401,0,0
3337,22190,0,0
3338,-4387,0,0
3339,2239,0,0
3340,13340,0,0
3341,20530,0,0
3342,15907,0,0
3343,12472,0,0
3344,-15389,0,0
3345,2419,0,0
3346,9505,0,0
3347,15466,0,0
3348,7318,0,0
3349,18796,0,0
3350,-17544,0,0
3351,17547,0,0
3352,16560,0,0
3353,3400,0,0
3354,18451,0,0
3355,13512,0,0
3356,-11912,0,0
3357,-1832,0,0
3358,18105,0,0
3359,3538,0,0
3360,1945,0,0
3361,1671,0,0
3362,16354,0,0
3363,5192,0,0
3364,4747,0,0
3365,20694,0,0
3366,14633,0,0
3367,-10537,0,0
3368,5980,0,0
3369,10182,0,0
3370,4705,0,0
3371,6538,0,0
3372,15661,0,0
3373,16417,0,0
3374,12067,0,0
3375,-5203,0,0
3376,20526,0,0
3377,15875,0,0
3378,5575,0,0
3379,6463,0,0
3380,7903,0,0
3381,-3821,0,0
3382,23161,0,0
3383,7354,0,0
3384,7970,0,0
3385,16383,0,0
3386,12523,0,0
3387,16636,0,0
3388,23161,0,0
3389,15975,0,0
3390,-1138,0,0
3391,16930,0,0
3392,13466,0,0
3393,17909,0,0
3394,5628,0,0
3395,17675,0,0
3396,11357,0,0
3397,13801,0,0
3398,13738,0,0
3399,3212,0,0
3400,22827,0,0
3401,18942,0,0
3402,-3961,0,0
3403,4515,0,0
3404,9400,0,0
3405,12395,0,0
3406,7904,0,0
3407,2678,0,0
3408,8785,0,0
3409,-1289,0,0
3410,7731,0,0
3411,10921,0,0
3412,21999,0,0
3413,14066,0,0
3414,1394,0,0
3415,11790,0,0
3416,14543,0,0
3417,10927,0,0
3418,-7634,0,0
3419,-21217,0,0
3420,13999,0,0
3421,15609,0,0
3422,-9404,0,0
3423,7444,0,0
3424,-8967,0,0
3425,7805,0,0
3426,-9906,0,0
3427,7268,0,0
3428,2794,0,0
3429,21998,0,0
3430,-13380,0,0
3431,8329,0,0
3432,-1712,0,0
3433,-12293,0,0
3434,-7848,0,0
3435,17494,0,0
3436,20944,0,0
3437,2353,0,0
3438,3287,0,0
3439,-20387,0,0
3440,-12193,0,0
3441,1629,0,0
3442,4436,0,0
3443,21616,0,0
3444,-9389,0,0
3445,8866,0,0
3446,-12292,0,0
3447,11674,0,0
3448,-10974,0,0
3449,2842,0,0
3450,-16514,0,0
3451,-2392,0,0
3452,-16260,0,0
3453,-291,0,0
3454,-6727,0,0
3455,-4608,0,0
3456,3072,15000,0
3457,-2509,0,0
3458,-10152,0,0
3459,-18297,0,0
3460,-2408,0,0
3461,-16771,0,0
3462,-9337,0,0
3463,-11710,0,0
3464,-9646,0,0
3465,15352,0,0
3466,-12940,0,0
3467,9225,0,0
3468,-7268,0,0
3469,-18174,0,0
3470,-13766,0,0
3471,12030,0,0
3472,-5332,0,0
3473,-19855,0,0
3474,-1189,0,0
3475,10689,0,0
3476,-7268,0,0
3477,445,0,0
3478,-12613,0,0
3479,748,0,0
3480,-7268,0,0
3481,-18910,0,0
3482,-7268,0,0
3483,-9059,0,0
3484,-9114,0,0
3485,-15022,0,0
3486,-6492,0,0
3487,-9756,0,0
3488,-8225,0,0
3489,-18617,0,0
3490,-9656,0,0
3491,-12159,0,0
3492,-21217,0,0
3493,-17638,0,0
3494,-4631,0,0
3495,1276,0,0
3496,-10659,0,0
3497,-8751,0,0
3498,-18719,0,0
3499,-20791,0,0
3500,-14179,0,0
3501,-21182,0,0
3502,-21815,0,0
3503,-17656,0,0
3504,-10897,0,0
3505,4421,0,0
3506,-15564,0,0
3507,9914,0,0
3508,2278,0,0
3509,-16249,0,0
3510,14564,0,0
3511,7483,0,0
3512,4529,0,0
3513,-12956,0,0
3514,-22330,0,0
3515,7787,0,0
3516,-18703,0,0
3517,-15685,0,0
3518,-15435,0,0
3519,-18306,0,0
3520,-20530,0,0
3521,15944,0,0
3522,-21698,0,0
3523,-8774,0,0
3524,-22606,0,0
3525,16176,0,0
3526,-20443,0,0
3527,20158,0,0
3528,-791,0,0
3529,10921,0,0
3530,-13108,0,0
3531,-3018,0,0
3532,-18527,0,0
3533,-13672,0,0
3534,-1627,0,0
3535,-9193,0,0
3536,-12429,0,0
3537,9599,0,0
3538,-9389,0,0
3539,4058,0,0
3540,10875,0,0
3541,-4845,0,0
3542,5948,0,0
3543,-22000,0,0
3544,7298,0,0
3545,-3198,0,0
3546,-20433,0,0
3547,-18098,0,0
3548,747,0,0
3549,-5630,0,0
3550,-16944,0,0
3551,-22606,0,0
3552,-16599,0,0
3553,-22200,0,0
3554,-13067,0,0
3555,-5212,0,0
3556,-10517,0,0
3557,13804,0,0
3558,3466,0,0
3559,22474,0,0
3560,-1300,0,0
3561,-17408,0,0
3562,15849,0,0
3563,-7535,0,0
3564,-18751,0,0
3565,9863,0,0
3566,-20434,0,0
3567,-22172,0,0
3568,-19935,0,0
3569,-1311,0,0
3570,-20433,0,0
3571,-6726,0,0
3572,-14529,0,0
3573,-6726,0,0
3574,10921,0,0
3575,-20149,0,0
3576,-3350,0,0
3577,-13567,0,0
3578,-9560,0,0
3579,-13684,0,0
3580,327,0,0
3581,1706,0,0
3582,-9255,0,0
3583,-11329,0,0
3584,-21406,0,-15000
3585,-20424,0,0
3586,4427,0,0
3587,-4929,0,0
3588,-8460,0,0
3589,-224,0,0
3590,-17937,0,0
3591,-4367,0,0
3592,-3474,0,0
3593,-11196,0,0
3594,8236,0,0
3595,-8867,0,0
3596,8866,0,0
3597,-18625,0,0
3598,-4204,0,0
3599,-6766,0,0
3600,6997,0,0
3601,-5846,0,0
3602,4872,0,0
3603,2652,0,0
3604,9906,0,0
3605,-7268,0,0
3606,-8938,0,0
3607,1653,0,0
3608,-20434,0,0
3609,-6726,0,0
3610,-9685,0,0
3611,-8970,0,0
3612,-8044,0,0
3613,-173,0,0
3614,11282,0,0
3615,5615,0,0
3616,10921,0,0
3617,1701,0,0
3618,7323,0,0
3619,7824,0,0
3620,1180,0,0
3621,16959,0,0
3622,12395,0,0
3623,9026,0,0
3624,-7563,0,0
3625,-21179,0,0
3626,13341,0,0
3627,-127,0,0
3628,-11474,0,0
3629,-3400,0,0
3630,-14029,0,0
3631,10045,0,0
3632,-573,0,0
3633,-7503,0,0
3634,13278,0,0
3635,-4520,0,0
3636,-5507,0,0
3637,-9780,0,0
3638,7270,0,0
3639,-16289,0,0
3640,4811,0,0
3641,13082,0,0
3642,13928,0,0
3643,16929,0,0
3644,-3401,0,0
3645,-22330,0,0
3646,10921,0,0
3647,22170,0,0
3648,-9219,0,0
3649,11271,0,0
3650,13448,0,0
3651,11909,0,0
3652,12373,0,0
3653,-8339,0,0
3654,21043,0,0
3655,6788,0,0
3656,8054,0,0
3657,8998,0,0
3658,9593,0,0
3659,-17428,0,0
3660,-116,0,0
3661,-8867,0,0
3662,2436,0,0
3663,17773,0,0
3664,8337,0,0
3665,16559,0,0
3666,8338,0,0
3667,-9389,0,0
3668,9830,0,0
3669,-11967,0,0
3670,17616,0,0
3671,7702,0,0
3672,2381,0,0
3673,-2447,0,0
3674,19549,0,0
3675,20694,0,0
3676,7267,0,0
3677,20694,0,0
3678,6725,0,0
3679,-15348,0,0
3680,7267,0,0
3681,17541,0,0
3682,2089,0,0
3683,-5787,0,0
3684,17819,0,0
3685,21180,0,0
3686,6081,0,0
3687,1968,0,0
3688,16313,0,0
3689,-7468,0,0
3690,20257,0,0
3691,21181,0,0
3692,-10305,0,0
3693,124,0,0
3694,12355,0,0
3695,-2104,0,0
3696,-7516,0,0
3697,13666,0,0
3698,21999,0,0
3699,13138,0,0
3700,5296,0,0
3701,7995,0,0
3702,14729,0,0
3703,14431,0,0
3704,6532,0,0
3705,-9303,0,0
3706,18355,0,0
3707,15328,0,0
3708,15105,0,0
3709,-4787,0,0
3710,-152,0,0
3711,3807,0,0
3712,20194,15000,0
3713,11671,0,0
3714,18782,0,0
3715,11201,0,0
3716,20227,0,0
3717,21814,0,0
3718,13498,0,0
3719,11937,0,0
3720,5429,0,0
3721,22171,0,0
3722,20433,0,0
3723,-4645,0,0
3724,16289,0,0
3725,13936,0,0
3726,16738,0,0
3727,3061,0,0
3728,-19529,0,0
3729,10549,0,0
3730,7191,0,0
3731,3652,0,0
3732,-14350,0,0
3733,22170,0,0
3734,5265,0,0
3735,13851,0,0
3736,2789,0,0
3737,7809,0,0
3738,5393,0,0
3739,5629,0,0
3740,6837,0,0
3741,9994,0,0
3742,-12396,0,0
3743,20999,0,0
3744,-14932,0,0
3745,12961,0,0
3746,19574,0,0
3747,7767,0,0
3748,1743,0,0
3749,17994,0,0
3750,-8577,0,0
3751,13698,0,0
3752,15142,0,0
3753,5125,0,0
3754,-14698,0,0
3755,-5038,0,0
3756,8676,0,0
3757,-1326,0,0
3758,17166,0,0
3759,-5357,0,0
3760,16382,0,0
3761,6643,0,0
3762,-11228,0,0
3763,23161,0,0
3764,-7229,0,0
3765,2525,0,0
3766,16283,0,0
3767,-18020,0,0
3768,15737,0,0
3769,-19765,0,0
3770,-18609,0,0
3771,-890,0,0
3772,-2553,0,0
3773,-22606,0,0
3774,-19873,0,0
3775,-13571,0,0
3776,-10706,0,0
3777,5880,0,0
3778,9906,0,0
3779,1717,0,0
3780,4061,0,0
3781,-1517,0,0
3782,8337,0,0
3783,-12974,0,0
3784,13004,0,0
3785,-12460,0,0
3786,-21815,0,0
3787,3925,0,0
3788,-6644,0,0
3789,9656,0,0
3790,5607,0,0
3791,-9907,0,0
3792,-13463,0,0
3793,16997,0,0
3794,-11967,0,0
3795,-10417,0,0
3796,9778,0,0
3797,-13784,0,0
3798,-2638,0,0
3799,-19555,0,0
3800,15467,0,0
3801,-19113,0,0
3802,-19569,0,0
3803,-17849,0,0
3804,-22052,0,0
3805,-15961,0,0
3806,-661,0,0
3807,-15739,0,0
3808,-16765,0,0
3809,17677,0,0
3810,1247,0,0
3811,-8881,0,0
3812,-11292,0,0
3813,-15134,0,0
3814,-12493,0,0
3815,-17168,0,0
3816,1136,0,0
3817,-8472,0,0
3818,-14846,0,0
3819,-16298,0,0
3820,273,0,0
3821,2102,0,0
3822,633,0,0
3823,-15778,0,0
3824,-8731,0,0
3825,-15908,0,0
3826,-8222,0,0
3827,-14698,0,0
3828,2994,0,0
3829,17909,0,0
3830,-22313,0,0
3831,3942,0,0
3832,-7876,0,0
3833,-14255,0,0
3834,14584,0,0
3835,1018,0,0
3836,-22995,0,0
3837,-18265,0,0
3838,-18033,0,0
3839,-4263,0,0
3840,-2837,0,-15000
3841,17214,0,0
3842,-22304,0,0
3843,-14255,0,0
3844,-20058,0,0
3845,-10521,0,0
3846,6293,0,0
3847,-5682,0,0
3848,-404,0,0
3849,-6179,0,0
3850,3419,0,0
3851,-18719,0,0
3852,9129,0,0
3853,7345,0,0
3854,-20196,0,0
3855,-18943,0,0
3856,-19392,0,0
3857,-6958,0,0
3858,-22097,0,0
3859,-10051,0,0
3860,5108,0,0
3861,-9791,0,0
3862,-14447,0,0
3863,-19575,0,0
3864,-14243,0,0
3865,8216,0,0
3866,-22475,0,0
3867,-12705,0,0
3868,8848,0,0
3869,-19875,0,0
3870,-12224,0,0
3871,-20159,0,0
3872,-10194,0,0
3873,-19916,0,0
3874,-21245,0,0
3875,6040,0,0
3876,8356,0,0
3877,-18831,0,0
3878,-8843,0,0
3879,1373,0,0
3880,-18576,0,0
3881,-12494,0,0
3882,-13454,0,0
3883,-15993,0,0
3884,-12151,0,0
3885,-19873,0,0
3886,-9182,0,0
3887,-19361,0,0
3888,-22606,0,0
3889,-12558,0,0
3890,-19031,0,0
3891,-10123,0,0
3892,-17693,0,0
3893,-16728,0,0
3894,-22724,0,0
3895,15236,0,0
3896,-4521,0,0
3897,-4153,0,0
3898,-12284,0,0
3899,-16835,0,0
3900,-5073,0,0
3901,16076,0,0
3902,-5630,0,0
3903,158,0,0
3904,-12767,0,0
3905,-18071,0,0
3906,-12291,0,0
3907,-16521,0,0
3908,-2806,0,0
3909,-3000,0,0
3910,-22000,0,0
3911,-11376,0,0
3912,8982,0,0
3913,-5541,0,0
3914,-15204,0,0
3915,9765,0,0
3916,-13347,0,0
3917,-17877,0,0
3918,1540,0,0
3919,-6938,0,0
3920,-10423,0,0
3921,-19604,0,0
3922,-7996,0,0
3923,-17055,0,0
3924,-111,0,0
3925,-13449,0,0
3926,-21182,0,0
3927,10115,0,0
3928,-2216,0,0
3929,-4224,0,0
3930,-12837,0,0
3931,-16134,0,0
3932,-8461,0,0
3933,-2790,0,0
3934,-11271,0,0
3935,-12721,0,0
3936,-12230,0,0
3937,-2323,0,0
3938,-18609,0,0
3939,-8232,0,0
3940,-16431,0,0
3941,3591,0,0
3942,-15956,0,0
3943,-21153,0,0
3944,4349,0,0
3945,1382,0,0
3946,-16383,0,0
3947,-2732,0,0
3948,-12069,0,0
3949,-4283,0,0
3950,-74,0,0
3951,-5418,0,0
3952,11736,0,0
3953,-1071,0,0
3954,1224,0,0
3955,-6135,0,0
3956,-19873,0,0
3957,-12197,0,0
3958,-9881,0,0
3959,16787,0,0
3960,-6029,0,0
3961,-8338,0,0
3962,-11397,0,0
3963,-4343,0,0
3964,6285,0,0
3965,-10472,0,0
3966,5890,0,0
3967,-528,0,0
3968,-20538,15000,0
3969,-15418,0,0
3970,-21965,0,0
3971,-13341,0,0
3972,-1968,0,0
3973,-10181,0,0
3974,6888,0,0
3975,-17099,0,0
3976,-3112,0,0
3977,-15595,0,0
3978,-17141,0,0
3979,-16725,0,0
3980,-1096,0,0
3981,-16474,0,0
3982,10322,0,0
3983,-17168,0,0
3984,-20967,0,0
3985,-16654,0,0
3986,-8681,0,0
3987,1480,0,0
3988,-13647,0,0
3989,-16801,0,0
3990,-15795,0,0
3991,-16606,0,0
3992,-45,0,0
3993,10593,0,0
3994,-13216,0,0
3995,-18284,0,0
3996,-21617,0,0
3997,-7540,0,0
3998,-8981,0,0
3999,-9584,0,0
4000,-8785,0,0
4001,16695,0,0
4002,-16776,0,0
4003,-17831,0,0
4004,-14944,0,0
4005,-17412,0,0
4006,-12396,0,0
4007,-12744,0,0
4008,-7967,0,0
4009,-9331,0,0
4010,-13063,0,0
4011,-7895,0,0
4012,-17910,0,0
4013,-14462,0,0
4014,-16788,0,0
4015,-9535,0,0
4016,-15684,0,0
4017,5848,0,0
4018,-15134,0,0
4019,-731,0,0
4020,-12234,0,0
4021,-11110,0,0
4022,-14015,0,0
4023,-7924,0,0
4024,-19229,0,0
4025,-13807,0,0
4026,-2857,0,0
4027,-21815,0,0
4028,3674,0,0
4029,11479,0,0
4030,-22000,0,0
4031,-11294,0,0
4032,137,0,0
4033,16421,0,0
4034,-13468,0,0
4035,-17633,0,0
4036,-3401,0,0
4037,-16015,0,0
4038,-22906,0,0
4039,-12817,0,0
4040,-11341,0,0
4041,-16756,0,0
4042,-5643,0,0
4043,-16424,0,0
4044,12328,0,0
4045,-2107,0,0
4046,-18192,0,0
4047,-17395,0,0
4048,-14035,0,0
4049,-16466,0,0
4050,-22919,0,0
4051,-18943,0,0
4052,-175,0,0
4053,5487,0,0
4054,5076,0,0
4055,-14957,0,0
4056,-18779,0,0
4057,-4755,0,0
4058,-3227,0,0
4059,-10973,0,0
4060,-21406,0,0
4061,-7806,0,0
4062,-20695,0,0
4063,18581,0,0
4064,-10325,0,0
4065,-8968,0,0
4066,7260,0,0
4067,1121,0,0
4068,5195,0,0
4069,-16258,0,0
4070,-3696,0,0
4071,-10057,0,0
4072,-4716,0,0
4073,-8730,0,0
4074,-16887,0,0
4075,1931,0,0
4076,-15718,0,0
4077,6179,0,0
4078,-11693,0,0
4079,-11212,0,0
4080,-14969,0,0
4081,-8055,0,0
4082,-7269,0,0
4083,-18988,0,0
4084,-10915,0,0
4085,-15943,0,0
4086,-7070,0,0
4087,16913,0,0
4088,-2837,0,0
4089,-1680,0,0
4090,-12366,0,0
4091,-10927,0,0
4092,1203,0,0
4093,196,0,0
4094,-15985,0,0
4095,-14255,0,0
4096,-4922,0,-15000
4097,7932,0,0
4098,-15338,0,0
4099,-8360,0,0
4100,-8191,0,0
4101,8399,0,0
4102,438,0,0
4103,-4379,0,0
4104,-14996,0,0
4105,1959,0,0
4106,-16569,0,0
4107,-1958,0,0
4108,16038,0,0
4109,-11526,0,0
4110,-19676,0,0
4111,3499,0,0
4112,-19265,0,0
4113,-3962,0,0
4114,-14803,0,0
4115,-2837,0,0
4116,-16249,0,0
4117,-23106,0,0
4118,-11854,0,0
4119,-15439,0,0
4120,-571,0,0
4121,18770,0,0
4122,10037,0,0
4123,-19564,0,0
4124,-5067,0,0
4125,-16754,0,0
4126,16383,0,0
4127,-4898,0,0
4128,7567,0,0
4129,568,0,0
4130,-4843,0,0
4131,-10280,0,0
4132,-14698,0,0
4133,-4064,0,0
4134,-14255,0,0
4135,-13524,0,0
4136,-8440,0,0
4137,11362,0,0
4138,5847,0,0
4139,12643,0,0
4140,7276,0,0
4141,1974,0,0
4142,16306,0,0
4143,6725,0,0
4144,2457,0,0
4145,8337,0,0
4146,9009,0,0
4147,9906,0,0
4148,19847,0,0
4149,2943,0,0
4150,22605,0,0
4151,12871,0,0
4152,14208,0,0
4153,-10196,0,0
4154,-2837,0,0
4155,-14911,0,0
4156,4385,0,0
4157,-57,0,0
4158,-1137,0,0
4159,-7256,0,0
4160,9888,0,0
4161,2473,0,0
4162,-569,0,0
4163,16649,0,0
4164,-10033,0,0
4165,-9272,0,0
4166,539,0,0
4167,5994,0,0
4168,568,0,0
4169,-1444,0,0
4170,-4958,0,0
4171,2974,0,0
4172,-8556,0,0
4173,-9314,0,0
4174,5880,0,0
4175,-14051,0,0
4176,-22829,0,0
4177,-13531,0,0
4178,7815,0,0
4179,14907,0,0
4180,-13499,0,0
4181,-3694,0,0
4182,5341,0,0
4183,-10737,0,0
4184,-21214,0,0
4185,12982,0,0
4186,9906,0,0
4187,-5341,0,0
4188,9900,0,0
4189,14829,0,0
4190,12395,0,0
4191,7871,0,0
4192,9296,0,0
4193,-11796,0,0
4194,-3937,0,0
4195,13385,0,0
4196,-5216,0,0
4197,-11700,0,0
4198,-3332,0,0
4199,-4283,0,0
4200,-13550,0,0
4201,-10965,0,0
4202,-13667,0,0
4203,-3036,0,0
4204,-2283,0,0
4205,12902,0,0
4206,-3164,0,0
4207,23161,0,0
4208,-15977,0,0
4209,2786,0,0
4210,3123,0,0
4211,-10771,0,0
4212,-16144,0,0
4213,13111,0,0
4214,-5521,0,0
4215,-21540,0,0
4216,-14255,0,0
4217,5609,0,0
4218,18601,0,0
4219,-6610,0,0
4220,4203,0,0
4221,-2263,0,0
4222,-6318,0,0
4223,-10362,0,0
4224,-11912,15000,0
4225,-8071,0,0
4226,20158,0,0
4227,-9575,0,0
4228,-569,0,0
4229,15042,0,0
4230,-10969,0,0
4231,649,0,0
4232,-19155,0,0
4233,3853,0,0
4234,-14057,0,0
4235,-5359,0,0
4236,-13194,0,0
4237,8824,0,0
4238,9919,0,0
4239,6403,0,0
4240,7149,0,0
4241,-21549,0,0
4242,-15081,0,0
4243,11381,0,0
4244,-12871,0,0
4245,-21406,0,0
4246,-13783,0,0
4247,4128,0,0
4248,-7478,0,0
4249,7172,0,0
4250,-9099,0,0
4251,17895,0,0
4252,16229,0,0
4253,9712,0,0
4254,-17218,0,0
4255,14112,0,0
4256,-22150,0,0
4257,5111,0,0
4258,2575,0,0
4259,-17167,0,0
4260,-6354,0,0
4261,-16384,0,0
4262,-12945,0,0
4263,-15560,0,0
4264,-9192,0,0
4265,7974,0,0
4266,-7734,0,0
4267,-1576,0,0
4268,-19733,0,0
4269,-14531,0,0
4270,3960,0,0
4271,7931,0,0
4272,-10825,0,0
4273,19097,0,0
4274,15548,0,0
4275,-14879,0,0
4276,-20449,0,0
4277,780,0,0
4278,-6213,0,0
4279,2331,0,0
4280,4124,0,0
4281,21182,0,0
4282,-10808,0,0
4283,-2357,0,0
4284,4164,0,0
4285,-4521,0,0
4286,-13733,0,0
4287,-5538,0,0
4288,-15265,0,0
4289,-16184,0,0
4290,-10340,0,0
4291,-2184,0,0
4292,3285,0,0
4293,-1138,0,0
4294,14697,0,0
4295,-3227,0,0
4296,15976,0,0
4297,-13365,0,0
4298,5059,0,0
4299,-17968,0,0
4300,-11111,0,0
4301,-12492,0,0
4302,11985,0,0
4303,-5407,0,0
4304,-2463,0,0
4305,18756,0,0
4306,-9286,0,0
4307,1293,0,0
4308,17658,0,0
4309,-4350,0,0
4310,-15405,0,0
4311,5873,0,0
4312,4151,0,0
4313,-7752,0,0
4314,-3128,0,0
4315,2836,0,0
4316,-2954,0,0
4317,10081,0,0
4318,-13342,0,0
4319,22503,0,0
4320,3895,0,0
4321,-3195,0,0
4322,-12872,0,0
4323,5453,0,0
4324,-15264,0,0
4325,-19856,0,0
4326,3864,0,0
4327,-22330,0,0
4328,1564,0,0
4329,11083,0,0
4330,-1422,0,0
4331,5158,0,0
4332,-8339,0,0
4333,-17223,0,0
4334,10875,0,0
4335,15452,0,0
4336,-12834,0,0
4337,-4137,0,0
4338,-22171,0,0
4339,-15299,0,0
4340,-11607,0,0
4341,-6522,0,0
4342,-6726,0,0
4343,-14634,0,0
4344,-17483,0,0
4345,-4321,0,0
4346,-14658,0,0
4347,11419,0,0
4348,20434,0,0
4349,-20159,0,0
4350,-5630,0,0
4351,-4432,0,0
4352,-3841,0,-15000
4353,6005,0,0
4354,-3692,0,0
4355,4802,0,0
4356,-432,0,0
4357,7305,0,0
4358,-9207,0,0
4359,-122,0,0
4360,1039,0,0
4361,-19873,0,0
4362,-7518,0,0
4363,5411,0,0
4364,8304,0,0
4365,-9796,0,0
4366,-8315,0,0
4367,-15305,0,0
4368,-5424,0,0
4369,12395,0,0
4370,3105,0,0
4371,2657,0,0
4372,2296,0,0
4373,-13412,0,0
4374,2087,0,0
4375,-18943,0,0
4376,-21798,0,0
4377,-14875,0,0
4378,-2837,0,0
4379,14347,0,0
4380,-22995,0,0
4381,-4512,0,0
4382,-22995,0,0
4383,-2781,0,0
4384,-6168,0,0
4385,-16856,0,0
4386,-5262,0,0
4387,-12207,0,0
4388,-5077,0,0
4389,14187,0,0
4390,-2698,0,0
4391,-20098,0,0
4392,8498,0,0
4393,-14644,0,0
4394,-14843,0,0
4395,-4870,0,0
4396,-21075,0,0
4397,-21182,0,0
4398,-16570,0,0
4399,-21181,0,0
4400,-16852,0,0
4401,-13847,0,0
4402,-4892,0,0
4403,11932,0,0
4404,-21815,0,0
4405,-12435,0,0
4406,-16112,0,0
4407,-20945,0,0
4408,-15769,0,0
4409,-5649,0,0
4410,19086,0,0
4411,-11987,0,0
4412,-21022,0,0
4413,-21182,0,0
4414,-11056,0,0
4415,5029,0,0
4416,-21405,0,0
4417,-18240,0,0
4418,-8867,0,0
4419,15251,0,0
4420,1044,0,0
4421,14654,0,0
4422,-16340,0,0
4423,-21815,0,0
4424,-20945,0,0
4425,2758,0,0
4426,-12746,0,0
4427,-7848,0,0
4428,-19465,0,0
4429,10411,0,0
4430,-5515,0,0
4431,-18420,0,0
4432,-14856,0,0
4433,-21587,0,0
4434,-921,0,0
4435,-5018,0,0
4436,-15454,0,0
4437,-660,0,0
4438,11910,0,0
4439,-7075,0,0
4440,11631,0,0
4441,-10408,0,0
4442,-13561,0,0
4443,-4139,0,0
4444,-18943,0,0
4445,-16362,0,0
4446,-10732,0,0
4447,-5563,0,0
4448,-15846,0,0
4449,-9647,0,0
4450,1234,0,0
4451,-4151,0,0
4452,-10184,0,0
4453,-17795,0,0
4454,6948,0,0
4455,-569,0,0
4456,10865,0,0
4457,-17624,0,0
4458,573,0,0
4459,0,0,0
4460,1932,0,0
4461,-20907,0,0
4462,-15299,0,0
4463,7319,0,0
4464,-8779,0,0
4465,-3297,0,0
4466,-16827,0,0
4467,-6062,0,0
4468,-5660,0,0
4469,5950,0,0
4470,-15664,0,0
4471,5000,0,0
4472,-14698,0,0
4473,1382,0,0
4474,-9575,0,0
4475,-22995,0,0
4476,65,0,0
4477,5989,0,0
4478,-12396,0,0
4479,3943,0,0
4480,-3505,15000,0
4481,17225,0,0
4482,-16777,0,0
4483,8338,0,0
4484,-8867,0,0
4485,4573,0,0
4486,6066,0,0
4487,-6374,0,0
4488,12097,0,0
4489,-13965,0,0
4490,2489,0,0
4491,-3132,0,0
4492,12829,0,0
4493,-1074,0,0
4494,17709,0,0
4495,14697,0,0
4496,12117,0,0
4497,15133,0,0
4498,-4677,0,0
4499,-11534,0,0
4500,18393,0,0
4501,16382,0,0
4502,16430,0,0
4503,16542,0,0
4504,13672,0,0
4505,6602,0,0
4506,23106,0,0
4507,-4478,0,0
4508,-9538,0,0
4509,-9671,0,0
4510,7721,0,0
4511,-3343,0,0
4512,1479,0,0
4513,19264,0,0
4514,4331,0,0
4515,-13719,0,0
4516,12507,0,0
4517,18806,0,0
4518,19189,0,0
4519,1417,0,0
4520,21998,0,0
4521,10939,0,0
4522,21372,0,0
4523,15856,0,0
4524,-2564,0,0
4525,15157,0,0
4526,3818,0,0
4527,17513,0,0
4528,-2331,0,0
4529,21585,0,0
4530,16385,0,0
4531,1301,0,0
4532,-893,0,0
4533,13580,0,0
4534,-6312,0,0
4535,22463,0,0
4536,2078,0,0
4537,7089,0,0
4538,5371,0,0
4539,-209,0,0
4540,14619,0,0
4541,-6900,0,0
4542,16330,0,0
4543,-9039,0,0
4544,17166,0,0
4545,2465,0,0
4546,-7660,0,0
4547,12293,0,0
4548,3346,0,0
4549,568,0,0
4550,16779,0,0
4551,3449,0,0
4552,9543,0,0
4553,7356,0,0
4554,12348,0,0
4555,-7171,0,0
4556,13380,0,0
4557,1136,0,0
4558,9327,0,0
4559,-12399,0,0
4560,16146,0,0
4561,23105,0,0
4562,17041,0,0
4563,3241,0,0
4564,16003,0,0
4565,10016,0,0
4566,14773,0,0
4567,3435,0,0
4568,16244,0,0
4569,14943,0,0
4570,-2275,0,0
4571,11794,0,0
4572,19264,0,0
4573,4520,0,0
4574,931,0,0
4575,6734,0,0
4576,-12388,0,0
4577,5629,0,0
4578,-11765,0,0
4579,-2826,0,0
4580,16012,0,0
4581,6725,0,0
4582,7237,0,0
4583,15990,0,0
4584,7639,0,0
4585,13869,0,0
4586,21181,0,0
4587,-4086,0,0
4588,-6205,0,0
4589,21191,0,0
4590,-13366,0,0
4591,13116,0,0
4592,6336,0,0
4593,-15560,0,0
4594,21616,0,0
4595,-86,0,0
4596,8662,0,0
4597,11766,0,0
4598,-7806,0,0
4599,12325,0,0
4600,637,0,0
4601,7443,0,0
4602,7164,0,0
4603,16274,0,0
4604,11004,0,0
4605,-1255,0,0
4606,8466,0,0
4607,-1088,0,0
4608,22170,0,-15000
4609,8665,0,0
4610,-5210,0,0
4611,10921,0,0
4612,131,0,0
4613,-7895,0,0
4614,-6727,0,0
4615,4942,0,0
4616,3015,0,0
4617,2822,0,0
4618,-7479,0,0
4619,19028,0,0
4620,-1708,0,0
4621,9575,0,0
4622,9947,0,0
4623,12985,0,0
4624,12313,0,0
4625,14532,0,0
4626,7531,0,0
4627,2049,0,0
4628,14521,0,0
4629,-17002,0,0
4630,-5077,0,0
4631,4172,0,0
4632,-6040,0,0
4633,12871,0,0
4634,22723,0,0
4635,-17207,0,0
4636,-7201,0,0
4637,-16423,0,0
4638,5564,0,0
4639,-18748,0,0
4640,20486,0,0
4641,-9892,0,0
4642,-14426,0,0
4643,12395,0,0
4644,-3064,0,0
4645,12395,0,0
4646,-4132,0,0
4647,15356,0,0
4648,7001,0,0
4649,12395,0,0
4650,-18231,0,0
4651,-6926,0,0
4652,2931,0,0
4653,-19575,0,0
4654,-13342,0,0
4655,-19265,0,0
4656,-9816,0,0
4657,13801,0,0
4658,-5137,0,0
4659,4006,0,0
4660,23056,0,0
4661,-12841,0,0
4662,-6848,0,0
4663,-16736,0,0
4664,-21610,0,0
4665,16383,0,0
4666,11967,0,0
4667,-7985,0,0
4668,-17328,0,0
4669,-4761,0,0
4670,-8963,0,0
4671,-14255,0,0
4672,3399,0,0
4673,-11365,0,0
4674,5076,0,0
4675,-11911,0,0
4676,-22197,0,0
4677,-12865,0,0
4678,-5044,0,0
4679,11718,0,0
4680,-682,0,0
4681,-10621,0,0
4682,-15940,0,0
4683,1955,0,0
4684,10921,0,0
4685,7676,0,0
4686,13628,0,0
4687,-14003,0,0
4688,-13114,0,0
4689,-3400,0,0
4690,2470,0,0
4691,-13936,0,0
4692,16703,0,0
4693,-1516,0,0
4694,-915,0,0
4695,9702,0,0
4696,-14350,0,0
4697,1704,0,0
4698,-14255,0,0
4699,12406,0,0
4700,1257,0,0
4701,15398,0,0
4702,18625,0,0
4703,-10169,0,0
4704,2406,0,0
4705,-2040,0,0
4706,6357,0,0
4707,15731,0,0
4708,-19434,0,0
4709,-19265,0,0
4710,1117,0,0
4711,14254,0,0
4712,-3629,0,0
4713,-1718,0,0
4714,5260,0,0
4715,13276,0,0
4716,-8275,0,0
4717,14468,0,0
4718,4871,0,0
4719,13320,0,0
4720,-5250,0,0
4721,1570,0,0
4722,7805,0,0
4723,9660,0,0
4724,-7451,0,0
4725,21998,0,0
4726,-1324,0,0
4727,3149,0,0
4728,-16583,0,0
4729,7763,0,0
4730,13801,0,0
4731,13035,0,0
4732,15559,0,0
4733,11867,0,0
4734,16670,0,0
4735,10333,0,0
4736,16727,15000,0
4737,10678,0,0
4738,2059,0,0
4739,22723,0,0
4740,-16934,0,0
4741,3900,0,0
4742,20035,0,0
4743,13504,0,0
4744,11181,0,0
4745,-18095,0,0
4746,17439,0,0
4747,9388,0,0
4748,-39,0,0
4749,15629,0,0
4750,22329,0,0
4751,2837,0,0
4752,16011,0,0
4753,15826,0,0
4754,14990,0,0
4755,13340,0,0
4756,13967,0,0
4757,6168,0,0
4758,21483,0,0
4759,17408,0,0
4760,4598,0,0
4761,12781,0,0
4762,14458,0,0
4763,-7127,0,0
4764,20649,0,0
4765,15976,0,0
4766,21440,0,0
4767,17909,0,0
4768,22994,0,0
4769,15769,0,0
4770,10997,0,0
4771,4927,0,0
4772,22171,0,0
4773,14295,0,0
4774,21405,0,0
4775,16337,0,0
4776,19241,0,0
4777,21302,0,0
4778,15139,0,0
4779,12964,0,0
4780,-4552,0,0
4781,23161,0,0
4782,11815,0,0
4783,7422,0,0
4784,16393,0,0
4785,8045,0,0
4786,15530,0,0
4787,-11310,0,0
4788,6726,0,0
4789,-6938,0,0
4790,21954,0,0
4791,-11570,0,0
4792,18296,0,0
4793,16382,0,0
4794,12301,0,0
4795,-17660,0,0
4796,22828,0,0
4797,12395,0,0
4798,-73,0,0
4799,-21182,0,0
4800,1859,0,0
4801,4290,0,0
4802,3699,0,0
4803,4520,0,0
4804,1285,0,0
4805,-735,0,0
4806,-1224,0,0
4807,-5259,0,0
4808,15133,0,0
4809,-2837,0,0
4810,8637,0,0
4811,-9840,0,0
4812,17238,0,0
4813,-8339,0,0
4814,4067,0,0
4815,-10922,0,0
4816,-6851,0,0
4817,18942,0,0
4818,-16113,0,0
4819,-15560,0,0
4820,-3132,0,0
4821,-17111,0,0
4822,2923,0,0
4823,-6712,0,0
4824,-22475,0,0
4825,-2919,0,0
4826,-8338,0,0
4827,-8934,0,0
4828,-13093,0,0
4829,-15280,0,0
4830,-14260,0,0
4831,1703,0,0
4832,13338,0,0
4833,-10586,0,0
4834,-15134,0,0
4835,-3532,0,0
4836,-13637,0,0
4837,-11023,0,0
4838,-15434,0,0
4839,-2913,0,0
4840,-8338,0,0
4841,-19808,0,0
4842,-12986,0,0
4843,12871,0,0
4844,-5849,0,0
4845,-12218,0,0
4846,-3074,0,0
4847,16054,0,0
4848,-18134,0,0
4849,-15277,0,0
4850,-10441,0,0
4851,-11421,0,0
4852,-17563,0,0
4853,-9138,0,0
4854,-12987,0,0
4855,-20477,0,0
4856,-17062,0,0
4857,-13060,0,0
4858,-15408,0,0
4859,-6960,0,0
4860,-17168,0,0
4861,2276,0,0
4862,-12019,0,0
4863,-1936,0,0
4864,-13341,0,-15000
4865,-19429,0,0
4866,6178,0,0
4867,-11408,0,0
4868,9553,0,0
4869,-9686,0,0
4870,-7176,0,0
4871,-7872,0,0
4872,20733,0,0
4873,-16384,0,0
4874,-22952,0,0
4875,15975,0,0
4876,23161,0,0
4877,208,0,0
4878,-15363,0,0
4879,14767,0,0
4880,-19490,0,0
4881,-3156,0,0
4882,15440,0,0
4883,-7806,0,0
4884,-9799,0,0
4885,4213,0,0
4886,14200,0,0
4887,-2837,0,0
4888,8884,0,0
4889,10400,0,0
4890,-5019,0,0
4891,12191,0,0
4892,-12825,0,0
4893,19408,0,0
4894,-1719,0,0
4895,16970,0,0
4896,21616,0,0
4897,19539,0,0
4898,11709,0,0
4899,10197,0,0
4900,-2837,0,0
4901,12968,0,0
4902,0,0,0
4903,-16098,0,0
4904,19579,0,0
4905,-14341,0,0
4906,12448,0,0
4907,2709,0,0
4908,-19351,0,0
4909,20694,0,0
4910,2385,0,0
4911,20946,0,0
4912,10416,0,0
4913,22329,0,0
4914,14043,0,0
4915,-4755,0,0
4916,-12827,0,0
4917,-9539,0,0
4918,15975,0,0
4919,7314,0,0
4920,17452,0,0
4921,11624,0,0
4922,18942,0,0
4923,13357,0,0
4924,20158,0,0
4925,4811,0,0
4926,20923,0,0
4927,12008,0,0
4928,8337,0,0
4929,14384,0,0
4930,-5984,0,0
4931,18850,0,0
4932,8910,0,0
4933,14065,0,0
4934,19448,0,0
4935,17206,0,0
4936,-17976,0,0
4937,1155,0,0
4938,16043,0,0
4939,17909,0,0
4940,8352,0,0
4941,17716,0,0
4942,22605,0,0
4943,11771,0,0
4944,20797,0,0
4945,15518,0,0
4946,-5699,0,0
4947,-5317,0,0
4948,19587,0,0
4949,19505,0,0
4950,7613,0,0
4951,5981,0,0
4952,-16090,0,0
4953,14455,0,0
4954,15976,0,0
4955,10419,0,0
4956,16254,0,0
4957,-4521,0,0
4958,500,0,0
4959,10387,0,0
4960,7979,0,0
4961,16784,0,0
4962,9323,0,0
4963,15006,0,0
4964,15013,0,0
4965,18942,0,0
4966,10812,0,0
4967,-1652,0,0
4968,-11899,0,0
4969,-16398,0,0
4970,-8704,0,0
4971,5974,0,0
4972,-18172,0,0
4973,-9505,0,0
4974,-7268,0,0
4975,5784,0,0
4976,5993,0,0
4977,-8990,0,0
4978,-19873,0,0
4979,3049,0,0
4980,-4602,0,0
4981,2270,0,0
4982,17157,0,0
4983,-10114,0,0
4984,-16666,0,0
4985,-13642,0,0
4986,-859,0,0
4987,10469,0,0
4988,-19873,0,0
4989,-14524,0,0
4990,9906,0,0
4991,6869,0,0
4992,-17509,15000,0
4993,-1707,0,0
4994,-5647,0,0
4995,-12872,0,0
4996,3399,0,0
4997,390,0,0
4998,8417,0,0
4999,-13411,0,0
5000,12515,0,0
5001,16167,0,0
5002,-10786,0,0
5003,12600,0,0
5004,4252,0,0
5005,-11060,0,0
5006,-16373,0,0
5007,1361,0,0
5008,-15792,0,0
5009,-21182,0,0
5010,7162,0,0
5011,-4350,0,0
5012,-20945,0,0
5013,-10583,0,0
5014,-1168,0,0
5015,-20665,0,0
5016,-10272,0,0
5017,-13022,0,0
5018,-12872,0,0
5019,-22919,0,0
5020,-16175,0,0
5021,-16420,0,0
5022,-4817,0,0
5023,-23106,0,0
5024,-15134,0,0
5025,-1911,0,0
5026,-15977,0,0
5027,-23169,0,0
5028,-16383,0,0
5029,23161,0,0
5030,-5964,0,0
5031,-3539,0,0
5032,-16358,0,0
5033,14827,0,0
5034,-17596,0,0
5035,-19134,0,0
5036,-8505,0,0
5037,-12128,0,0
5038,-17114,0,0
5039,-16581,0,0
5040,-12377,0,0
5041,-8258,0,0
5042,-12641,0,0
5043,4796,0,0
5044,-20574,0,0
5045,-14980,0,0
5046,-12702,0,0
5047,-17739,0,0
5048,6802,0,0
5049,-18521,0,0
5050,-9389,0,0
5051,12699,0,0
5052,-14342,0,0
5053,-13926,0,0
5054,-11903,0,0
5055,-18450,0,0
5056,-15557,0,0
5057,1766,0,0
5058,-16473,0,0
5059,8291,0,0
5060,-18911,0,0
5061,6707,0,0
5062,-11085,0,0
5063,-16984,0,0
5064,5739,0,0
5065,-20695,0,0
5066,-22000,0,0
5067,-20433,0,0
5068,1543,0,0
5069,-16006,0,0
5070,-20823,0,0
5071,-20434,0,0
5072,-22172,0,0
5073,-20121,0,0
5074,-14362,0,0
5075,-15653,0,0
5076,495,0,0
5077,-12059,0,0
5078,-6619,0,0
5079,15541,0,0
5080,-21815,0,0
5081,-13325,0,0
5082,-17504,0,0
5083,-8779,0,0
5084,-15104,0,0
5085,-9053,0,0
5086,9388,0,0
5087,4150,0,0
5088,-19434,0,0
5089,-18602,0,0
5090,3938,0,0
5091,-6277,0,0
5092,10969,0,0
5093,-9033,0,0
5094,-5714,0,0
5095,-15475,0,0
5096,10921,0,0
5097,2553,0,0
5098,18781,0,0
5099,5564,0,0
5100,-19873,0,0
5101,-5741,0,0
5102,19497,0,0
5103,-4521,0,0
5104,-16788,0,0
5105,-5588,0,0
5106,18248,0,0
5107,5794,0,0
5108,16760,0,0
5109,12090,0,0
5110,-6896,0,0
5111,-2271,0,0
5112,-10876,0,0
5113,-9451,0,0
5114,15133,0,0
5115,-203,0,0
5116,10297,0,0
5117,14878,0,0
5118,-5315,0,0
5119,7757,0,0
5120,-8587,0,-15000
5121,1136,0,0
5122,-5963,0,0
5123,7307,0,0
5124,9443,0,0
5125,15475,0,0
5126,9960,0,0
5127,12526,0,0
5128,4864,0,0
5129,16437,0,0
5130,4275,0,0
5131,4672,0,0
5132,-7653,0,0
5133,6385,0,0
5134,524,0,0
5135,6682,0,0
5136,11952,0,0
5137,4870,0,0
5138,-1977,0,0
5139,-5322,0,0
5140,-6720,0,0
5141,9906,0,0
5142,21999,0,0
5143,16409,0,0
5144,22170,0,0
5145,19030,0,0
5146,-4109,0,0
5147,14353,0,0
5148,15855,0,0
5149,9975,0,0
5150,22605,0,0
5151,17042,0,0
5152,-10536,0,0
5153,16960,0,0
5154,20544,0,0
5155,5463,0,0
5156,16213,0,0
5157,17350,0,0
5158,13268,0,0
5159,16327,0,0
5160,16197,0,0
5161,-16384,0,0
5162,568,0,0
5163,15890,0,0
5164,9292,0,0
5165,15799,0,0
5166,22918,0,0
5167,19095,0,0
5168,22605,0,0
5169,1839,0,0
5170,3684,0,0
5171,-4951,0,0
5172,2434,0,0
5173,11672,0,0
5174,12698,0,0
5175,13267,0,0
5176,18810,0,0
5177,17237,0,0
5178,-1127,0,0
5179,14278,0,0
5180,782,0,0
5181,5700,0,0
5182,7928,0,0
5183,-5436,0,0
5184,-6648,0,0
5185,-15923,0,0
5186,319,0,0
5187,6644,0,0
5188,-2102,0,0
5189,15416,0,0
5190,9635,0,0
5191,18108,0,0
5192,-9897,0,0
5193,7556,0,0
5194,5690,0,0
5195,-11669,0,0
5196,-8605,0,0
5197,-20695,0,0
5198,6179,0,0
5199,19872,0,0
5200,3869,0,0
5201,-45,0,0
5202,-18642,0,0
5203,-14699,0,0
5204,-13689,0,0
5205,-1336,0,0
5206,1641,0,0
5207,-14297,0,0
5208,13818,0,0
5209,-15966,0,0
5210,-5630,0,0
5211,-18253,0,0
5212,-18565,0,0
5213,-7928,0,0
5214,-14253,0,0
5215,6725,0,0
5216,676,0,0
5217,-22724,0,0
5218,-13301,0,0
5219,-15362,0,0
5220,-16583,0,0
5221,-3205,0,0
5222,-15977,0,0
5223,-23106,0,0
5224,-6254,0,0
5225,-4460,0,0
5226,-19229,0,0
5227,-16822,0,0
5228,-9514,0,0
5229,-21815,0,0
5230,-20501,0,0
5231,4236,0,0
5232,-8341,0,0
5233,17663,0,0
5234,-13880,0,0
5235,6259,0,0
5236,-2271,0,0
5237,-782,0,0
5238,-13591,0,0
5239,6695,0,0
5240,2270,0,0
5241,-9868,0,0
5242,-8908,0,0
5243,16684,0,0
5244,16585,0,0
5245,-15905,0,0
5246,65,0,0
5247,10804,0,0
5248,11419,15000,0
5249,22605,0,0
5250,16111,0,0
5251,-1838,0,0
5252,14698,0,0
5253,7953,0,0
5254,15975,0,0
5255,5928,0,0
5256,17299,0,0
5257,22981,0,0
5258,14135,0,0
5259,11631,0,0
5260,20158,0,0
5261,7267,0,0
5262,2240,0,0
5263,13036,0,0
5264,22170,0,0
5265,5724,0,0
5266,4499,0,0
5267,17923,0,0
5268,16005,0,0
5269,2254,0,0
5270,10447,0,0
5271,5077,0,0
5272,3740,0,0
5273,19263,0,0
5274,-3173,0,0
5275,10921,0,0
5276,-3104,0,0
5277,17939,0,0
5278,19717,0,0
5279,6354,0,0
5280,-2264,0,0
5281,3960,0,0
5282,15703,0,0
5283,18875,0,0
5284,7354,0,0
5285,-569,0,0
5286,-17543,0,0
5287,-8233,0,0
5288,7523,0,0
5289,11106,0,0
5290,-20434,0,0
5291,-6890,0,0
5292,-12787,0,0
5293,20944,0,0
5294,-22330,0,0
5295,-12806,0,0
5296,3960,0,0
5297,-15444,0,0
5298,-1431,0,0
5299,-15560,0,0
5300,-1109,0,0
5301,-14803,0,0
5302,-9701,0,0
5303,-17070,0,0
5304,-12876,0,0
5305,2993,0,0
5306,-6649,0,0
5307,2932,0,0
5308,5164,0,0
5309,2194,0,0
5310,-15358,0,0
5311,-22606,0,0
5312,-8877,0,0
5313,-22919,0,0
5314,-16833,0,0
5315,-10573,0,0
5316,-4643,0,0
5317,0,0,0
5318,-16652,0,0
5319,-23106,0,0
5320,17327,0,0
5321,1398,0,0
5322,-5322,0,0
5323,22605,0,0
5324,-16641,0,0
5325,-22000,0,0
5326,-9027,0,0
5327,6986,0,0
5328,-4926,0,0
5329,1890,0,0
5330,-8690,0,0
5331,-4702,0,0
5332,1943,0,0
5333,-16384,0,0
5334,-10136,0,0
5335,-18265,0,0
5336,-8771,0,0
5337,-2912,0,0
5338,11464,0,0
5339,-3181,0,0
5340,5960,0,0
5341,-4205,0,0
5342,12286,0,0
5343,147,0,0
5344,-1169,0,0
5345,-4520,0,0
5346,-6281,0,0
5347,-3293,0,0
5348,14471,0,0
5349,-1705,0,0
5350,15133,0,0
5351,8540,0,0
5352,8628,0,0
5353,2977,0,0
5354,17167,0,0
5355,9278,0,0
5356,17909,0,0
5357,15753,0,0
5358,13675,0,0
5359,-9636,0,0
5360,-16242,0,0
5361,15987,0,0
5362,-10199,0,0
5363,21814,0,0
5364,6554,0,0
5365,10525,0,0
5366,-7269,0,0
5367,16762,0,0
5368,20168,0,0
5369,16120,0,0
5370,1019,0,0
5371,-3184,0,0
5372,5256,0,0
5373,14489,0,0
5374,17120,0,0
5375,-16125,0,0
5376,18427,0,-15000
5377,17167,0,0
5378,17162,0,0
5379,1637,0,0
5380,-8964,0,0
5381,-9530,0,0
5382,-16804,0,0
5383,8710,0,0
5384,10917,0,0
5385,7875,0,0
5386,5958,0,0
5387,12395,0,0
5388,10152,0,0
5389,5202,0,0
5390,-2310,0,0
5391,13130,0,0
5392,9630,0,0
5393,9960,0,0
5394,21405,0,0
5395,15437,0,0
5396,12420,0,0
5397,4361,0,0
5398,-235,0,0
5399,6178,0,0
5400,-17711,0,0
5401,3701,0,0
5402,-13619,0,0
5403,16974,0,0
5404,1373,0,0
5405,4859,0,0
5406,18264,0,0
5407,3357,0,0
5408,17482,0,0
5409,510,0,0
5410,-15518,0,0
5411,12373,0,0
5412,1163,0,0
5413,568,0,0
5414,-5533,0,0
5415,20424,0,0
5416,7709,0,0
5417,-23162,0,0
5418,4520,0,0
5419,-4022,0,0
5420,-16678,0,0
5421,-8167,0,0
5422,6090,0,0
5423,-3962,0,0
5424,-15626,0,0
5425,13920,0,0
5426,-19152,0,0
5427,-7268,0,0
5428,-20945,0,0
5429,-19421,0,0
5430,8337,0,0
5431,864,0,0
5432,-14683,0,0
5433,-8417,0,0
5434,-22330,0,0
5435,-11168,0,0
5436,-17841,0,0
5437,-15269,0,0
5438,-18204,0,0
5439,1375,0,0
5440,2441,0,0
5441,-17497,0,0
5442,-10672,0,0
5443,-15993,0,0
5444,-17807,0,0
5445,-15560,0,0
5446,-22191,0,0
5447,-16204,0,0
5448,-22829,0,0
5449,-13371,0,0
5450,20657,0,0
5451,6428,0,0
5452,-10006,0,0
5453,-2961,0,0
5454,-16830,0,0
5455,-19790,0,0
5456,-19265,0,0
5457,-3401,0,0
5458,-10227,0,0
5459,2763,0,0
5460,-2294,0,0
5461,568,0,0
5462,-15134,0,0
5463,-3714,0,0
5464,-13954,0,0
5465,-8065,0,0
5466,8500,0,0
5467,6725,0,0
5468,-18799,0,0
5469,-7406,0,0
5470,-4109,0,0
5471,-12156,0,0
5472,-6180,0,0
5473,4817,0,0
5474,-5077,0,0
5475,-2933,0,0
5476,18356,0,0
5477,-3513,0,0
5478,4237,0,0
5479,-4428,0,0
5480,-314,0,0
5481,11203,0,0
5482,-11359,0,0
5483,3662,0,0
5484,22994,0,0
5485,18609,0,0
5486,4520,0,0
5487,-12957,0,0
5488,-8941,0,0
5489,13564,0,0
5490,8337,0,0
5491,4525,0,0
5492,16207,0,0
5493,-1863,0,0
5494,19574,0,0
5495,22723,0,0
5496,13995,0,0
5497,22994,0,0
5498,14126,0,0
5499,13616,0,0
5500,3858,0,0
5501,21309,0,0
5502,12113,0,0
5503,2373,0,0
5504,7757,15000,0
5505,22994,0,0
5506,-922,0,0
5507,5599,0,0
5508,10583,0,0
5509,4024,0,0
5510,5781,0,0
5511,10957,0,0
5512,-17015,0,0
5513,-386,0,0
5514,10722,0,0
5515,15536,0,0
5516,16803,0,0
5517,12557,0,0
5518,-19574,0,0
5519,15412,0,0
5520,9941,0,0
5521,3336,0,0
5522,20525,0,0
5523,-8690,0,0
5524,2836,0,0
5525,4956,0,0
5526,-6437,0,0
5527,6741,0,0
5528,-5320,0,0
5529,16954,0,0
5530,11708,0,0
5531,16382,0,0
5532,18178,0,0
5533,-11121,0,0
5534,-14186,0,0
5535,-6700,0,0
5536,-5308,0,0
5537,-18218,0,0
5538,-3961,0,0
5539,784,0,0
5540,-11837,0,0
5541,-13991,0,0
5542,-825,0,0
5543,-11569,0,0
5544,8118,0,0
5545,-1388,0,0
5546,-19159,0,0
5547,-1286,0,0
5548,-10418,0,0
5549,3934,0,0
5550,-11912,0,0
5551,-22724,0,0
5552,-13341,0,0
5553,2163,0,0
5554,-4016,0,0
5555,-17151,0,0
5556,-16081,0,0
5557,-9059,0,0
5558,9052,0,0
5559,-16804,0,0
5560,-17910,0,0
5561,-22995,0,0
5562,-18943,0,0
5563,-7525,0,0
5564,13593,0,0
5565,-20461,0,0
5566,1929,0,0
5567,-4733,0,0
5568,-17007,0,0
5569,-7103,0,0
5570,-15696,0,0
5571,10913,0,0
5572,-14479,0,0
5573,-15463,0,0
5574,-16043,0,0
5575,-13342,0,0
5576,-8288,0,0
5577,-17414,0,0
5578,7541,0,0
5579,-16383,0,0
5580,1084,0,0
5581,-16051,0,0
5582,-12672,0,0
5583,-17611,0,0
5584,-11121,0,0
5585,-16771,0,0
5586,-5967,0,0
5587,-19873,0,0
5588,-16733,0,0
5589,-10922,0,0
5590,-12031,0,0
5591,-12264,0,0
5592,-18301,0,0
5593,-8867,0,0
5594,-5744,0,0
5595,3023,0,0
5596,1189,0,0
5597,11762,0,0
5598,-16611,0,0
5599,-7044,0,0
5600,7259,0,0
5601,-13410,0,0
5602,13563,0,0
5603,-14943,0,0
5604,3265,0,0
5605,-11717,0,0
5606,-17544,0,0
5607,7141,0,0
5608,8746,0,0
5609,18321,0,0
5610,17167,0,0
5611,15285,0,0
5612,3232,0,0
5613,19945,0,0
5614,-4257,0,0
5615,-17634,0,0
5616,-13242,0,0
5617,12690,0,0
5618,19574,0,0
5619,-832,0,0
5620,7640,0,0
5621,7946,0,0
5622,20432,0,0
5623,7267,0,0
5624,4263,0,0
5625,14184,0,0
5626,-8867,0,0
5627,16853,0,0
5628,17082,0,0
5629,3256,0,0
5630,16100,0,0
5631,18653,0,0
5632,-17140,0,-15000
5633,13340,0,0
5634,22994,0,0
5635,12886,0,0
5636,9479,0,0
5637,16383,0,0
5638,23140,0,0
5639,17246,0,0
5640,19169,0,0
5641,17436,0,0
5642,12834,0,0
5643,17289,0,0
5644,19490,0,0
5645,9073,0,0
5646,-3821,0,0
5647,21616,0,0
5648,11823,0,0
5649,13957,0,0
5650,19872,0,0
5651,13707,0,0
5652,5818,0,0
5653,8435,0,0
5654,17543,0,0
5655,23161,0,0
5656,-15473,0,0
5657,-11196,0,0
5658,11040,0,0
5659,6884,0,0
5660,13801,0,0
5661,5314,0,0
5662,7546,0,0
5663,-280,0,0
5664,14849,0,0
5665,17300,0,0
5666,2319,0,0
5667,-657,0,0
5668,-15192,0,0
5669,-8708,0,0
5670,5242,0,0
5671,-2660,0,0
5672,-15997,0,0
5673,18942,0,0
5674,-6349,0,0
5675,-16485,0,0
5676,-14484,0,0
5677,-5752,0,0
5678,-11090,0,0
5679,14254,0,0
5680,18468,0,0
5681,12395,0,0
5682,3585,0,0
5683,-16737,0,0
5684,-15121,0,0
5685,-18125,0,0
5686,-17638,0,0
5687,-22171,0,0
5688,-15279,0,0
5689,-3834,0,0
5690,-18291,0,0
5691,-5710,0,0
5692,-4145,0,0
5693,-1144,0,0
5694,-6216,0,0
5695,-15285,0,0
5696,17351,0,0
5697,-11210,0,0
5698,-18610,0,0
5699,-8672,0,0
5700,7390,0,0
5701,-3456,0,0
5702,-13384,0,0
5703,-12713,0,0
5704,-6749,0,0
5705,-12955,0,0
5706,-7806,0,0
5707,-1174,0,0
5708,-8673,0,0
5709,-20159,0,0
5710,-10572,0,0
5711,-5385,0,0
5712,-4703,0,0
5713,-1058,0,0
5714,-3400,0,0
5715,-15432,0,0
5716,-2837,0,0
5717,-7163,0,0
5718,-2271,0,0
5719,2065,0,0
5720,17541,0,0
5721,-17543,0,0
5722,-1922,0,0
5723,15133,0,0
5724,-10967,0,0
5725,-17168,0,0
5726,979,0,0
5727,-10632,0,0
5728,-16399,0,0
5729,-3740,0,0
5730,0,0,0
5731,8651,0,0
5732,15002,0,0
5733,-15792,0,0
5734,1073,0,0
5735,-15976,0,0
5736,4403,0,0
5737,3130,0,0
5738,-2249,0,0
5739,-3256,0,0
5740,-6758,0,0
5741,1240,0,0
5742,2032,0,0
5743,-15231,0,0
5744,5773,0,0
5745,-6025,0,0
5746,-6069,0,0
5747,17251,0,0
5748,4943,0,0
5749,7896,0,0
5750,9022,0,0
5751,-12872,0,0
5752,-11640,0,0
5753,15051,0,0
5754,5126,0,0
5755,10791,0,0
5756,12630,0,0
5757,20944,0,0
5758,-8898,0,0
5759,13743,0,0
5760,10120,15000,0
5761,-10106,0,0
5762,15422,0,0
5763,2054,0,0
5764,11419,0,0
5765,19303,0,0
5766,7796,0,0
5767,12577,0,0
5768,13446,0,0
5769,-3827,0,0
5770,13801,0,0
5771,-13057,0,0
5772,3122,0,0
5773,23056,0,0
5774,9002,0,0
5775,14156,0,0
5776,15418,0,0
5777,14273,0,0
5778,16779,0,0
5779,-236,0,0
5780,15975,0,0
5781,-1,0,0
5782,9573,0,0
5783,6427,0,0
5784,15928,0,0
5785,9731,0,0
5786,16345,0,0
5787,15386,0,0
5788,6780,0,0
5789,2269,0,0
5790,18264,0,0
5791,7732,0,0
5792,11694,0,0
5793,22918,0,0
5794,14718,0,0
5795,18628,0,0
5796,13318,0,0
5797,22605,0,0
5798,9311,0,0
5799,5187,0,0
5800,2814,0,0
5801,21210,0,0
5802,12797,0,0
5803,13121,0,0
5804,8712,0,0
5805,17237,0,0
5806,-16142,0,0
5807,20296,0,0
5808,-1359,0,0
5809,20464,0,0
5810,19257,0,0
5811,21181,0,0
5812,21769,0,0
5813,5912,0,0
5814,10115,0,0
5815,17753,0,0
5816,-933,0,0
5817,2540,0,0
5818,-5330,0,0
5819,9524,0,0
5820,4723,0,0
5821,6099,0,0
5822,3960,0,0
5823,13565,0,0
5824,2247,0,0
5825,9791,0,0
5826,9290,0,0
5827,11530,0,0
5828,3399,0,0
5829,-9885,0,0
5830,13837,0,0
5831,17928,0,0
5832,10723,0,0
5833,-8365,0,0
5834,-12146,0,0
5835,17447,0,0
5836,-14777,0,0
5837,17542,0,0
5838,1136,0,0
5839,12358,0,0
5840,-1054,0,0
5841,2319,0,0
5842,568,0,0
5843,6999,0,0
5844,3644,0,0
5845,7862,0,0
5846,-4689,0,0
5847,-6827,0,0
5848,23168,0,0
5849,16383,0,0
5850,-4535,0,0
5851,-191,0,0
5852,1423,0,0
5853,-16780,0,0
5854,-9196,0,0
5855,-3571,0,0
5856,-1802,0,0
5857,12178,0,0
5858,-23141,0,0
5859,-17125,0,0
5860,3987,0,0
5861,-15600,0,0
5862,18416,0,0
5863,-6881,0,0
5864,-2837,0,0
5865,-5774,0,0
5866,-7683,0,0
5867,-6039,0,0
5868,-4521,0,0
5869,-14880,0,0
5870,-5630,0,0
5871,11419,0,0
5872,5203,0,0
5873,-15221,0,0
5874,5531,0,0
5875,761,0,0
5876,-4119,0,0
5877,3512,0,0
5878,-13597,0,0
5879,-16304,0,0
5880,-12785,0,0
5881,-11418,0,0
5882,-13549,0,0
5883,-9568,0,0
5884,-17722,0,0
5885,-2115,0,0
5886,-11088,0,0
5887,5963,0,0
5888,-14699,0,-15000
5889,-23106,0,0
5890,-17167,0,0
5891,-9919,0,0
5892,5995,0,0
5893,-6327,0,0
5894,-16780,0,0
5895,-12473,0,0
5896,-2013,0,0
5897,-4541,0,0
5898,-18209,0,0
5899,-13140,0,0
5900,-710,0,0
5901,-171,0,0
5902,-19575,0,0
5903,22605,0,0
5904,-19873,0,0
5905,-12308,0,0
5906,-20159,0,0
5907,3925,0,0
5908,1014,0,0
5909,-4492,0,0
5910,12514,0,0
5911,-21815,0,0
5912,-8209,0,0
5913,-15363,0,0
5914,-3502,0,0
5915,-19358,0,0
5916,-1800,0,0
5917,-2440,0,0
5918,-18734,0,0
5919,-6619,0,0
5920,-5781,0,0
5921,-7060,0,0
5922,-10302,0,0
5923,-4771,0,0
5924,-4520,0,0
5925,-15666,0,0
5926,-3961,0,0
5927,-15135,0,0
5928,-2936,0,0
5929,-3918,0,0
5930,15976,0,0
5931,-18943,0,0
5932,-3961,0,0
5933,13341,0,0
5934,-9722,0,0
5935,-15462,0,0
5936,-4521,0,0
5937,9606,0,0
5938,-4521,0,0
5939,-6331,0,0
5940,15180,0,0
5941,-9223,0,0
5942,2437,0,0
5943,-12534,0,0
5944,-7244,0,0
5945,-18470,0,0
5946,-397,0,0
5947,-7338,0,0
5948,20203,0,0
5949,3013,0,0
5950,-7441,0,0
5951,-20159,0,0
5952,10559,0,0
5953,-20159,0,0
5954,-5000,0,0
5955,11911,0,0
5956,824,0,0
5957,-11067,0,0
5958,-5077,0,0
5959,7800,0,0
5960,12456,0,0
5961,-12377,0,0
5962,-783,0,0
5963,3929,0,0
5964,-4520,0,0
5965,-3083,0,0
5966,-5077,0,0
5967,7376,0,0
5968,-5630,0,0
5969,-2571,0,0
5970,-3256,0,0
5971,14907,0,0
5972,-18744,0,0
5973,11216,0,0
5974,20944,0,0
5975,10867,0,0
5976,-14010,0,0
5977,-19042,0,0
5978,16721,0,0
5979,-7889,0,0
5980,810,0,0
5981,-9006,0,0
5982,17279,0,0
5983,-11598,0,0
5984,-16384,0,0
5985,-5387,0,0
5986,7043,0,0
5987,-4452,0,0
5988,-18265,0,0
5989,-3400,0,0
5990,-5882,0,0
5991,7045,0,0
5992,19086,0,0
5993,-20390,0,0
5994,5521,0,0
5995,-9886,0,0
5996,-3004,0,0
5997,-10034,0,0
5998,1192,0,0
5999,-11421,0,0
6000,-5538,0,0
6001,-5273,0,0
6002,-9633,0,0
6003,-13636,0,0
6004,-16748,0,0
6005,3250,0,0
6006,1079,0,0
6007,-1423,0,0
6008,-23162,0,0
6009,-17543,0,0
6010,-19669,0,0
6011,-13664,0,0
6012,-22829,0,0
6013,-11317,0,0
6014,-14085,0,0
6015,-2256,0,0
6016,744,15000,0
6017,4029,0,0
6018,-20465,0,0
6019,-3626,0,0
6020,-7646,0,0
6021,-1682,0,0
6022,-1886,0,0
6023,-22606,0,0
6024,-13341,0,0
6025,-20148,0,0
6026,-10688,0,0
6027,-12218,0,0
6028,-15977,0,0
6029,-11466,0,0
6030,-17544,0,0
6031,-20099,0,0
6032,-16359,0,0
6033,-18319,0,0
6034,9265,0,0
6035,-15984,0,0
6036,-18157,0,0
6037,-21617,0,0
6038,-13157,0,0
6039,-16650,0,0
6040,-18946,0,0
6041,-8822,0,0
6042,-11156,0,0
6043,-15548,0,0
6044,-4347,0,0
6045,-70,0,0
6046,-16574,0,0
6047,-16780,0,0
6048,5688,0,0
6049,11649,0,0
6050,-18458,0,0
6051,-14125,0,0
6052,-17158,0,0
6053,-10292,0,0
6054,16039,0,0
6055,-19337,0,0
6056,-9211,0,0
6057,-9389,0,0
6058,-15152,0,0
6059,-10705,0,0
6060,-15835,0,0
6061,3498,0,0
6062,2322,0,0
6063,-4079,0,0
6064,4866,0,0
6065,-22606,0,0
6066,-12970,0,0
6067,-17593,0,0
6068,-14204,0,0
6069,-22995,0,0
6070,-3560,0,0
6071,-23106,0,0
6072,9093,0,0
6073,-23141,0,0
6074,-15977,0,0
6075,-9049,0,0
6076,-1510,0,0
6077,-12504,0,0
6078,-13902,0,0
6079,-7028,0,0
6080,-16733,0,0
6081,-16041,0,0
6082,-17168,0,0
6083,-2553,0,0
6084,-16613,0,0
6085,3858,0,0
6086,-15730,0,0
6087,3961,0,0
6088,-9586,0,0
6089,7525,0,0
6090,-17228,0,0
6091,-20574,0,0
6092,-21182,0,0
6093,-21405,0,0
6094,-11396,0,0
6095,3484,0,0
6096,-22330,0,0
6097,1478,0,0
6098,3788,0,0
6099,-19265,0,0
6100,-21815,0,0
6101,-17708,0,0
6102,17781,0,0
6103,-15119,0,0
6104,-9922,0,0
6105,-10501,0,0
6106,-22030,0,0
6107,11732,0,0
6108,-23169,0,0
6109,8783,0,0
6110,-13021,0,0
6111,-5752,0,0
6112,-17853,0,0
6113,-4145,0,0
6114,5286,0,0
6115,2502,0,0
6116,-3831,0,0
6117,-17060,0,0
6118,4526,0,0
6119,-2913,0,0
6120,-11792,0,0
6121,14776,0,0
6122,-18614,0,0
6123,7109,0,0
6124,-13249,0,0
6125,1430,0,0
6126,-8360,0,0
6127,-6756,0,0
6128,2322,0,0
6129,-6921,0,0
6130,-14679,0,0
6131,11172,0,0
6132,8866,0,0
6133,-21815,0,0
6134,-20695,0,0
6135,-6726,0,0
6136,-5715,0,0
6137,-22475,0,0
6138,-18215,0,0
6139,-8240,0,0
6140,-18930,0,0
6141,-5683,0,0
6142,-2724,0,0
6143,-628,0,0
6144,-13263,0,-15000
6145,-2272,0,0
6146,-16525,0,0
6147,-19980,0,0
6148,-16648,0,0
6149,-1269,0,0
6150,1336,0,0
6151,5085,0,0
6152,-16780,0,0
6153,-23170,0,0
6154,-6944,0,0
6155,6964,0,0
6156,-15208,0,0
6157,-12089,0,0
6158,-15213,0,0
6159,-23141,0,0
6160,-15746,0,0
6161,-20895,0,0
6162,-16143,0,0
6163,-4986,0,0
6164,16386,0,0
6165,-1290,0,0
6166,7407,0,0
6167,-12130,0,0
6168,-13861,0,0
6169,-17876,0,0
6170,4926,0,0
6171,-22171,0,0
6172,-10417,0,0
6173,-7143,0,0
6174,-20945,0,0
6175,15286,0,0
6176,3978,0,0
6177,-16936,0,0
6178,-20001,0,0
6179,1356,0,0
6180,-7702,0,0
6181,-17295,0,0
6182,-21181,0,0
6183,-21617,0,0
6184,-4220,0,0
6185,-21306,0,0
6186,-16884,0,0
6187,-18080,0,0
6188,-8892,0,0
6189,-19397,0,0
6190,19706,0,0
6191,-11651,0,0
6192,-6727,0,0
6193,2958,0,0
6194,-12647,0,0
6195,-13418,0,0
6196,-18321,0,0
6197,2666,0,0
6198,-5015,0,0
6199,-19873,0,0
6200,-10105,0,0
6201,-6898,0,0
6202,-22829,0,0
6203,-18943,0,0
6204,-18637,0,0
6205,397,0,0
6206,-10725,0,0
6207,-3638,0,0
6208,-22995,0,0
6209,15325,0,0
6210,-516,0,0
6211,-16689,0,0
6212,-11554,0,0
6213,12453,0,0
6214,-4547,0,0
6215,-1302,0,0
6216,-23058,0,0
6217,-17567,0,0
6218,-13027,0,0
6219,-14315,0,0
6220,-11225,0,0
6221,-9230,0,0
6222,-5024,0,0
6223,-17398,0,0
6224,-18926,0,0
6225,16816,0,0
6226,-6129,0,0
6227,14254,0,0
6228,-22802,0,0
6229,-5729,0,0
6230,-22128,0,0
6231,-14699,0,0
6232,-20457,0,0
6233,-2418,0,0
6234,-16330,0,0
6235,-17910,0,0
6236,-23106,0,0
6237,-2452,0,0
6238,-2591,0,0
6239,-16173,0,0
6240,-16058,0,0
6241,15276,0,0
6242,-15509,0,0
6243,-16503,0,0
6244,-21595,0,0
6245,-16756,0,0
6246,-23141,0,0
6247,-16160,0,0
6248,-22332,0,0
6249,-15816,0,0
6250,-6201,0,0
6251,-11387,0,0
6252,-7164,0,0
6253,-9400,0,0
6254,-11302,0,0
6255,6799,0,0
6256,-2837,0,0
6257,-15470,0,0
6258,-16217,0,0
6259,-19015,0,0
6260,-12474,0,0
6261,-19574,0,0
6262,-22475,0,0
6263,-10082,0,0
6264,-22172,0,0
6265,-13554,0,0
6266,-8292,0,0
6267,5234,0,0
6268,-20793,0,0
6269,-8338,0,0
6270,-20858,0,0
6271,2863,0,0
6272,-19324,15000,0
6273,-5938,0,0
6274,-18838,0,0
6275,6965,0,0
6276,870,0,0
6277,-12465,0,0
6278,-8584,0,0
6279,-21937,0,0
6280,4296,0,0
6281,-1138,0,0
6282,-13803,0,0
6283,568,0,0
6284,-3690,0,0
6285,9520,0,0
6286,16383,0,0
6287,-10684,0,0
6288,16382,0,0
6289,-23170,0,0
6290,-2993,0,0
6291,-596,0,0
6292,-16683,0,0
6293,-7208,0,0
6294,-15560,0,0
6295,11539,0,0
6296,-16532,0,0
6297,4668,0,0
6298,17166,0,0
6299,-6402,0,0
6300,-4512,0,0
6301,19384,0,0
6302,12675,0,0
6303,7232,0,0
6304,-1639,0,0
6305,1535,0,0
6306,11726,0,0
6307,5350,0,0
6308,8149,0,0
6309,-4455,0,0
6310,16465,0,0
6311,915,0,0
6312,16508,0,0
6313,-6468,0,0
6314,-6299,0,0
6315,22257,0,0
6316,16456,0,0
6317,-8829,0,0
6318,15976,0,0
6319,662,0,0
6320,-6531,0,0
6321,-8232,0,0
6322,15133,0,0
6323,15732,0,0
6324,-7738,0,0
6325,6959,0,0
6326,14119,0,0
6327,12991,0,0
6328,1020,0,0
6329,-19731,0,0
6330,7083,0,0
6331,-10422,0,0
6332,15537,0,0
6333,15835,0,0
6334,386,0,0
6335,-11090,0,0
6336,15559,0,0
6337,10099,0,0
6338,-1348,0,0
6339,-569,0,0
6340,8860,0,0
6341,-12647,0,0
6342,10268,0,0
6343,14805,0,0
6344,15600,0,0
6345,8863,0,0
6346,15559,0,0
6347,-489,0,0
6348,16550,0,0
6349,4037,0,0
6350,4174,0,0
6351,4881,0,0
6352,5005,0,0
6353,20340,0,0
6354,16382,0,0
6355,19016,0,0
6356,-9503,0,0
6357,8541,0,0
6358,10057,0,0
6359,5132,0,0
6360,-16384,0,0
6361,13747,0,0
6362,16382,0,0
6363,10672,0,0
6364,16383,0,0
6365,0,0,0
6366,4406,0,0
6367,2495,0,0
6368,16269,0,0
6369,1637,0,0
6370,12410,0,0
6371,8396,0,0
6372,1631,0,0
6373,14844,0,0
6374,11186,0,0
6375,6133,0,0
6376,16621,0,0
6377,23140,0,0
6378,15133,0,0
6379,-2047,0,0
6380,16694,0,0
6381,23106,0,0
6382,3289,0,0
6383,16444,0,0
6384,-1512,0,0
6385,14347,0,0
6386,213,0,0
6387,19735,0,0
6388,18897,0,0
6389,13222,0,0
6390,19264,0,0
6391,9325,0,0
6392,8632,0,0
6393,9063,0,0
6394,19872,0,0
6395,16178,0,0
6396,9110,0,0
6397,22474,0,0
6398,6743,0,0
6399,21881,0,0
6400,9658,0,-15000
6401,-10235,0,0
6402,17708,0,0
6403,22171,0,0
6404,20397,0,0
6405,20371,0,0
6406,17841,0,0
6407,3328,0,0
6408,6333,0,0
6409,15414,0,0
6410,13947,0,0
6411,8541,0,0
6412,15118,0,0
6413,9388,0,0
6414,8338,0,0
6415,7506,0,0
6416,-4179,0,0
6417,13489,0,0
6418,-2224,0,0
6419,18109,0,0
6420,-8076,0,0
6421,6192,0,0
6422,-1118,0,0
6423,-4658,0,0
6424,17583,0,0
6425,18907,0,0
6426,16943,0,0
6427,13706,0,0
6428,8039,0,0
6429,13021,0,0
6430,15932,0,0
6431,5404,0,0
6432,2999,0,0
6433,-232,0,0
6434,-9009,0,0
6435,-7609,0,0
6436,19489,0,0
6437,15976,0,0
6438,12233,0,0
6439,14576,0,0
6440,6742,0,0
6441,-399,0,0
6442,21776,0,0
6443,17059,0,0
6444,-41,0,0
6445,17811,0,0
6446,19265,0,0
6447,-635,0,0
6448,-14837,0,0
6449,-5388,0,0
6450,22474,0,0
6451,9652,0,0
6452,14018,0,0
6453,1907,0,0
6454,18205,0,0
6455,9089,0,0
6456,9869,0,0
6457,20694,0,0
6458,5331,0,0
6459,14766,0,0
6460,-7268,0,0
6461,20360,0,0
6462,14531,0,0
6463,7295,0,0
6464,2791,0,0
6465,-7525,0,0
6466,9511,0,0
6467,10598,0,0
6468,-8962,0,0
6469,20944,0,0
6470,2720,0,0
6471,-131,0,0
6472,10205,0,0
6473,9905,0,0
6474,-12299,0,0
6475,-9949,0,0
6476,7268,0,0
6477,12741,0,0
6478,-6994,0,0
6479,9905,0,0
6480,18430,0,0
6481,18930,0,0
6482,-7641,0,0
6483,14379,0,0
6484,-5429,0,0
6485,19831,0,0
6486,21998,0,0
6487,-16748,0,0
6488,16161,0,0
6489,17749,0,0
6490,21814,0,0
6491,-11455,0,0
6492,7123,0,0
6493,9906,0,0
6494,21814,0,0
6495,9905,0,0
6496,-4630,0,0
6497,20944,0,0
6498,14973,0,0
6499,5651,0,0
6500,1675,0,0
6501,10921,0,0
6502,22170,0,0
6503,5294,0,0
6504,11251,0,0
6505,4050,0,0
6506,16504,0,0
6507,8601,0,0
6508,22329,0,0
6509,11420,0,0
6510,6179,0,0
6511,873,0,0
6512,-8788,0,0
6513,20432,0,0
6514,-6201,0,0
6515,11064,0,0
6516,-9567,0,0
6517,-2466,0,0
6518,1352,0,0
6519,20944,0,0
6520,21616,0,0
6521,10475,0,0
6522,-8338,0,0
6523,8866,0,0
6524,11133,0,0
6525,9498,0,0
6526,-7660,0,0
6527,12985,0,0
6528,17406,15000,0
6529,20902,0,0
6530,5794,0,0
6531,-7711,0,0
6532,16938,0,0
6533,9735,0,0
6534,17642,0,0
6535,13685,0,0
6536,-8398,0,0
6537,754,0,0
6538,7805,0,0
6539,16253,0,0
6540,7805,0,0
6541,13757,0,0
6542,-8383,0,0
6543,21180,0,0
6544,-5739,0,0
6545,21180,0,0
6546,19782,0,0
6547,21181,0,0
6548,-2772,0,0
6549,9388,0,0
6550,3940,0,0
6551,-18292,0,0
6552,2594,0,0
6553,-7044,0,0
6554,-578,0,0
6555,-12735,0,0
6556,8195,0,0
6557,1269,0,0
6558,9522,0,0
6559,20944,0,0
6560,-8496,0,0
6561,-8525,0,0
6562,7992,0,0
6563,6676,0,0
6564,17844,0,0
6565,1144,0,0
6566,-19612,0,0
6567,-10922,0,0
6568,15786,0,0
6569,10780,0,0
6570,-14301,0,0
6571,-14977,0,0
6572,-411,0,0
6573,-14668,0,0
6574,-19927,0,0
6575,-12396,0,0
6576,5075,0,0
6577,-12396,0,0
6578,-11118,0,0
6579,3121,0,0
6580,9117,0,0
6581,-13329,0,0
6582,-8798,0,0
6583,-18196,0,0
6584,3714,0,0
6585,-1570,0,0
6586,4520,0,0
6587,-14785,0,0
6588,-13685,0,0
6589,-12396,0,0
6590,5076,0,0
6591,-15551,0,0
6592,5628,0,0
6593,-12467,0,0
6594,-22330,0,0
6595,-7032,0,0
6596,17075,0,0
6597,-17132,0,0
6598,5939,0,0
6599,3894,0,0
6600,17703,0,0
6601,3840,0,0
6602,17691,0,0
6603,21999,0,0
6604,-622,0,0
6605,7731,0,0
6606,-20159,0,0
6607,-19038,0,0
6608,-8962,0,0
6609,-4521,0,0
6610,2608,0,0
6611,10532,0,0
6612,-291,0,0
6613,14351,0,0
6614,4902,0,0
6615,-4888,0,0
6616,-17910,0,0
6617,13132,0,0
6618,6522,0,0
6619,4410,0,0
6620,-7918,0,0
6621,12625,0,0
6622,-16754,0,0
6623,-8276,0,0
6624,4985,0,0
6625,-13803,0,0
6626,-10608,0,0
6627,1137,0,0
6628,-7578,0,0
6629,-23057,0,0
6630,-10362,0,0
6631,12266,0,0
6632,-12872,0,0
6633,3949,0,0
6634,-7901,0,0
6635,-8976,0,0
6636,-9321,0,0
6637,7267,0,0
6638,6970,0,0
6639,-6024,0,0
6640,-8339,0,0
6641,-15110,0,0
6642,9507,0,0
6643,2980,0,0
6644,21790,0,0
6645,-20159,0,0
6646,-15100,0,0
6647,-9781,0,0
6648,-4521,0,0
6649,-18943,0,0
6650,-1848,0,0
6651,4315,0,0
6652,-3985,0,0
6653,7111,0,0
6654,-2339,0,0
6655,14988,0,0
6656,-569,0,-15000
6657,16244,0,0
6658,-470,0,0
6659,-16383,0,0
6660,-3172,0,0
6661,5144,0,0
6662,-10155,0,0
6663,-4775,0,0
6664,-399,0,0
6665,2817,0,0
6666,0,0,0
6667,7357,0,0
6668,-5430,0,0
6669,-16384,0,0
6670,-8653,0,0
6671,-16780,0,0
6672,-17698,0,0
6673,-13828,0,0
6674,3694,0,0
6675,-13496,0,0
6676,-12616,0,0
6677,8609,0,0
6678,-19856,0,0
6679,16518,0,0
6680,-19033,0,0
6681,-15134,0,0
6682,-6067,0,0
6683,-14882,0,0
6684,13505,0,0
6685,17669,0,0
6686,1144,0,0
6687,-16083,0,0
6688,-22724,0,0
6689,10280,0,0
6690,396,0,0
6691,-16870,0,0
6692,12697,0,0
6693,-18259,0,0
6694,944,0,0
6695,-16274,0,0
6696,-2150,0,0
6697,-6179,0,0
6698,11911,0,0
6699,-4521,0,0
6700,12871,0,0
6701,22029,0,0
6702,16257,0,0
6703,-4400,0,0
6704,-17708,0,0
6705,-20876,0,0
6706,15501,0,0
6707,9225,0,0
6708,-12579,0,0
6709,16001,0,0
6710,5052,0,0
6711,-569,0,0
6712,15983,0,0
6713,-569,0,0
6714,-11288,0,0
6715,-18021,0,0
6716,-1266,0,0
6717,7711,0,0
6718,-7296,0,0
6719,-14059,0,0
6720,-16944,0,0
6721,897,0,0
6722,1058,0,0
6723,3469,0,0
6724,11092,0,0
6725,-8898,0,0
6726,18399,0,0
6727,-11851,0,0
6728,-15851,0,0
6729,1888,0,0
6730,-11564,0,0
6731,6725,0,0
6732,4682,0,0
6733,-20045,0,0
6734,-14977,0,0
6735,13650,0,0
6736,-7805,0,0
6737,-10973,0,0
6738,-7526,0,0
6739,11419,0,0
6740,19545,0,0
6741,1659,0,0
6742,11774,0,0
6743,12871,0,0
6744,-19995,0,0
6745,-4655,0,0
6746,10899,0,0
6747,-6700,0,0
6748,-1138,0,0
6749,-893,0,0
6750,-2143,0,0
6751,15976,0,0
6752,8434,0,0
6753,-1435,0,0
6754,5626,0,0
6755,16949,0,0
6756,-7941,0,0
6757,-477,0,0
6758,1219,0,0
6759,992,0,0
6760,-11806,0,0
6761,-7069,0,0
6762,22827,0,0
6763,13393,0,0
6764,7521,0,0
6765,8020,0,0
6766,-15386,0,0
6767,18335,0,0
6768,-1275,0,0
6769,17640,0,0
6770,6195,0,0
6771,-14297,0,0
6772,-12362,0,0
6773,4472,0,0
6774,-20945,0,0
6775,-7268,0,0
6776,10921,0,0
6777,22050,0,0
6778,-18,0,0
6779,14401,0,0
6780,-12310,0,0
6781,8136,0,0
6782,-9534,0,0
6783,1240,0,0
6784,1003,15000,0
6785,3245,0,0
6786,11780,0,0
6787,-6903,0,0
6788,10337,0,0
6789,4048,0,0
6790,-7351,0,0
6791,921,0,0
6792,16383,0,0
6793,9675,0,0
6794,1096,0,0
6795,-16708,0,0
6796,-4302,0,0
6797,1509,0,0
6798,-13341,0,0
6799,5899,0,0
6800,19574,0,0
6801,12012,0,0
6802,6114,0,0
6803,7267,0,0
6804,20944,0,0
6805,3836,0,0
6806,1237,0,0
6807,8421,0,0
6808,14822,0,0
6809,-18842,0,0
6810,-4846,0,0
6811,-17069,0,0
6812,9538,0,0
6813,-11508,0,0
6814,2718,0,0
6815,16779,0,0
6816,-357,0,0
6817,11990,0,0
6818,3468,0,0
6819,6385,0,0
6820,-2492,0,0
6821,20694,0,0
6822,9759,0,0
6823,2420,0,0
6824,6865,0,0
6825,17978,0,0
6826,6506,0,0
6827,-16922,0,0
6828,1370,0,0
6829,11384,0,0
6830,-12561,0,0
6831,23168,0,0
6832,-11404,0,0
6833,-711,0,0
6834,17183,0,0
6835,21568,0,0
6836,9277,0,0
6837,8691,0,0
6838,7773,0,0
6839,4027,0,0
6840,-3337,0,0
6841,12871,0,0
6842,22471,0,0
6843,17578,0,0
6844,1530,0,0
6845,15976,0,0
6846,16568,0,0
6847,16687,0,0
6848,5531,0,0
6849,19263,0,0
6850,5076,0,0
6851,18347,0,0
6852,14793,0,0
6853,12316,0,0
6854,20944,0,0
6855,16287,0,0
6856,18014,0,0
6857,-14076,0,0
6858,16535,0,0
6859,-1418,0,0
6860,-2441,0,0
6861,17269,0,0
6862,15043,0,0
6863,8791,0,0
6864,-21182,0,0
6865,17270,0,0
6866,2263,0,0
6867,15593,0,0
6868,1270,0,0
6869,-16329,0,0
6870,-15971,0,0
6871,-10100,0,0
6872,13672,0,0
6873,-10270,0,0
6874,-1094,0,0
6875,-15267,0,0
6876,-1813,0,0
6877,-10803,0,0
6878,17820,0,0
6879,-18295,0,0
6880,-1740,0,0
6881,-13594,0,0
6882,2081,0,0
6883,-13321,0,0
6884,-19240,0,0
6885,8382,0,0
6886,8922,0,0
6887,-11911,0,0
6888,-6102,0,0
6889,803,0,0
6890,-13176,0,0
6891,-16136,0,0
6892,-15527,0,0
6893,10328,0,0
6894,-7806,0,0
6895,598,0,0
6896,-20159,0,0
6897,-2453,0,0
6898,-17179,0,0
6899,-15390,0,0
6900,-6795,0,0
6901,4686,0,0
6902,-20159,0,0
6903,-7216,0,0
6904,-21999,0,0
6905,3121,0,0
6906,-22829,0,0
6907,-16806,0,0
6908,-23169,0,0
6909,-3750,0,0
6910,-10368,0,0
6911,-12872,0,0
6912,-3836,0,-15000
6913,-11446,0,0
6914,11504,0,0
6915,-21021,0,0
6916,-20159,0,0
6917,-6578,0,0
6918,-13956,0,0
6919,-2844,0,0
6920,-16250,0,0
6921,14118,0,0
6922,-2708,0,0
6923,10541,0,0
6924,-10272,0,0
6925,5076,0,0
6926,-10922,0,0
6927,12446,0,0
6928,-8867,0,0
6929,582,0,0
6930,2898,0,0
6931,12395,0,0
6932,-5669,0,0
6933,14698,0,0
6934,22606,0,0
6935,-8156,0,0
6936,-15508,0,0
6937,3520,0,0
6938,3538,0,0
6939,8757,0,0
6940,19419,0,0
6941,15753,0,0
6942,10992,0,0
6943,7341,0,0
6944,15230,0,0
6945,19562,0,0
6946,8641,0,0
6947,-2271,0,0
6948,11557,0,0
6949,23161,0,0
6950,-15412,0,0
6951,11862,0,0
6952,-3154,0,0
6953,16231,0,0
6954,-112,0,0
6955,12324,0,0
6956,9159,0,0
6957,17023,0,0
6958,22723,0,0
6959,-50,0,0
6960,-2901,0,0
6961,16457,0,0
6962,23141,0,0
6963,13678,0,0
6964,16962,0,0
6965,20432,0,0
6966,8337,0,0
6967,19388,0,0
6968,15135,0,0
6969,11028,0,0
6970,18609,0,0
6971,17400,0,0
6972,16382,0,0
6973,21789,0,0
6974,16613,0,0
6975,6501,0,0
6976,-8373,0,0
6977,1179,0,0
6978,2955,0,0
6979,13939,0,0
6980,19951,0,0
6981,17964,0,0
6982,9045,0,0
6983,17520,0,0
6984,-6528,0,0
6985,10331,0,0
6986,-28,0,0
6987,11998,0,0
6988,-5077,0,0
6989,13811,0,0
6990,10812,0,0
6991,16167,0,0
6992,-11917,0,0
6993,11198,0,0
6994,4785,0,0
6995,-1321,0,0
6996,-6521,0,0
6997,-5570,0,0
6998,-13048,0,0
6999,-16821,0,0
7000,-1354,0,0
7001,-13534,0,0
7002,2772,0,0
7003,4562,0,0
7004,-11036,0,0
7005,-14698,0,0
7006,2885,0,0
7007,-17167,0,0
7008,-2837,0,0
7009,-227,0,0
7010,2890,0,0
7011,-17381,0,0
7012,-1472,0,0
7013,-6058,0,0
7014,-15041,0,0
7015,-23141,0,0
7016,-8410,0,0
7017,18349,0,0
7018,-9429,0,0
7019,-22475,0,0
7020,-10744,0,0
7021,-11724,0,0
7022,-18908,0,0
7023,-19873,0,0
7024,-22428,0,0
7025,-18266,0,0
7026,-7991,0,0
7027,-13212,0,0
7028,-2438,0,0
7029,-10710,0,0
7030,5731,0,0
7031,-11912,0,0
7032,-15607,0,0
7033,-3443,0,0
7034,13901,0,0
7035,-7268,0,0
7036,-14315,0,0
7037,-7091,0,0
7038,-16169,0,0
7039,-9573,0,0
7040,-8252,15000,0
7041,-16620,0,0
7042,-15560,0,0
7043,-5351,0,0
7044,-6319,0,0
7045,-20889,0,0
7046,-12500,0,0
7047,6725,0,0
7048,-7862,0,0
7049,-19505,0,0
7050,-18989,0,0
7051,-10263,0,0
7052,-4521,0,0
7053,3116,0,0
7054,-16671,0,0
7055,-3898,0,0
7056,5669,0,0
7057,7677,0,0
7058,2271,0,0
7059,15660,0,0
7060,-11141,0,0
7061,9300,0,0
7062,-13444,0,0
7063,-8339,0,0
7064,13031,0,0
7065,-6179,0,0
7066,12395,0,0
7067,-9636,0,0
7068,389,0,0
7069,14370,0,0
7070,16382,0,0
7071,20131,0,0
7072,17557,0,0
7073,15806,0,0
7074,-1224,0,0
7075,18439,0,0
7076,-10575,0,0
7077,9040,0,0
7078,263,0,0
7079,4531,0,0
7080,5335,0,0
7081,-12615,0,0
7082,13375,0,0
7083,14115,0,0
7084,22917,0,0
7085,7442,0,0
7086,10580,0,0
7087,-1234,0,0
7088,2557,0,0
7089,4712,0,0
7090,21380,0,0
7091,6451,0,0
7092,22605,0,0
7093,-14689,0,0
7094,3849,0,0
7095,15510,0,0
7096,13249,0,0
7097,18924,0,0
7098,16694,0,0
7099,20680,0,0
7100,16518,0,0
7101,5733,0,0
7102,9470,0,0
7103,13987,0,0
7104,16310,0,0
7105,-1240,0,0
7106,5372,0,0
7107,17263,0,0
7108,17922,0,0
7109,9690,0,0
7110,-7012,0,0
7111,16376,0,0
7112,-760,0,0
7113,13707,0,0
7114,4933,0,0
7115,3185,0,0
7116,520,0,0
7117,11327,0,0
7118,-840,0,0
7119,-5955,0,0
7120,16413,0,0
7121,-2722,0,0
7122,7005,0,0
7123,-6468,0,0
7124,10921,0,0
7125,11444,0,0
7126,-3737,0,0
7127,-4265,0,0
7128,-18125,0,0
7129,16825,0,0
7130,-15228,0,0
7131,15734,0,0
7132,-5233,0,0
7133,6462,0,0
7134,-6726,0,0
7135,10762,0,0
7136,-10922,0,0
7137,-20058,0,0
7138,1032,0,0
7139,-23162,0,0
7140,-934,0,0
7141,-22995,0,0
7142,1245,0,0
7143,-18267,0,0
7144,-21182,0,0
7145,-15078,0,0
7146,-15262,0,0
7147,-1293,0,0
7148,-19347,0,0
7149,-17088,0,0
7150,13484,0,0
7151,-15309,0,0
7152,-22828,0,0
7153,-18530,0,0
7154,-5936,0,0
7155,-5766,0,0
7156,-16248,0,0
7157,-1659,0,0
7158,-17105,0,0
7159,2692,0,0
7160,-4824,0,0
7161,-17234,0,0
7162,-13985,0,0
7163,15070,0,0
7164,-12781,0,0
7165,14844,0,0
7166,-18459,0,0
7167,2784,0,0
7168,-2523,0,-15000
7169,235,0,0
7170,4983,0,0
7171,-1669,0,0
7172,5170,0,0
7173,11934,0,0
7174,6678,0,0
7175,-6277,0,0
7176,-351,0,0
7177,17015,0,0
7178,11373,0,0
7179,4519,0,0
7180,-2155,0,0
7181,-9186,0,0
7182,11409,0,0
7183,17682,0,0
7184,-6713,0,0
7185,16562,0,0
7186,23168,0,0
7187,10410,0,0
7188,9991,0,0
7189,6244,0,0
7190,7677,0,0
7191,13835,0,0
7192,13340,0,0
7193,20110,0,0
7194,-3571,0,0
7195,17059,0,0
7196,14858,0,0
7197,1472,0,0
7198,-6346,0,0
7199,16862,0,0
7200,5075,0,0
7201,-292,0,0
7202,-1750,0,0
7203,-7461,0,0
7204,-5769,0,0
7205,12395,0,0
7206,6953,0,0
7207,8337,0,0
7208,-10922,0,0
7209,7585,0,0
7210,18265,0,0
7211,568,0,0
7212,-17167,0,0
7213,2446,0,0
7214,10236,0,0
7215,-1252,0,0
7216,10739,0,0
7217,20384,0,0
7218,2313,0,0
7219,-2549,0,0
7220,14333,0,0
7221,15693,0,0
7222,-5920,0,0
7223,6887,0,0
7224,-22475,0,0
7225,-660,0,0
7226,-11297,0,0
7227,-19492,0,0
7228,1507,0,0
7229,-15332,0,0
7230,-15068,0,0
7231,2301,0,0
7232,-16451,0,0
7233,5629,0,0
7234,15688,0,0
7235,-20555,0,0
7236,-15209,0,0
7237,-15604,0,0
7238,-9088,0,0
7239,-15134,0,0
7240,-10058,0,0
7241,-7181,0,0
7242,-5430,0,0
7243,10616,0,0
7244,-3656,0,0
7245,-13583,0,0
7246,2465,0,0
7247,-17708,0,0
7248,798,0,0
7249,5350,0,0
7250,-5211,0,0
7251,-20945,0,0
7252,-9166,0,0
7253,-9733,0,0
7254,5851,0,0
7255,-11131,0,0
7256,16226,0,0
7257,-1463,0,0
7258,-3132,0,0
7259,-6590,0,0
7260,7825,0,0
7261,23057,0,0
7262,16383,0,0
7263,4440,0,0
7264,16763,0,0
7265,13563,0,0
7266,1379,0,0
7267,-6035,0,0
7268,-3961,0,0
7269,17399,0,0
7270,7205,0,0
7271,18157,0,0
7272,21885,0,0
7273,10416,0,0
7274,3454,0,0
7275,2729,0,0
7276,16976,0,0
7277,23140,0,0
7278,5557,0,0
7279,22917,0,0
7280,789,0,0
7281,-13471,0,0
7282,4891,0,0
7283,2363,0,0
7284,7283,0,0
7285,16613,0,0
7286,-4173,0,0
7287,15126,0,0
7288,1065,0,0
7289,-4003,0,0
7290,-4919,0,0
7291,-15509,0,0
7292,14461,0,0
7293,8992,0,0
7294,-12803,0,0
7295,-11034,0,0
7296,-7507,15000,0
7297,-10922,0,0
7298,571,0,0
7299,10563,0,0
7300,-5515,0,0
7301,-9380,0,0
7302,427,0,0
7303,-5135,0,0
7304,-3798,0,0
7305,-20176,0,0
7306,-16758,0,0
7307,-21207,0,0
7308,884,0,0
7309,12138,0,0
7310,-16197,0,0
7311,-17185,0,0
7312,-1137,0,0
7313,-17152,0,0
7314,-20487,0,0
7315,-5880,0,0
7316,-1162,0,0
7317,9212,0,0
7318,-17848,0,0
7319,-4009,0,0
7320,1695,0,0
7321,-3514,0,0
7322,10241,0,0
7323,11025,0,0
7324,9215,0,0
7325,14772,0,0
7326,-23162,0,0
7327,9158,0,0
7328,6178,0,0
7329,-520,0,0
7330,283,0,0
7331,20436,0,0
7332,-15387,0,0
7333,17981,0,0
7334,19263,0,0
7335,-3835,0,0
7336,13116,0,0
7337,16648,0,0
7338,11904,0,0
7339,6893,0,0
7340,5407,0,0
7341,-3193,0,0
7342,-8545,0,0
7343,-8337,0,0
7344,10051,0,0
7345,12520,0,0
7346,-4997,0,0
7347,-5077,0,0
7348,12584,0,0
7349,-1824,0,0
7350,3960,0,0
7351,-4969,0,0
7352,1520,0,0
7353,-6392,0,0
7354,-11173,0,0
7355,7267,0,0
7356,7819,0,0
7357,-9912,0,0
7358,-17543,0,0
7359,-5382,0,0
7360,-10417,0,0
7361,-7629,0,0
7362,-5077,0,0
7363,-16911,0,0
7364,-15884,0,0
7365,-16278,0,0
7366,-5783,0,0
7367,-2757,0,0
7368,-18385,0,0
7369,-1354,0,0
7370,10782,0,0
7371,-23106,0,0
7372,-17780,0,0
7373,-2760,0,0
7374,6341,0,0
7375,-14329,0,0
7376,-2788,0,0
7377,-15345,0,0
7378,-13882,0,0
7379,-10417,0,0
7380,-14980,0,0
7381,-9415,0,0
7382,14799,0,0
7383,-2120,0,0
7384,-10491,0,0
7385,575,0,0
7386,11726,0,0
7387,12298,0,0
7388,21943,0,0
7389,16595,0,0
7390,127,0,0
7391,18608,0,0
7392,8749,0,0
7393,21405,0,0
7394,11880,0,0
7395,15441,0,0
7396,-2319,0,0
7397,7396,0,0
7398,-2478,0,0
7399,20950,0,0
7400,11700,0,0
7401,1137,0,0
7402,22828,0,0
7403,-16624,0,0
7404,-11930,0,0
7405,9203,0,0
7406,22474,0,0
7407,-918,0,0
7408,-16235,0,0
7409,2656,0,0
7410,17542,0,0
7411,-569,0,0
7412,13801,0,0
7413,-12868,0,0
7414,-13638,0,0
7415,-10922,0,0
7416,4520,0,0
7417,17542,0,0
7418,-21234,0,0
7419,-18266,0,0
7420,-14248,0,0
7421,-20695,0,0
7422,11187,0,0
7423,-21404,0,0
7424,-13342,0,-15000
7425,-13053,0,0
7426,-15318,0,0
7427,-20344,0,0
7428,-19264,0,0
7429,-13648,0,0
7430,-10893,0,0
7431,-13060,0,0
7432,-9404,0,0
7433,-13974,0,0
7434,-4894,0,0
7435,-18609,0,0
7436,-7056,0,0
7437,-11160,0,0
7438,-19301,0,0
7439,-6200,0,0
7440,-15689,0,0
7441,-21607,0,0
7442,-2850,0,0
7443,7408,0,0
7444,17499,0,0
7445,-11093,0,0
7446,1389,0,0
7447,-10732,0,0
7448,-13414,0,0
7449,-3375,0,0
7450,2836,0,0
7451,-16020,0,0
7452,17014,0,0
7453,14659,0,0
7454,14327,0,0
7455,-5975,0,0
7456,-11724,0,0
7457,2271,0,0
7458,12924,0,0
7459,6725,0,0
7460,13379,0,0
7461,11910,0,0
7462,21709,0,0
7463,15976,0,0
7464,5658,0,0
7465,14152,0,0
7466,15270,0,0
7467,-11161,0,0
7468,6493,0,0
7469,22019,0,0
7470,8602,0,0
7471,0,0,0
7472,-15827,0,0
7473,568,0,0
7474,-6358,0,0
7475,2444,0,0
7476,22329,0,0
7477,7869,0,0
7478,10909,0,0
7479,-1014,0,0
7480,45,0,0
7481,-19575,0,0
7482,16458,0,0
7483,-21639,0,0
7484,-830,0,0
7485,-10805,0,0
7486,2410,0,0
7487,-5163,0,0
7488,13413,0,0
7489,-8358,0,0
7490,-14487,0,0
7491,9857,0,0
7492,-5905,0,0
7493,-7115,0,0
7494,-5869,0,0
7495,15390,0,0
7496,-16130,0,0
7497,-15480,0,0
7498,-8700,0,0
7499,-2753,0,0
7500,-18421,0,0
7501,-22559,0,0
7502,-16754,0,0
7503,-9910,0,0
7504,6154,0,0
7505,-10780,0,0
7506,-11239,0,0
7507,-8863,0,0
7508,-7733,0,0
7509,-17512,0,0
7510,16130,0,0
7511,-14255,0,0
7512,-6391,0,0
7513,-10417,0,0
7514,-9454,0,0
7515,6388,0,0
7516,-17064,0,0
7517,-15287,0,0
7518,-7986,0,0
7519,3837,0,0
7520,153,0,0
7521,-3478,0,0
7522,10223,0,0
7523,16079,0,0
7524,12860,0,0
7525,-13726,0,0
7526,2705,0,0
7527,18942,0,0
7528,1259,0,0
7529,14323,0,0
7530,-8927,0,0
7531,16635,0,0
7532,16687,0,0
7533,3290,0,0
7534,17065,0,0
7535,15,0,0
7536,13912,0,0
7537,7746,0,0
7538,-5697,0,0
7539,19167,0,0
7540,3399,0,0
7541,16773,0,0
7542,2809,0,0
7543,14254,0,0
7544,-2317,0,0
7545,10416,0,0
7546,14352,0,0
7547,8342,0,0
7548,16281,0,0
7549,-20187,0,0
7550,16383,0,0
7551,1945,0,0
7552,-4310,15000,0
7553,6374,0,0
7554,7707,0,0
7555,13358,0,0
7556,6179,0,0
7557,16343,0,0
7558,5277,0,0
7559,6684,0,0
7560,5752,0,0
7561,-4630,0,0
7562,15028,0,0
7563,-2140,0,0
7564,-11907,0,0
7565,-20769,0,0
7566,-11912,0,0
7567,5601,0,0
7568,-16264,0,0
7569,-1464,0,0
7570,-11601,0,0
7571,-12330,0,0
7572,-9647,0,0
7573,-10101,0,0
7574,-2029,0,0
7575,-10418,0,0
7576,15568,0,0
7577,-15203,0,0
7578,-8222,0,0
7579,-12311,0,0
7580,-2271,0,0
7581,-1388,0,0
7582,-21917,0,0
7583,-6958,0,0
7584,-16546,0,0
7585,-16062,0,0
7586,-17083,0,0
7587,-23162,0,0
7588,-17544,0,0
7589,-16856,0,0
7590,13773,0,0
7591,-21606,0,0
7592,3660,0,0
7593,1327,0,0
7594,-6378,0,0
7595,15559,0,0
7596,-11103,0,0
7597,13801,0,0
7598,-10213,0,0
7599,2868,0,0
7600,-13375,0,0
7601,-20642,0,0
7602,14367,0,0
7603,1046,0,0
7604,-15977,0,0
7605,-13215,0,0
7606,-5084,0,0
7607,11695,0,0
7608,19343,0,0
7609,-2882,0,0
7610,16742,0,0
7611,13524,0,0
7612,2102,0,0
7613,-5062,0,0
7614,-16966,0,0
7615,-10471,0,0
7616,11253,0,0
7617,21404,0,0
7618,20432,0,0
7619,-634,0,0
7620,6064,0,0
7621,5474,0,0
7622,16053,0,0
7623,6690,0,0
7624,13640,0,0
7625,17006,0,0
7626,9490,0,0
7627,20158,0,0
7628,-21331,0,0
7629,11881,0,0
7630,3442,0,0
7631,16121,0,0
7632,3157,0,0
7633,15813,0,0
7634,-9937,0,0
7635,13725,0,0
7636,14121,0,0
7637,-3564,0,0
7638,17542,0,0
7639,8066,0,0
7640,18068,0,0
7641,507,0,0
7642,1952,0,0
7643,21814,0,0
7644,7746,0,0
7645,3931,0,0
7646,4844,0,0
7647,1869,0,0
7648,23105,0,0
7649,-14437,0,0
7650,-17022,0,0
7651,-5464,0,0
7652,11358,0,0
7653,-18784,0,0
7654,-7269,0,0
7655,-7483,0,0
7656,-10417,0,0
7657,-4332,0,0
7658,-6879,0,0
7659,-8372,0,0
7660,-16384,0,0
7661,-12105,0,0
7662,-14788,0,0
7663,-10608,0,0
7664,1669,0,0
7665,-720,0,0
7666,-21999,0,0
7667,2801,0,0
7668,-22919,0,0
7669,14697,0,0
7670,-23162,0,0
7671,-15889,0,0
7672,-10027,0,0
7673,-18889,0,0
7674,3589,0,0
7675,-14499,0,0
7676,13865,0,0
7677,-17604,0,0
7678,-13461,0,0
7679,-22724,0,0
7680,-15617,0,-15000
7681,-20766,0,0
7682,-8703,0,0
7683,-19284,0,0
7684,-16876,0,0
7685,4291,0,0
7686,-14930,0,0
7687,5629,0,0
7688,5583,0,0
7689,-3171,0,0
7690,-3039,0,0
7691,2192,0,0
7692,-7546,0,0
7693,-9930,0,0
7694,-12325,0,0
7695,-17543,0,0
7696,6658,0,0
7697,-15560,0,0
7698,3316,0,0
7699,-7465,0,0
7700,-9848,0,0
7701,-9177,0,0
7702,6128,0,0
7703,-18617,0,0
7704,13466,0,0
7705,11767,0,0
7706,-15493,0,0
7707,4620,0,0
7708,-6144,0,0
7709,749,0,0
7710,15133,0,0
7711,-4821,0,0
7712,-780,0,0
7713,-4558,0,0
7714,-16152,0,0
7715,6674,0,0
7716,3200,0,0
7717,3954,0,0
7718,9045,0,0
7719,6208,0,0
7720,20582,0,0
7721,10416,0,0
7722,17671,0,0
7723,15316,0,0
7724,-22416,0,0
7725,13801,0,0
7726,-2271,0,0
7727,3284,0,0
7728,-20880,0,0
7729,-13519,0,0
7730,-17733,0,0
7731,-7054,0,0
7732,23057,0,0
7733,8949,0,0
7734,-2467,0,0
7735,-12396,0,0
7736,9713,0,0
7737,-6365,0,0
7738,8095,0,0
7739,8998,0,0
7740,11939,0,0
7741,-5376,0,0
7742,-1469,0,0
7743,7721,0,0
7744,16683,0,0
7745,-13441,0,0
7746,13815,0,0
7747,16815,0,0
7748,-7273,0,0
7749,2711,0,0
7750,15559,0,0
7751,22087,0,0
7752,16779,0,0
7753,10798,0,0
7754,15709,0,0
7755,7693,0,0
7756,11404,0,0
7757,-15796,0,0
7758,19573,0,0
7759,22474,0,0
7760,13354,0,0
7761,16647,0,0
7762,19801,0,0
7763,13229,0,0
7764,21616,0,0
7765,19214,0,0
7766,21998,0,0
7767,-16316,0,0
7768,-13456,0,0
7769,-8357,0,0
7770,10105,0,0
7771,14055,0,0
7772,16286,0,0
7773,16548,0,0
7774,1898,0,0
7775,-13396,0,0
7776,23168,0,0
7777,5812,0,0
7778,23057,0,0
7779,-9793,0,0
7780,805,0,0
7781,19872,0,0
7782,5846,0,0
7783,20944,0,0
7784,18921,0,0
7785,17597,0,0
7786,13945,0,0
7787,22474,0,0
7788,19431,0,0
7789,-193,0,0
7790,18264,0,0
7791,23105,0,0
7792,4636,0,0
7793,1578,0,0
7794,-14359,0,0
7795,-1137,0,0
7796,17909,0,0
7797,-2272,0,0
7798,17862,0,0
7799,-6779,0,0
7800,14138,0,0
7801,8499,0,0
7802,2888,0,0
7803,14468,0,0
7804,18699,0,0
7805,13662,0,0
7806,9877,0,0
7807,18273,0,0
7808,11357,15000,0
7809,15085,0,0
7810,5133,0,0
7811,-49,0,0
7812,6014,0,0
7813,15559,0,0
7814,-11852,0,0
7815,15998,0,0
7816,-4188,0,0
7817,-4017,0,0
7818,-1877,0,0
7819,3631,0,0
7820,-4052,0,0
7821,3663,0,0
7822,-10292,0,0
7823,12077,0,0
7824,7752,0,0
7825,5939,0,0
7826,2926,0,0
7827,9332,0,0
7828,-5805,0,0
7829,5076,0,0
7830,15832,0,0
7831,22395,0,0
7832,-14075,0,0
7833,12673,0,0
7834,10653,0,0
7835,13206,0,0
7836,17499,0,0
7837,-15003,0,0
7838,16111,0,0
7839,-5623,0,0
7840,15976,0,0
7841,19157,0,0
7842,-5219,0,0
7843,2992,0,0
7844,7556,0,0
7845,-1704,0,0
7846,15215,0,0
7847,21840,0,0
7848,-18609,0,0
7849,22723,0,0
7850,6405,0,0
7851,18881,0,0
7852,3228,0,0
7853,-7806,0,0
7854,-9086,0,0
7855,-14720,0,0
7856,-3991,0,0
7857,1486,0,0
7858,7514,0,0
7859,7418,0,0
7860,9933,0,0
7861,18942,0,0
7862,9901,0,0
7863,-10234,0,0
7864,1500,0,0
7865,-15767,0,0
7866,-4177,0,0
7867,-16384,0,0
7868,-569,0,0
7869,-14065,0,0
7870,12557,0,0
7871,-11470,0,0
7872,-11733,0,0
7873,-15210,0,0
7874,723,0,0
7875,-3815,0,0
7876,8725,0,0
7877,9452,0,0
7878,16159,0,0
7879,8332,0,0
7880,-8339,0,0
7881,8956,0,0
7882,18584,0,0
7883,7267,0,0
7884,19692,0,0
7885,12241,0,0
7886,-11911,0,0
7887,1042,0,0
7888,-12872,0,0
7889,-15696,0,0
7890,9524,0,0
7891,-20016,0,0
7892,-8176,0,0
7893,15206,0,0
7894,14609,0,0
7895,-8827,0,0
7896,4941,0,0
7897,-1705,0,0
7898,-16509,0,0
7899,14244,0,0
7900,-12335,0,0
7901,-6939,0,0
7902,11911,0,0
7903,1591,0,0
7904,-11107,0,0
7905,21998,0,0
7906,-13340,0,0
7907,21107,0,0
7908,-13685,0,0
7909,-20695,0,0
7910,-17746,0,0
7911,-14221,0,0
7912,5075,0,0
7913,1607,0,0
7914,-442,0,0
7915,-13802,0,0
7916,-8718,0,0
7917,-3067,0,0
7918,1703,0,0
7919,-9839,0,0
7920,568,0,0
7921,-14923,0,0
7922,-644,0,0
7923,14716,0,0
7924,-569,0,0
7925,-16747,0,0
7926,-1704,0,0
7927,2971,0,0
7928,-3401,0,0
7929,12593,0,0
7930,1312,0,0
7931,-19873,0,0
7932,-8203,0,0
7933,-5562,0,0
7934,-15108,0,0
7935,-3466,0,0
7936,15175,0,-15000
7937,-10712,0,0
7938,-323,0,0
7939,-8268,0,0
7940,-12396,0,0
7941,4227,0,0
7942,6959,0,0
7943,-12780,0,0
7944,-1019,0,0
7945,-11594,0,0
7946,-13106,0,0
7947,-9366,0,0
7948,-5559,0,0
7949,-22346,0,0
7950,-15372,0,0
7951,-15825,0,0
7952,-13665,0,0
7953,-22475,0,0
7954,-20433,0,0
7955,-3515,0,0
7956,-19056,0,0
7957,2634,0,0
7958,-3282,0,0
7959,-18683,0,0
7960,6620,0,0
7961,-9939,0,0
7962,-7626,0,0
7963,-18116,0,0
7964,2110,0,0
7965,-15305,0,0
7966,1405,0,0
7967,-16780,0,0
7968,-22831,0,0
7969,-16383,0,0
7970,-23162,0,0
7971,-16588,0,0
7972,-18749,0,0
7973,2785,0,0
7974,-18363,0,0
7975,-18727,0,0
7976,12773,0,0
7977,-20159,0,0
7978,-4748,0,0
7979,-16465,0,0
7980,-18836,0,0
7981,-21406,0,0
7982,-18726,0,0
7983,9464,0,0
7984,-14363,0,0
7985,2483,0,0
7986,-7434,0,0
7987,9539,0,0
7988,-17249,0,0
7989,-9676,0,0
7990,-17205,0,0
7991,-10747,0,0
7992,-3438,0,0
7993,-14321,0,0
7994,6804,0,0
7995,-17488,0,0
7996,-204,0,0
7997,18488,0,0
7998,5417,0,0
7999,-22330,0,0
8000,1003,0,0
8001,21814,0,0
8002,-18805,0,0
8003,8160,0,0
8004,-16446,0,0
8005,11243,0,0
8006,8736,0,0
8007,3790,0,0
8008,-17342,0,0
8009,-13382,0,0
8010,-20896,0,0
8011,-15691,0,0
8012,-11156,0,0
8013,-16613,0,0
8014,-13978,0,0
8015,-15900,0,0
8016,-6344,0,0
8017,4827,0,0
8018,-16724,0,0
8019,-15230,0,0
8020,-19009,0,0
8021,-18455,0,0
8022,587,0,0
8023,-7268,0,0
8024,7351,0,0
8025,-10582,0,0
8026,-18333,0,0
8027,-4521,0,0
8028,-18536,0,0
8029,22994,0,0
8030,-14408,0,0
8031,-1704,0,0
8032,-11028,0,0
8033,-7460,0,0
8034,12107,0,0
8035,-18780,0,0
8036,-406,0,0
8037,-23106,0,0
8038,-11529,0,0
8039,-10024,0,0
8040,-16512,0,0
8041,-12679,0,0
8042,12516,0,0
8043,-1022,0,0
8044,5246,0,0
8045,-9266,0,0
8046,-8338,0,0
8047,2383,0,0
8048,5527,0,0
8049,-5597,0,0
8050,-5077,0,0
8051,1754,0,0
8052,3491,0,0
8053,14254,0,0
8054,-2271,0,0
8055,-12791,0,0
8056,-10396,0,0
8057,-16384,0,0
8058,568,0,0
8059,5158,0,0
8060,6203,0,0
8061,-14437,0,0
8062,2285,0,0
8063,-10673,0,0
8064,-5429,15000,0
8065,11271,0,0
8066,7804,0,0
8067,-13684,0,0
8068,15902,0,0
8069,-7268,0,0
8070,10921,0,0
8071,-6180,0,0
8072,-16303,0,0
8073,-4521,0,0
8074,9089,0,0
8075,9948,0,0
8076,-4840,0,0
8077,1816,0,0
8078,-17167,0,0
8079,-17470,0,0
8080,15975,0,0
8081,1136,0,0
8082,17895,0,0
8083,20797,0,0
8084,17983,0,0
8085,-1012,0,0
8086,13976,0,0
8087,19916,0,0
8088,-9389,0,0
8089,3801,0,0
8090,12377,0,0
8091,-3906,0,0
8092,17993,0,0
8093,16142,0,0
8094,-3400,0,0
8095,5479,0,0
8096,-2272,0,0
8097,3053,0,0
8098,16933,0,0
8099,15559,0,0
8100,14786,0,0
8101,-16422,0,0
8102,9300,0,0
8103,9362,0,0
8104,4659,0,0
8105,15772,0,0
8106,2270,0,0
8107,-13500,0,0
8108,-13060,0,0
8109,3056,0,0
8110,18902,0,0
8111,12830,0,0
8112,17458,0,0
8113,17336,0,0
8114,-1730,0,0
8115,16899,0,0
8116,4843,0,0
8117,2742,0,0
8118,4273,0,0
8119,12350,0,0
8120,1613,0,0
8121,-6796,0,0
8122,-16383,0,0
8123,9851,0,0
8124,-7090,0,0
8125,3370,0,0
8126,14254,0,0
8127,-4257,0,0
8128,18915,0,0
8129,11629,0,0
8130,-8654,0,0
8131,1268,0,0
8132,-14611,0,0
8133,767,0,0
8134,14116,0,0
8135,9013,0,0
8136,-14255,0,0
8137,21814,0,0
8138,-6668,0,0
8139,17391,0,0
8140,-3270,0,0
8141,10286,0,0
8142,18052,0,0
8143,20432,0,0
8144,8102,0,0
8145,11144,0,0
8146,12124,0,0
8147,9638,0,0
8148,18287,0,0
8149,18608,0,0
8150,20794,0,0
8151,17179,0,0
8152,12315,0,0
8153,-3175,0,0
8154,22580,0,0
8155,16383,0,0
8156,22489,0,0
8157,15388,0,0
8158,17447,0,0
8159,14415,0,0
8160,11158,0,0
8161,7585,0,0
8162,7040,0,0
8163,-2730,0,0
8164,15826,0,0
8165,9958,0,0
8166,21404,0,0
8167,11691,0,0
8168,20694,0,0
8169,8123,0,0
8170,11102,0,0
8171,-5576,0,0
8172,886,0,0
8173,15309,0,0
8174,17721,0,0
8175,18125,0,0
8176,15702,0,0
8177,23169,0,0
8178,16157,0,0
8179,-5285,0,0
8180,11042,0,0
8181,-12979,0,0
8182,-8248,0,0
8183,15384,0,0
8184,9388,0,0
8185,14558,0,0
8186,9560,0,0
8187,3169,0,0
8188,15453,0,0
8189,5350,0,0
8190,3399,0,0
8191,17064,0,0
8192,13828,0,-15000
8193,10488,0,0
8194,9500,0,0
8195,15559,0,0
8196,-3026,0,0
8197,14692,0,0
8198,21598,0,0
8199,9334,0,0
8200,-61,0,0
8201,-9906,0,0
8202,21616,0,0
8203,6752,0,0
8204,13523,0,0
8205,-5896,0,0
8206,16042,0,0
8207,2326,0,0
8208,4360,0,0
8209,-3920,0,0
8210,2063,0,0
8211,62,0,0
8212,-16526,0,0
8213,0,0,0
8214,16003,0,0
8215,-20715,0,0
8216,14163,0,0
8217,-1258,0,0
8218,-8158,0,0
8219,-18590,0,0
8220,-20434,0,0
8221,-7806,0,0
8222,-15719,0,0
8223,-1258,0,0
8224,6725,0,0
8225,6459,0,0
8226,4519,0,0
8227,-15966,0,0
8228,21470,0,0
8229,9586,0,0
8230,3093,0,0
8231,-15134,0,0
8232,-9006,0,0
8233,-9799,0,0
8234,-1,0,0
8235,-16780,0,0
8236,1467,0,0
8237,-5666,0,0
8238,-4464,0,0
8239,-18125,0,0
8240,-3027,0,0
8241,11910,0,0
8242,-6180,0,0
8243,10416,0,0
8244,-16723,0,0
8245,4880,0,0
8246,-11404,0,0
8247,4612,0,0
8248,-10418,0,0
8249,6725,0,0
8250,-13091,0,0
8251,2557,0,0
8252,1019,0,0
8253,4520,0,0
8254,-15266,0,0
8255,3960,0,0
8256,-6096,0,0
8257,3399,0,0
8258,-16310,0,0
8259,-7433,0,0
8260,-8809,0,0
8261,8078,0,0
8262,-12778,0,0
8263,8914,0,0
8264,-12786,0,0
8265,22689,0,0
8266,-14699,0,0
8267,2270,0,0
8268,-14698,0,0
8269,13002,0,0
8270,-16168,0,0
8271,864,0,0
8272,-7886,0,0
8273,-8695,0,0
8274,-17010,0,0
8275,1958,0,0
8276,-14255,0,0
8277,-17510,0,0
8278,768,0,0
8279,-13626,0,0
8280,-14091,0,0
8281,13408,0,0
8282,4533,0,0
8283,3399,0,0
8284,-14611,0,0
8285,-10480,0,0
8286,-12872,0,0
8287,4018,0,0
8288,6161,0,0
8289,13690,0,0
8290,1614,0,0
8291,10154,0,0
8292,6445,0,0
8293,22171,0,0
8294,-10417,0,0
8295,-2398,0,0
8296,-15922,0,0
8297,8866,0,0
8298,-8339,0,0
8299,13123,0,0
8300,9826,0,0
8301,-10347,0,0
8302,-11307,0,0
8303,4446,0,0
8304,13918,0,0
8305,13666,0,0
8306,-15585,0,0
8307,19573,0,0
8308,22723,0,0
8309,-2500,0,0
8310,8677,0,0
8311,13341,0,0
8312,-7312,0,0
8313,15691,0,0
8314,5487,0,0
8315,4824,0,0
8316,3399,0,0
8317,-16848,0,0
8318,-9679,0,0
8319,10764,0,0
8320,-635,15000,0
8321,5363,0,0
8322,21760,0,0
8323,-7616,0,0
8324,-3720,0,0
8325,6659,0,0
8326,22416,0,0
8327,11927,0,0
8328,6447,0,0
8329,4405,0,0
8330,17509,0,0
8331,1600,0,0
8332,17378,0,0
8333,15133,0,0
8334,4952,0,0
8335,17184,0,0
8336,5692,0,0
8337,16843,0,0
8338,13634,0,0
8339,14254,0,0
8340,-3189,0,0
8341,3200,0,0
8342,18246,0,0
8343,-5128,0,0
8344,7250,0,0
8345,15926,0,0
8346,18730,0,0
8347,14897,0,0
8348,16962,0,0
8349,16728,0,0
8350,14656,0,0
8351,14490,0,0
8352,11007,0,0
8353,18608,0,0
8354,18658,0,0
8355,14544,0,0
8356,13677,0,0
8357,-10840,0,0
8358,8197,0,0
8359,14166,0,0
8360,-9034,0,0
8361,13801,0,0
8362,21748,0,0
8363,14246,0,0
8364,20098,0,0
8365,17955,0,0
8366,10671,0,0
8367,16869,0,0
8368,20398,0,0
8369,11910,0,0
8370,20439,0,0
8371,-12330,0,0
8372,22329,0,0
8373,16098,0,0
8374,4845,0,0
8375,10417,0,0
8376,5073,0,0
8377,14063,0,0
8378,21814,0,0
8379,-7066,0,0
8380,17285,0,0
8381,3343,0,0
8382,15685,0,0
8383,-3411,0,0
8384,7118,0,0
8385,-1137,0,0
8386,-10418,0,0
8387,6725,0,0
8388,17556,0,0
8389,7671,0,0
8390,14666,0,0
8391,5076,0,0
8392,12108,0,0
8393,14111,0,0
8394,-4366,0,0
8395,1273,0,0
8396,18181,0,0
8397,11558,0,0
8398,-3447,0,0
8399,791,0,0
8400,-614,0,0
8401,-5873,0,0
8402,-5139,0,0
8403,5973,0,0
8404,-16453,0,0
8405,-16928,0,0
8406,15619,0,0
8407,962,0,0
8408,-4232,0,0
8409,-22199,0,0
8410,12932,0,0
8411,372,0,0
8412,15715,0,0
8413,5439,0,0
8414,-18609,0,0
8415,-3961,0,0
8416,-8716,0,0
8417,50,0,0
8418,-19575,0,0
8419,7822,0,0
8420,-19873,0,0
8421,11897,0,0
8422,1761,0,0
8423,-9384,0,0
8424,11420,0,0
8425,641,0,0
8426,-20159,0,0
8427,-6180,0,0
8428,-20159,0,0
8429,-1676,0,0
8430,-15290,0,0
8431,-6179,0,0
8432,-5976,0,0
8433,-11111,0,0
8434,-2102,0,0
8435,-17833,0,0
8436,-3022,0,0
8437,-6726,0,0
8438,-3868,0,0
8439,6507,0,0
8440,-11045,0,0
8441,19234,0,0
8442,-14232,0,0
8443,-450,0,0
8444,-20686,0,0
8445,-14939,0,0
8446,-20695,0,0
8447,-13002,0,0
8448,-18243,0,-15000
8449,-11247,0,0
8450,-8249,0,0
8451,-20147,0,0
8452,-9175,0,0
8453,-6180,0,0
8454,-11420,0,0
8455,-20732,0,0
8456,18011,0,0
8457,-11628,0,0
8458,-6334,0,0
8459,-2474,0,0
8460,-9701,0,0
8461,-15757,0,0
8462,11229,0,0
8463,-6179,0,0
8464,11420,0,0
8465,-5777,0,0
8466,-14057,0,0
8467,-22330,0,0
8468,-15714,0,0
8469,-10061,0,0
8470,-20433,0,0
8471,-17636,0,0
8472,-2632,0,0
8473,-19258,0,0
8474,-15915,0,0
8475,-12819,0,0
8476,-16057,0,0
8477,9451,0,0
8478,-18620,0,0
8479,-6384,0,0
8480,-8133,0,0
8481,5886,0,0
8482,-15473,0,0
8483,-7431,0,0
8484,361,0,0
8485,-20695,0,0
8486,-18353,0,0
8487,-11903,0,0
8488,-2041,0,0
8489,-20159,0,0
8490,-22475,0,0
8491,-16993,0,0
8492,3911,0,0
8493,-8254,0,0
8494,-14530,0,0
8495,-16589,0,0
8496,-5076,0,0
8497,-16715,0,0
8498,-15129,0,0
8499,-18429,0,0
8500,9140,0,0
8501,-19265,0,0
8502,-15857,0,0
8503,-17962,0,0
8504,-13752,0,0
8505,-12773,0,0
8506,-22639,0,0
8507,-13510,0,0
8508,-7316,0,0
8509,-17910,0,0
8510,-21824,0,0
8511,-17910,0,0
8512,-9995,0,0
8513,-1498,0,0
8514,-6045,0,0
8515,-8337,0,0
8516,-7115,0,0
8517,-16494,0,0
8518,4344,0,0
8519,-14051,0,0
8520,-14009,0,0
8521,-17740,0,0
8522,2567,0,0
8523,-17826,0,0
8524,10285,0,0
8525,-17475,0,0
8526,4247,0,0
8527,11761,0,0
8528,18863,0,0
8529,-18943,0,0
8530,-16940,0,0
8531,7589,0,0
8532,22827,0,0
8533,-17190,0,0
8534,-18752,0,0
8535,-19264,0,0
8536,-21780,0,0
8537,-13922,0,0
8538,1130,0,0
8539,-19873,0,0
8540,-16014,0,0
8541,11910,0,0
8542,-2314,0,0
8543,14285,0,0
8544,-10167,0,0
8545,-20159,0,0
8546,-6726,0,0
8547,-663,0,0
8548,-16115,0,0
8549,5418,0,0
8550,12482,0,0
8551,5891,0,0
8552,-6179,0,0
8553,-10330,0,0
8554,1166,0,0
8555,10671,0,0
8556,-11011,0,0
8557,-5318,0,0
8558,22329,0,0
8559,-2094,0,0
8560,2074,0,0
8561,5963,0,0
8562,-13302,0,0
8563,20158,0,0
8564,-2067,0,0
8565,-16409,0,0
8566,8423,0,0
8567,-650,0,0
8568,22171,0,0
8569,-15994,0,0
8570,-11353,0,0
8571,8444,0,0
8572,6106,0,0
8573,8812,0,0
8574,7577,0,0
8575,13939,0,0
8576,2247,15000,0
8577,10727,0,0
8578,-13917,0,0
8579,12391,0,0
8580,-8867,0,0
8581,-14580,0,0
8582,-9069,0,0
8583,13548,0,0
8584,2335,0,0
8585,8926,0,0
8586,-9389,0,0
8587,16638,0,0
8588,-16542,0,0
8589,-7311,0,0
8590,18250,0,0
8591,7805,0,0
8592,-10417,0,0
8593,8039,0,0
8594,12199,0,0
8595,6725,0,0
8596,-18369,0,0
8597,-360,0,0
8598,9646,0,0
8599,9898,0,0
8600,16740,0,0
8601,-1154,0,0
8602,-1547,0,0
8603,-5887,0,0
8604,4384,0,0
8605,2579,0,0
8606,-2039,0,0
8607,-11543,0,0
8608,14980,0,0
8609,22880,0,0
8610,16779,0,0
8611,12201,0,0
8612,16779,0,0
8613,-20369,0,0
8614,12265,0,0
8615,-4758,0,0
8616,-8807,0,0
8617,-2750,0,0
8618,-16384,0,0
8619,-569,0,0
8620,-5407,0,0
8621,-23141,0,0
8622,14698,0,0
8623,-4549,0,0
8624,-10306,0,0
8625,22058,0,0
8626,-4289,0,0
8627,-9833,0,0
8628,14719,0,0
8629,-13889,0,0
8630,4803,0,0
8631,-16198,0,0
8632,-3901,0,0
8633,3523,0,0
8634,-3973,0,0
8635,-11912,0,0
8636,-4926,0,0
8637,-16529,0,0
8638,-898,0,0
8639,6302,0,0
8640,-3674,0,0
8641,-17151,0,0
8642,-22638,0,0
8643,8774,0,0
8644,-1704,0,0
8645,-18265,0,0
8646,22828,0,0
8647,-18273,0,0
8648,4394,0,0
8649,12721,0,0
8650,14304,0,0
8651,-21617,0,0
8652,582,0,0
8653,-3051,0,0
8654,-12396,0,0
8655,8323,0,0
8656,10379,0,0
8657,-17960,0,0
8658,89,0,0
8659,-2076,0,0
8660,-16383,0,0
8661,-19191,0,0
8662,-14866,0,0
8663,-10930,0,0
8664,-15762,0,0
8665,-15090,0,0
8666,-12388,0,0
8667,-15332,0,0
8668,13237,0,0
8669,19446,0,0
8670,-11783,0,0
8671,-9222,0,0
8672,-3683,0,0
8673,-9084,0,0
8674,1828,0,0
8675,-19366,0,0
8676,-10626,0,0
8677,-17370,0,0
8678,4345,0,0
8679,-15134,0,0
8680,-14266,0,0
8681,-11991,0,0
8682,-20002,0,0
8683,-13486,0,0
8684,-13786,0,0
8685,-17972,0,0
8686,-3561,0,0
8687,3074,0,0
8688,-18398,0,0
8689,-15797,0,0
8690,-10051,0,0
8691,-7034,0,0
8692,-7423,0,0
8693,-19692,0,0
8694,-18266,0,0
8695,-8639,0,0
8696,999,0,0
8697,-1949,0,0
8698,-17910,0,0
8699,-3915,0,0
8700,-14885,0,0
8701,-15519,0,0
8702,-20232,0,0
8703,-12164,0,0
8704,-21617,0,-15000
8705,-20695,0,0
8706,19649,0,0
8707,-14157,0,0
8708,-18632,0,0
8709,5278,0,0
8710,7666,0,0
8711,2470,0,0
8712,8207,0,0
8713,-15134,0,0
8714,2836,0,0
8715,-13905,0,0
8716,-474,0,0
8717,10921,0,0
8718,4993,0,0
8719,-4288,0,0
8720,9906,0,0
8721,-9219,0,0
8722,-8347,0,0
8723,-2793,0,0
8724,-18610,0,0
8725,1831,0,0
8726,-16813,0,0
8727,-2669,0,0
8728,-14609,0,0
8729,-7596,0,0
8730,-9385,0,0
8731,-6738,0,0
8732,-12396,0,0
8733,11717,0,0
8734,15781,0,0
8735,-774,0,0
8736,-8867,0,0
8737,9220,0,0
8738,-5954,0,0
8739,-20434,0,0
8740,-5213,0,0
8741,-18215,0,0
8742,-12858,0,0
8743,12430,0,0
8744,1428,0,0
8745,8311,0,0
8746,-347,0,0
8747,9898,0,0
8748,14128,0,0
8749,13990,0,0
8750,6488,0,0
8751,15240,0,0
8752,-7348,0,0
8753,-6366,0,0
8754,1883,0,0
8755,-8651,0,0
8756,8337,0,0
8757,21616,0,0
8758,12772,0,0
8759,22171,0,0
8760,11420,0,0
8761,-9928,0,0
8762,5002,0,0
8763,13668,0,0
8764,2124,0,0
8765,15388,0,0
8766,17073,0,0
8767,14203,0,0
8768,-16780,0,0
8769,-4200,0,0
8770,14456,0,0
8771,2762,0,0
8772,-13342,0,0
8773,15735,0,0
8774,-11911,0,0
8775,17009,0,0
8776,-4011,0,0
8777,10656,0,0
8778,21180,0,0
8779,12869,0,0
8780,20432,0,0
8781,11704,0,0
8782,-7805,0,0
8783,-7993,0,0
8784,-3450,0,0
8785,487,0,0
8786,-1618,0,0
8787,-10328,0,0
8788,10128,0,0
8789,19264,0,0
8790,4921,0,0
8791,-15879,0,0
8792,-2837,0,0
8793,-9042,0,0
8794,19896,0,0
8795,14084,0,0
8796,12241,0,0
8797,-5065,0,0
8798,13799,0,0
8799,-129,0,0
8800,-4038,0,0
8801,-15977,0,0
8802,3933,0,0
8803,-15872,0,0
8804,2270,0,0
8805,5223,0,0
8806,6067,0,0
8807,12871,0,0
8808,5076,0,0
8809,18783,0,0
8810,-7269,0,0
8811,2104,0,0
8812,17126,0,0
8813,11954,0,0
8814,10921,0,0
8815,20916,0,0
8816,14585,0,0
8817,4446,0,0
8818,13623,0,0
8819,6171,0,0
8820,-8206,0,0
8821,23106,0,0
8822,-14422,0,0
8823,3195,0,0
8824,16693,0,0
8825,10412,0,0
8826,4290,0,0
8827,13531,0,0
8828,4037,0,0
8829,16932,0,0
8830,19264,0,0
8831,-3222,0,0
8832,16725,15000,0
8833,12184,0,0
8834,13522,0,0
8835,6380,0,0
8836,20973,0,0
8837,-1582,0,0
8838,8889,0,0
8839,19263,0,0
8840,19579,0,0
8841,15133,0,0
8842,20525,0,0
8843,16201,0,0
8844,13187,0,0
8845,17350,0,0
8846,-21513,0,0
8847,-4889,0,0
8848,-173,0,0
8849,14480,0,0
8850,14307,0,0
8851,14027,0,0
8852,3531,0,0
8853,-11934,0,0
8854,5691,0,0
8855,8439,0,0
8856,2888,0,0
8857,-9769,0,0
8858,15188,0,0
8859,11524,0,0
8860,-19264,0,0
8861,5600,0,0
8862,19910,0,0
8863,-7806,0,0
8864,1676,0,0
8865,6079,0,0
8866,8967,0,0
8867,20158,0,0
8868,3070,0,0
8869,-6724,0,0
8870,3399,0,0
8871,3916,0,0
8872,1136,0,0
8873,-1966,0,0
8874,6077,0,0
8875,-15436,0,0
8876,-2837,0,0
8877,8653,0,0
8878,-2474,0,0
8879,-20159,0,0
8880,-9475,0,0
8881,-3082,0,0
8882,-9203,0,0
8883,8263,0,0
8884,-11912,0,0
8885,-184,0,0
8886,2056,0,0
8887,-4640,0,0
8888,-15444,0,0
8889,-2937,0,0
8890,11574,0,0
8891,-5630,0,0
8892,-10545,0,0
8893,-17214,0,0
8894,-19394,0,0
8895,-11911,0,0
8896,713,0,0
8897,-6922,0,0
8898,1002,0,0
8899,-9642,0,0
8900,15200,0,0
8901,-6794,0,0
8902,-6951,0,0
8903,-447,0,0
8904,4902,0,0
8905,-20695,0,0
8906,-14995,0,0
8907,13113,0,0
8908,-9907,0,0
8909,-1159,0,0
8910,-7801,0,0
8911,-20357,0,0
8912,6225,0,0
8913,-23106,0,0
8914,-16368,0,0
8915,-18181,0,0
8916,-16357,0,0
8917,-9767,0,0
8918,7959,0,0
8919,-1905,0,0
8920,-7836,0,0
8921,-10067,0,0
8922,-20159,0,0
8923,5261,0,0
8924,-16148,0,0
8925,-17667,0,0
8926,-21815,0,0
8927,887,0,0
8928,520,0,0
8929,-15782,0,0
8930,-13642,0,0
8931,9038,0,0
8932,-22919,0,0
8933,-15932,0,0
8934,-4805,0,0
8935,-15560,0,0
8936,-19666,0,0
8937,-16384,0,0
8938,5977,0,0
8939,-15134,0,0
8940,-5474,0,0
8941,-15575,0,0
8942,-20906,0,0
8943,-12110,0,0
8944,-14853,0,0
8945,-9964,0,0
8946,-11543,0,0
8947,-8957,0,0
8948,-15395,0,0
8949,-22171,0,0
8950,-12286,0,0
8951,-2004,0,0
8952,17586,0,0
8953,-1766,0,0
8954,-6297,0,0
8955,-1546,0,0
8956,-15560,0,0
8957,-15911,0,0
8958,-14393,0,0
8959,11937,0,0
8960,-15374,0,-15000
8961,-3981,0,0
8962,2006,0,0
8963,4387,0,0
8964,-10091,0,0
8965,-441,0,0
8966,5279,0,0
8967,12908,0,0
8968,-18219,0,0
8969,15133,0,0
8970,-5382,0,0
8971,8049,0,0
8972,-1440,0,0
8973,4214,0,0
8974,-7831,0,0
8975,-2873,0,0
8976,5033,0,0
8977,8004,0,0
8978,-21224,0,0
8979,3423,0,0
8980,11420,0,0
8981,14310,0,0
8982,11724,0,0
8983,16312,0,0
8984,6631,0,0
8985,10107,0,0
8986,15125,0,0
8987,-22354,0,0
8988,19129,0,0
8989,-3848,0,0
8990,9135,0,0
8991,-9119,0,0
8992,10488,0,0
8993,6428,0,0
8994,2662,0,0
8995,12505,0,0
8996,6103,0,0
8997,17283,0,0
8998,9422,0,0
8999,20944,0,0
9000,8866,0,0
9001,603,0,0
9002,15016,0,0
9003,9244,0,0
9004,2295,0,0
9005,23051,0,0
9006,-1248,0,0
9007,11258,0,0
9008,18942,0,0
9009,12402,0,0
9010,15936,0,0
9011,17320,0,0
9012,21390,0,0
9013,18276,0,0
9014,21496,0,0
9015,5404,0,0
9016,6619,0,0
9017,18609,0,0
9018,12891,0,0
9019,-15925,0,0
9020,21005,0,0
9021,16779,0,0
9022,-3168,0,0
9023,5933,0,0
9024,-2928,0,0
9025,13917,0,0
9026,13053,0,0
9027,9905,0,0
9028,-3749,0,0
9029,12961,0,0
9030,20158,0,0
9031,4520,0,0
9032,10171,0,0
9033,7328,0,0
9034,-7560,0,0
9035,-569,0,0
9036,-1749,0,0
9037,12682,0,0
9038,15327,0,0
9039,-2959,0,0
9040,-3727,0,0
9041,-19785,0,0
9042,7997,0,0
9043,-11203,0,0
9044,20441,0,0
9045,7239,0,0
9046,13816,0,0
9047,-14110,0,0
9048,-9438,0,0
9049,13352,0,0
9050,-12973,0,0
9051,-506,0,0
9052,-7676,0,0
9053,-301,0,0
9054,-16972,0,0
9055,-6194,0,0
9056,-5040,0,0
9057,-3489,0,0
9058,-16972,0,0
9059,1909,0,0
9060,8477,0,0
9061,-10417,0,0
9062,-17090,0,0
9063,-18050,0,0
9064,-7355,0,0
9065,-16384,0,0
9066,-23057,0,0
9067,-19264,0,0
9068,-22171,0,0
9069,-5806,0,0
9070,-20028,0,0
9071,-20385,0,0
9072,-8799,0,0
9073,-14098,0,0
9074,-17056,0,0
9075,9918,0,0
9076,9589,0,0
9077,8497,0,0
9078,-11982,0,0
9079,354,0,0
9080,616,0,0
9081,-16492,0,0
9082,-6254,0,0
9083,-17646,0,0
9084,-9999,0,0
9085,4913,0,0
9086,-11463,0,0
9087,11151,0,0
9088,7573,15000,0
9089,13779,0,0
9090,5347,0,0
9091,-16612,0,0
9092,7332,0,0
9093,3952,0,0
9094,-6726,0,0
9095,-14634,0,0
9096,9888,0,0
9097,7318,0,0
9098,14442,0,0
9099,7471,0,0
9100,10216,0,0
9101,2332,0,0
9102,-2820,0,0
9103,14070,0,0
9104,4043,0,0
9105,-2061,0,0
9106,16740,0,0
9107,-3510,0,0
9108,10102,0,0
9109,14274,0,0
9110,11570,0,0
9111,4148,0,0
9112,13794,0,0
9113,16382,0,0
9114,9197,0,0
9115,13553,0,0
9116,-4741,0,0
9117,-6380,0,0
9118,15076,0,0
9119,-2980,0,0
9120,-17925,0,0
9121,4695,0,0
9122,-2528,0,0
9123,-9581,0,0
9124,7049,0,0
9125,22171,0,0
9126,8866,0,0
9127,12895,0,0
9128,16491,0,0
9129,17909,0,0
9130,0,0,0
9131,-17910,0,0
9132,-18350,0,0
9133,-14792,0,0
9134,-12747,0,0
9135,5673,0,0
9136,-18943,0,0
9137,1703,0,0
9138,-16672,0,0
9139,8777,0,0
9140,-935,0,0
9141,14269,0,0
9142,-21182,0,0
9143,-15644,0,0
9144,-5630,0,0
9145,-3546,0,0
9146,-514,0,0
9147,-16353,0,0
9148,-22496,0,0
9149,-18266,0,0
9150,3998,0,0
9151,-14782,0,0
9152,-18172,0,0
9153,-11646,0,0
9154,-8376,0,0
9155,-3961,0,0
9156,-2092,0,0
9157,-9071,0,0
9158,-9192,0,0
9159,10288,0,0
9160,-12872,0,0
9161,-12880,0,0
9162,1148,0,0
9163,-8265,0,0
9164,-6727,0,0
9165,-7282,0,0
9166,12112,0,0
9167,-8496,0,0
9168,-19175,0,0
9169,4530,0,0
9170,-2431,0,0
9171,-3402,0,0
9172,-14209,0,0
9173,8582,0,0
9174,4715,0,0
9175,-3844,0,0
9176,10033,0,0
9177,-4455,0,0
9178,16394,0,0
9179,1145,0,0
9180,17995,0,0
9181,17964,0,0
9182,18030,0,0
9183,5810,0,0
9184,-8989,0,0
9185,18523,0,0
9186,9305,0,0
9187,16731,0,0
9188,-23141,0,0
9189,7702,0,0
9190,6284,0,0
9191,16017,0,0
9192,22474,0,0
9193,10859,0,0
9194,6673,0,0
9195,14852,0,0
9196,19574,0,0
9197,8803,0,0
9198,15559,0,0
9199,11591,0,0
9200,-3458,0,0
9201,-990,0,0
9202,8956,0,0
9203,17187,0,0
9204,21814,0,0
9205,6118,0,0
9206,22723,0,0
9207,-333,0,0
9208,-17524,0,0
9209,2669,0,0
9210,23105,0,0
9211,17010,0,0
9212,22605,0,0
9213,4174,0,0
9214,-1691,0,0
9215,7804,0,0
9216,8140,0,-15000
9217,5366,0,0
9218,-4117,0,0
9219,8735,0,0
9220,6481,0,0
9221,7779,0,0
9222,9359,0,0
9223,9554,0,0
9224,13340,0,0
9225,6064,0,0
9226,9129,0,0
9227,21999,0,0
9228,-13913,0,0
9229,-11606,0,0
9230,-13671,0,0
9231,-15040,0,0
9232,11877,0,0
9233,-2176,0,0
9234,4161,0,0
9235,-10626,0,0
9236,-2785,0,0
9237,-16907,0,0
9238,-3962,0,0
9239,-19575,0,0
9240,-9915,0,0
9241,12171,0,0
9242,9859,0,0
9243,-10203,0,0
9244,13784,0,0
9245,3008,0,0
9246,-18266,0,0
9247,-16548,0,0
9248,7807,0,0
9249,-11829,0,0
9250,-15985,0,0
9251,-22724,0,0
9252,-14744,0,0
9253,-8934,0,0
9254,-13795,0,0
9255,-12736,0,0
9256,2120,0,0
9257,-1140,0,0
9258,2793,0,0
9259,-16384,0,0
9260,-178,0,0
9261,-18223,0,0
9262,-17369,0,0
9263,-15065,0,0
9264,-21999,0,0
9265,-15935,0,0
9266,-15349,0,0
9267,8904,0,0
9268,-18221,0,0
9269,-5830,0,0
9270,-16574,0,0
9271,-18744,0,0
9272,-16097,0,0
9273,11660,0,0
9274,7720,0,0
9275,-7483,0,0
9276,570,0,0
9277,2616,0,0
9278,821,0,0
9279,-14308,0,0
9280,-4243,0,0
9281,-15211,0,0
9282,-1518,0,0
9283,2643,0,0
9284,-23106,0,0
9285,13436,0,0
9286,-15227,0,0
9287,-1226,0,0
9288,-14991,0,0
9289,-22172,0,0
9290,2633,0,0
9291,22917,0,0
9292,-5215,0,0
9293,1116,0,0
9294,-6454,0,0
9295,-5459,0,0
9296,-15412,0,0
9297,2444,0,0
9298,-4710,0,0
9299,-9090,0,0
9300,-2522,0,0
9301,9631,0,0
9302,20189,0,0
9303,-6585,0,0
9304,22605,0,0
9305,3970,0,0
9306,2538,0,0
9307,15133,0,0
9308,19260,0,0
9309,5057,0,0
9310,6705,0,0
9311,18264,0,0
9312,22827,0,0
9313,15124,0,0
9314,6179,0,0
9315,6660,0,0
9316,15435,0,0
9317,21999,0,0
9318,-8877,0,0
9319,9408,0,0
9320,2074,0,0
9321,14137,0,0
9322,16704,0,0
9323,9456,0,0
9324,16221,0,0
9325,2836,0,0
9326,17068,0,0
9327,22329,0,0
9328,1158,0,0
9329,5516,0,0
9330,9399,0,0
9331,12395,0,0
9332,13566,0,0
9333,-5850,0,0
9334,16231,0,0
9335,15133,0,0
9336,984,0,0
9337,2985,0,0
9338,8620,0,0
9339,-15319,0,0
9340,4900,0,0
9341,1000,0,0
9342,20158,0,0
9343,-22258,0,0
9344,16237,15000,0
9345,6466,0,0
9346,17167,0,0
9347,13333,0,0
9348,15133,0,0
9349,1239,0,0
9350,-2591,0,0
9351,-1722,0,0
9352,-10821,0,0
9353,12698,0,0
9354,17608,0,0
9355,11819,0,0
9356,12391,0,0
9357,3539,0,0
9358,5076,0,0
9359,13969,0,0
9360,17985,0,0
9361,-14698,0,0
9362,568,0,0
9363,-16384,0,0
9364,17475,0,0
9365,3500,0,0
9366,-7478,0,0
9367,-12717,0,0
9368,-3961,0,0
9369,-14360,0,0
9370,5753,0,0
9371,14019,0,0
9372,-20215,0,0
9373,12986,0,0
9374,-13513,0,0
9375,-1040,0,0
9376,6309,0,0
9377,0,0,0
9378,-17616,0,0
9379,-14494,0,0
9380,-13693,0,0
9381,-10145,0,0
9382,9388,0,0
9383,-9906,0,0
9384,5071,0,0
9385,-12396,0,0
9386,-3256,0,0
9387,8715,0,0
9388,-19813,0,0
9389,-11350,0,0
9390,-8098,0,0
9391,-8205,0,0
9392,-14962,0,0
9393,-16744,0,0
9394,-20525,0,0
9395,-16944,0,0
9396,-15569,0,0
9397,523,0,0
9398,922,0,0
9399,-20040,0,0
9400,-15562,0,0
9401,-9851,0,0
9402,-18270,0,0
9403,-12980,0,0
9404,-2076,0,0
9405,8709,0,0
9406,-9740,0,0
9407,12281,0,0
9408,-7894,0,0
9409,5424,0,0
9410,-5567,0,0
9411,-15134,0,0
9412,9625,0,0
9413,5120,0,0
9414,-17984,0,0
9415,7431,0,0
9416,-20945,0,0
9417,-18953,0,0
9418,-13843,0,0
9419,-5976,0,0
9420,-16313,0,0
9421,-349,0,0
9422,16777,0,0
9423,4583,0,0
9424,3326,0,0
9425,3095,0,0
9426,-4520,0,0
9427,-6696,0,0
9428,1195,0,0
9429,-6109,0,0
9430,-10935,0,0
9431,13795,0,0
9432,7805,0,0
9433,-8407,0,0
9434,6916,0,0
9435,-2972,0,0
9436,3154,0,0
9437,13674,0,0
9438,17909,0,0
9439,18054,0,0
9440,15550,0,0
9441,19009,0,0
9442,648,0,0
9443,19202,0,0
9444,-9453,0,0
9445,11494,0,0
9446,18833,0,0
9447,16583,0,0
9448,13386,0,0
9449,16764,0,0
9450,22474,0,0
9451,15192,0,0
9452,21404,0,0
9453,19217,0,0
9454,12395,0,0
9455,22663,0,0
9456,1058,0,0
9457,11839,0,0
9458,15961,0,0
9459,21879,0,0
9460,15423,0,0
9461,1896,0,0
9462,10262,0,0
9463,-2470,0,0
9464,6725,0,0
9465,5999,0,0
9466,19484,0,0
9467,-1908,0,0
9468,0,0,0
9469,-6298,0,0
9470,16570,0,0
9471,-14671,0,0
9472,366,0,-15000
9473,-3402,0,0
9474,9890,0,0
9475,-3357,0,0
9476,14419,0,0
9477,-13241,0,0
9478,-17543,0,0
9479,-8982,0,0
9480,-8188,0,0
9481,-6727,0,0
9482,-3684,0,0
9483,-14537,0,0
9484,-3472,0,0
9485,15194,0,0
9486,-3719,0,0
9487,-16131,0,0
9488,-18415,0,0
9489,-16589,0,0
9490,-13808,0,0
9491,-20745,0,0
9492,-15625,0,0
9493,1832,0,0
9494,11717,0,0
9495,-7074,0,0
9496,-9670,0,0
9497,1164,0,0
9498,-3399,0,0
9499,-20869,0,0
9500,-21405,0,0
9501,-2090,0,0
9502,-6617,0,0
9503,-9177,0,0
9504,3016,0,0
9505,5093,0,0
9506,-10618,0,0
9507,-15361,0,0
9508,-5448,0,0
9509,-5451,0,0
9510,-377,0,0
9511,3606,0,0
9512,11911,0,0
9513,-15756,0,0
9514,-2724,0,0
9515,9153,0,0
9516,-16384,0,0
9517,-6277,0,0
9518,-3189,0,0
9519,-16597,0,0
9520,-11911,0,0
9521,-2518,0,0
9522,-19576,0,0
9523,6770,0,0
9524,-5442,0,0
9525,-7608,0,0
9526,-677,0,0
9527,-19574,0,0
9528,-8086,0,0
9529,1392,0,0
9530,5298,0,0
9531,15975,0,0
9532,8853,0,0
9533,9042,0,0
9534,-10062,0,0
9535,-884,0,0
9536,5629,0,0
9537,16020,0,0
9538,-6164,0,0
9539,10203,0,0
9540,11910,0,0
9541,11017,0,0
9542,16058,0,0
9543,6497,0,0
9544,15323,0,0
9545,6754,0,0
9546,8408,0,0
9547,13314,0,0
9548,20158,0,0
9549,-12952,0,0
9550,10974,0,0
9551,15827,0,0
9552,13525,0,0
9553,15508,0,0
9554,19074,0,0
9555,15781,0,0
9556,14370,0,0
9557,4898,0,0
9558,22511,0,0
9559,18265,0,0
9560,1910,0,0
9561,15803,0,0
9562,-7537,0,0
9563,18331,0,0
9564,18732,0,0
9565,21833,0,0
9566,14749,0,0
9567,809,0,0
9568,16471,0,0
9569,8474,0,0
9570,5545,0,0
9571,11996,0,0
9572,15154,0,0
9573,10918,0,0
9574,9388,0,0
9575,-9780,0,0
9576,22170,0,0
9577,11929,0,0
9578,-3547,0,0
9579,14254,0,0
9580,1704,0,0
9581,16144,0,0
9582,20665,0,0
9583,-17500,0,0
9584,-3401,0,0
9585,5856,0,0
9586,22329,0,0
9587,8314,0,0
9588,4050,0,0
9589,-18684,0,0
9590,14254,0,0
9591,-11209,0,0
9592,13318,0,0
9593,-10442,0,0
9594,-8877,0,0
9595,4732,0,0
9596,13341,0,0
9597,-10196,0,0
9598,-18379,0,0
9599,-8457,0,0
9600,-21422,15000,0
9601,-4144,0,0
9602,-16795,0,0
9603,-18122,0,0
9604,1136,0,0
9605,15975,0,0
9606,-397,0,0
9607,-18610,0,0
9608,-4773,0,0
9609,5168,0,0
9610,-8597,0,0
9611,-9482,0,0
9612,-1618,0,0
9613,2729,0,0
9614,-18943,0,0
9615,-20698,0,0
9616,1689,0,0
9617,-8136,0,0
9618,-17910,0,0
9619,-22919,0,0
9620,-13882,0,0
9621,-18415,0,0
9622,-2302,0,0
9623,8818,0,0
9624,-16771,0,0
9625,-15875,0,0
9626,-6935,0,0
9627,-14112,0,0
9628,-21532,0,0
9629,-16295,0,0
9630,1382,0,0
9631,-18461,0,0
9632,-10798,0,0
9633,-12152,0,0
9634,-3369,0,0
9635,-14056,0,0
9636,-20434,0,0
9637,-5077,0,0
9638,-7766,0,0
9639,-5405,0,0
9640,-5457,0,0
9641,-23162,0,0
9642,-15265,0,0
9643,1067,0,0
9644,-1535,0,0
9645,-20221,0,0
9646,-2425,0,0
9647,-13112,0,0
9648,-14374,0,0
9649,3946,0,0
9650,-6158,0,0
9651,14697,0,0
9652,-5614,0,0
9653,-15560,0,0
9654,18806,0,0
9655,-11094,0,0
9656,1401,0,0
9657,4282,0,0
9658,-744,0,0
9659,177,0,0
9660,12681,0,0
9661,4939,0,0
9662,4422,0,0
9663,-3522,0,0
9664,4025,0,0
9665,8185,0,0
9666,6490,0,0
9667,15418,0,0
9668,7798,0,0
9669,5963,0,0
9670,11308,0,0
9671,10990,0,0
9672,7189,0,0
9673,17909,0,0
9674,21209,0,0
9675,-3986,0,0
9676,9487,0,0
9677,18148,0,0
9678,-2037,0,0
9679,14558,0,0
9680,18033,0,0
9681,18362,0,0
9682,15806,0,0
9683,-3144,0,0
9684,15621,0,0
9685,21833,0,0
9686,1360,0,0
9687,-3401,0,0
9688,850,0,0
9689,16213,0,0
9690,-1092,0,0
9691,5682,0,0
9692,1703,0,0
9693,-12396,0,0
9694,-17895,0,0
9695,16022,0,0
9696,9140,0,0
9697,14397,0,0
9698,22918,0,0
9699,16050,0,0
9700,10995,0,0
9701,-9959,0,0
9702,-10882,0,0
9703,22474,0,0
9704,-13802,0,0
9705,11504,0,0
9706,6492,0,0
9707,927,0,0
9708,18608,0,0
9709,-18342,0,0
9710,-2130,0,0
9711,-2889,0,0
9712,8866,0,0
9713,-12841,0,0
9714,-308,0,0
9715,19263,0,0
9716,-11278,0,0
9717,-9626,0,0
9718,13836,0,0
9719,-17910,0,0
9720,2401,0,0
9721,8797,0,0
9722,13064,0,0
9723,10382,0,0
9724,-10357,0,0
9725,-22172,0,0
9726,-4274,0,0
9727,571,0,0
9728,-14534,0,-15000
9729,3478,0,0
9730,-9287,0,0
9731,-23162,0,0
9732,-6083,0,0
9733,-8946,0,0
9734,3540,0,0
9735,-17059,0,0
9736,-13434,0,0
9737,-3568,0,0
9738,16736,0,0
9739,-18929,0,0
9740,-1314,0,0
9741,-8038,0,0
9742,-21638,0,0
9743,-12564,0,0
9744,-7507,0,0
9745,12318,0,0
9746,-13866,0,0
9747,-14907,0,0
9748,-13168,0,0
9749,-19981,0,0
9750,-21617,0,0
9751,784,0,0
9752,-10746,0,0
9753,-6038,0,0
9754,-15733,0,0
9755,-22919,0,0
9756,-16190,0,0
9757,-1704,0,0
9758,-10613,0,0
9759,2706,0,0
9760,-16638,0,0
9761,6744,0,0
9762,4476,0,0
9763,-16537,0,0
9764,-11518,0,0
9765,-13987,0,0
9766,-14227,0,0
9767,674,0,0
9768,-9907,0,0
9769,-21406,0,0
9770,4931,0,0
9771,-18518,0,0
9772,-12701,0,0
9773,-17031,0,0
9774,9045,0,0
9775,1528,0,0
9776,14311,0,0
9777,7131,0,0
9778,-1827,0,0
9779,-498,0,0
9780,-16203,0,0
9781,3781,0,0
9782,-16764,0,0
9783,-9955,0,0
9784,-6015,0,0
9785,-7268,0,0
9786,3582,0,0
9787,-22606,0,0
9788,1256,0,0
9789,-2783,0,0
9790,-1139,0,0
9791,-2993,0,0
9792,-16384,0,0
9793,5027,0,0
9794,-62,0,0
9795,6254,0,0
9796,16196,0,0
9797,2894,0,0
9798,17253,0,0
9799,-14742,0,0
9800,-9241,0,0
9801,1341,0,0
9802,-4632,0,0
9803,-7245,0,0
9804,2012,0,0
9805,11419,0,0
9806,-5077,0,0
9807,9769,0,0
9808,9009,0,0
9809,2993,0,0
9810,-569,0,0
9811,16779,0,0
9812,15615,0,0
9813,17909,0,0
9814,6872,0,0
9815,17800,0,0
9816,3003,0,0
9817,-8701,0,0
9818,1272,0,0
9819,15666,0,0
9820,246,0,0
9821,1092,0,0
9822,19653,0,0
9823,-82,0,0
9824,15022,0,0
9825,18136,0,0
9826,15565,0,0
9827,17626,0,0
9828,-11952,0,0
9829,-17402,0,0
9830,16614,0,0
9831,-12448,0,0
9832,16893,0,0
9833,106,0,0
9834,14277,0,0
9835,93,0,0
9836,19087,0,0
9837,15995,0,0
9838,-2662,0,0
9839,9299,0,0
9840,608,0,0
9841,20694,0,0
9842,16482,0,0
9843,6539,0,0
9844,4921,0,0
9845,14724,0,0
9846,19510,0,0
9847,8517,0,0
9848,22021,0,0
9849,17543,0,0
9850,1424,0,0
9851,15403,0,0
9852,8895,0,0
9853,14632,0,0
9854,10935,0,0
9855,21405,0,0
9856,20944,15000,0
9857,9552,0,0
9858,18862,0,0
9859,18446,0,0
9860,-5715,0,0
9861,1912,0,0
9862,-1096,0,0
9863,5631,0,0
9864,-1134,0,0
9865,-4835,0,0
9866,12395,0,0
9867,22307,0,0
9868,9905,0,0
9869,20734,0,0
9870,16177,0,0
9871,18090,0,0
9872,22206,0,0
9873,-7805,0,0
9874,11117,0,0
9875,11508,0,0
9876,-23106,0,0
9877,13801,0,0
9878,-8430,0,0
9879,-11261,0,0
9880,-13571,0,0
9881,13284,0,0
9882,-5588,0,0
9883,8837,0,0
9884,-7357,0,0
9885,-11589,0,0
9886,17187,0,0
9887,-6714,0,0
9888,10715,0,0
9889,-1705,0,0
9890,-4477,0,0
9891,-2412,0,0
9892,1552,0,0
9893,5777,0,0
9894,703,0,0
9895,-14925,0,0
9896,3016,0,0
9897,-12396,0,0
9898,9225,0,0
9899,-2431,0,0
9900,-20050,0,0
9901,-16383,0,0
9902,-7043,0,0
9903,-17339,0,0
9904,-4521,0,0
9905,4814,0,0
9906,-21815,0,0
9907,-12536,0,0
9908,-6385,0,0
9909,-22606,0,0
9910,-3610,0,0
9911,-11603,0,0
9912,-16384,0,0
9913,-9106,0,0
9914,17259,0,0
9915,13545,0,0
9916,-14138,0,0
9917,-18175,0,0
9918,-20913,0,0
9919,-3486,0,0
9920,-22724,0,0
9921,-4339,0,0
9922,-50,0,0
9923,-695,0,0
9924,-8179,0,0
9925,-15134,0,0
9926,-22919,0,0
9927,-18757,0,0
9928,-14012,0,0
9929,714,0,0
9930,-1029,0,0
9931,-1071,0,0
9932,5183,0,0
9933,-4637,0,0
9934,-15019,0,0
9935,18264,0,0
9936,-16780,0,0
9937,-23141,0,0
9938,6348,0,0
9939,5263,0,0
9940,-9119,0,0
9941,-21815,0,0
9942,-17047,0,0
9943,-7479,0,0
9944,-1649,0,0
9945,15156,0,0
9946,-2503,0,0
9947,-15134,0,0
9948,3399,0,0
9949,19573,0,0
9950,9957,0,0
9951,21181,0,0
9952,11199,0,0
9953,10965,0,0
9954,168,0,0
9955,-2272,0,0
9956,2417,0,0
9957,-6497,0,0
9958,18609,0,0
9959,-15516,0,0
9960,-6195,0,0
9961,8763,0,0
9962,20148,0,0
9963,20158,0,0
9964,22723,0,0
9965,17460,0,0
9966,-14830,0,0
9967,16283,0,0
9968,141,0,0
9969,14663,0,0
9970,18608,0,0
9971,15299,0,0
9972,2045,0,0
9973,19508,0,0
9974,20433,0,0
9975,5076,0,0
9976,8357,0,0
9977,-10807,0,0
9978,16349,0,0
9979,14977,0,0
9980,10445,0,0
9981,15894,0,0
9982,17798,0,0
9983,22605,0,0
9984,16365,0,-15000
9985,-1539,0,0
9986,17169,0,0
9987,19823,0,0
9988,8841,0,0
9989,15314,0,0
9990,800,0,0
9991,13256,0,0
9992,19501,0,0
9993,1857,0,0
9994,6522,0,0
9995,4526,0,0
9996,7975,0,0
9997,3607,0,0
9998,15995,0,0
9999,-11951,0,0
10000,-8691,0,0
10001,-1116,0,0
10002,-1008,0,0
10003,-4762,0,0
10004,-2933,0,0
10005,5945,0,0
10006,-2543,0,0
10007,-638,0,0
10008,-9062,0,0
10009,10946,0,0
10010,-13269,0,0
10011,-10921,0,0
10012,-2608,0,0
10013,-6637,0,0
10014,-18735,0,0
10015,-18610,0,0
10016,-11572,0,0
10017,6327,0,0
10018,-18318,0,0
10019,7267,0,0
10020,13968,0,0
10021,-22829,0,0
10022,-14255,0,0
10023,6575,0,0
10024,-16780,0,0
10025,-23057,0,0
10026,4479,0,0
10027,-17911,0,0
10028,-15056,0,0
10029,-8867,0,0
10030,925,0,0
10031,-17627,0,0
10032,-16961,0,0
10033,-16602,0,0
10034,-20344,0,0
10035,-17062,0,0
10036,-22475,0,0
10037,-13318,0,0
10038,-16862,0,0
10039,-6021,0,0
10040,-2460,0,0
10041,-7284,0,0
10042,2069,0,0
10043,-7426,0,0
10044,-17373,0,0
10045,-480,0,0
10046,981,0,0
10047,-5782,0,0
10048,-3400,0,0
10049,16632,0,0
10050,568,0,0
10051,15338,0,0
10052,1751,0,0
10053,7865,0,0
10054,-8725,0,0
10055,14591,0,0
10056,15505,0,0
10057,10767,0,0
10058,-8116,0,0
10059,-3901,0,0
10060,2752,0,0
10061,-15403,0,0
10062,3623,0,0
10063,8915,0,0
10064,-10558,0,0
10065,9683,0,0
10066,12623,0,0
10067,8221,0,0
10068,-8328,0,0
10069,4344,0,0
10070,17516,0,0
10071,18321,0,0
10072,6962,0,0
10073,-9818,0,0
10074,-18609,0,0
10075,19057,0,0
10076,6238,0,0
10077,18822,0,0
10078,12684,0,0
10079,1121,0,0
10080,14301,0,0
10081,-12369,0,0
10082,-3576,0,0
10083,17543,0,0
10084,-569,0,0
10085,-1693,0,0
10086,-20759,0,0
10087,-4306,0,0
10088,5375,0,0
10089,7802,0,0
10090,4001,0,0
10091,-6588,0,0
10092,-18266,0,0
10093,-3422,0,0
10094,10233,0,0
10095,-16508,0,0
10096,6685,0,0
10097,-16027,0,0
10098,1136,0,0
10099,-16936,0,0
10100,-11755,0,0
10101,1411,0,0
10102,-20008,0,0
10103,-160,0,0
10104,17291,0,0
10105,-10995,0,0
10106,-12670,0,0
10107,-23162,0,0
10108,-14255,0,0
10109,-10759,0,0
10110,-12455,0,0
10111,-6630,0,0
10112,6707,15000,0
10113,-3022,0,0
10114,-7940,0,0
10115,8776,0,0
10116,15377,0,0
10117,-18115,0,0
10118,-16676,0,0
10119,-15452,0,0
10120,9905,0,0
10121,-697,0,0
10122,6029,0,0
10123,-8939,0,0
10124,9105,0,0
10125,4110,0,0
10126,-14761,0,0
10127,-10441,0,0
10128,15415,0,0
10129,15052,0,0
10130,-9020,0,0
10131,-1338,0,0
10132,-1137,0,0
10133,-2031,0,0
10134,5738,0,0
10135,1159,0,0
10136,7739,0,0
10137,20432,0,0
10138,-11353,0,0
10139,-12329,0,0
10140,19872,0,0
10141,-7775,0,0
10142,7113,0,0
10143,-19756,0,0
10144,17542,0,0
10145,14824,0,0
10146,7916,0,0
10147,8884,0,0
10148,-13507,0,0
10149,3325,0,0
10150,-3406,0,0
10151,-17367,0,0
10152,15793,0,0
10153,15559,0,0
10154,-13035,0,0
10155,19574,0,0
10156,4423,0,0
10157,1301,0,0
10158,8026,0,0
10159,14041,0,0
10160,3908,0,0
10161,2155,0,0
10162,16906,0,0
10163,-569,0,0
10164,-12453,0,0
10165,6059,0,0
10166,821,0,0
10167,21757,0,0
10168,15593,0,0
10169,20433,0,0
10170,11553,0,0
10171,18264,0,0
10172,568,0,0
10173,-14720,0,0
10174,-7693,0,0
10175,1934,0,0
10176,-8573,0,0
10177,-20945,0,0
10178,6352,0,0
10179,-9448,0,0
10180,-1299,0,0
10181,14057,0,0
10182,9039,0,0
10183,9657,0,0
10184,-9083,0,0
10185,-11712,0,0
10186,8143,0,0
10187,-17901,0,0
10188,-14808,0,0
10189,-3734,0,0
10190,-2642,0,0
10191,-8336,0,0
10192,-23057,0,0
10193,-15977,0,0
10194,-5685,0,0
10195,2796,0,0
10196,-12660,0,0
10197,-19873,0,0
10198,-235,0,0
10199,-9433,0,0
10200,-10894,0,0
10201,-15746,0,0
10202,-7165,0,0
10203,-15225,0,0
10204,-15171,0,0
10205,-12361,0,0
10206,-12532,0,0
10207,-3124,0,0
10208,4005,0,0
10209,14080,0,0
10210,-16810,0,0
10211,-15765,0,0
10212,-3700,0,0
10213,2357,0,0
10214,-1628,0,0
10215,1918,0,0
10216,-3495,0,0
10217,-15560,0,0
10218,10072,0,0
10219,-15469,0,0
10220,-19528,0,0
10221,10493,0,0
10222,6179,0,0
10223,-6292,0,0
10224,-14944,0,0
10225,4356,0,0
10226,3288,0,0
10227,-18351,0,0
10228,-5731,0,0
10229,-14166,0,0
10230,14175,0,0
10231,-6089,0,0
10232,20158,0,0
10233,6600,0,0
10234,-10781,0,0
10235,-20159,0,0
10236,-1363,0,0
10237,14254,0,0
10238,-8781,0,0
10239,-16173,0,0
10240,-4559,0,-15000
10241,19264,0,0
10242,15894,0,0
10243,-2643,0,0
10244,8091,0,0
10245,11340,0,0
10246,-12805,0,0
10247,13685,0,0
10248,3477,0,0
10249,11277,0,0
10250,-51,0,0
10251,4893,0,0
10252,18591,0,0
10253,5628,0,0
10254,6580,0,0
10255,-3920,0,0
10256,-9507,0,0
10257,14551,0,0
10258,18646,0,0
10259,-12190,0,0
10260,9053,0,0
10261,17114,0,0
10262,-19871,0,0
10263,19826,0,0
10264,21814,0,0
10265,8338,0,0
10266,20158,0,0
10267,4024,0,0
10268,18127,0,0
10269,-8013,0,0
10270,15559,0,0
10271,2066,0,0
10272,6290,0,0
10273,-6726,0,0
10274,391,0,0
10275,-2165,0,0
10276,8343,0,0
10277,3690,0,0
10278,42,0,0
10279,16150,0,0
10280,18387,0,0
10281,-15338,0,0
10282,-3962,0,0
10283,11419,0,0
10284,1984,0,0
10285,-3537,0,0
10286,4222,0,0
10287,3960,0,0
10288,-5773,0,0
10289,9490,0,0
10290,-17168,0,0
10291,-15459,0,0
10292,-18421,0,0
10293,-18436,0,0
10294,-11010,0,0
10295,-1758,0,0
10296,-6501,0,0
10297,16808,0,0
10298,-2450,0,0
10299,-15762,0,0
10300,-12796,0,0
10301,10526,0,0
10302,5341,0,0
10303,-10922,0,0
10304,-15391,0,0
10305,-21815,0,0
10306,-20040,0,0
10307,-19035,0,0
10308,-4596,0,0
10309,-11076,0,0
10310,16382,0,0
10311,-23107,0,0
10312,-14803,0,0
10313,-6439,0,0
10314,-9906,0,0
10315,-558,0,0
10316,14903,0,0
10317,-11735,0,0
10318,-22995,0,0
10319,7462,0,0
10320,-6831,0,0
10321,-14255,0,0
10322,-9222,0,0
10323,-11420,0,0
10324,-13304,0,0
10325,-9883,0,0
10326,-17001,0,0
10327,-12340,0,0
10328,13393,0,0
10329,-7831,0,0
10330,2300,0,0
10331,1703,0,0
10332,2062,0,0
10333,4288,0,0
10334,-17306,0,0
10335,1134,0,0
10336,-6726,0,0
10337,-14983,0,0
10338,22828,0,0
10339,-17910,0,0
10340,10561,0,0
10341,-16097,0,0
10342,7762,0,0
10343,-10339,0,0
10344,8908,0,0
10345,15662,0,0
10346,15194,0,0
10347,-14592,0,0
10348,-15117,0,0
10349,15865,0,0
10350,1243,0,0
10351,7975,0,0
10352,-3303,0,0
10353,21660,0,0
10354,7115,0,0
10355,11766,0,0
10356,1835,0,0
10357,12625,0,0
10358,-12258,0,0
10359,15756,0,0
10360,13000,0,0
10361,16115,0,0
10362,22723,0,0
10363,10369,0,0
10364,20912,0,0
10365,9377,0,0
10366,956,0,0
10367,-12999,0,0
10368,16365,15000,0
10369,6547,0,0
10370,-5365,0,0
10371,-7806,0,0
10372,3798,0,0
10373,18457,0,0
10374,-3815,0,0
10375,15975,0,0
10376,18045,0,0
10377,-11173,0,0
10378,5452,0,0
10379,7805,0,0
10380,-11911,0,0
10381,-18761,0,0
10382,11159,0,0
10383,-1138,0,0
10384,4752,0,0
10385,-14969,0,0
10386,-11474,0,0
10387,-9906,0,0
10388,8814,0,0
10389,-14450,0,0
10390,1655,0,0
10391,-16553,0,0
10392,-8490,0,0
10393,-12327,0,0
10394,-20819,0,0
10395,-3867,0,0
10396,-18943,0,0
10397,1703,0,0
10398,-15977,0,0
10399,-22995,0,0
10400,-14507,0,0
10401,1117,0,0
10402,-4945,0,0
10403,-17604,0,0
10404,-3401,0,0
10405,1293,0,0
10406,9726,0,0
10407,-17651,0,0
10408,-6003,0,0
10409,21181,0,0
10410,-10461,0,0
10411,-5630,0,0
10412,13340,0,0
10413,2515,0,0
10414,-16037,0,0
10415,17171,0,0
10416,1155,0,0
10417,-735,0,0
10418,17800,0,0
10419,17216,0,0
10420,6300,0,0
10421,-6620,0,0
10422,-2271,0,0
10423,11400,0,0
10424,10180,0,0
10425,-13085,0,0
10426,12126,0,0
10427,17742,0,0
10428,-10057,0,0
10429,21814,0,0
10430,12371,0,0
10431,20179,0,0
10432,14849,0,0
10433,19356,0,0
10434,7787,0,0
10435,19069,0,0
10436,16033,0,0
10437,13988,0,0
10438,17511,0,0
10439,13004,0,0
10440,-10074,0,0
10441,17430,0,0
10442,17433,0,0
10443,18609,0,0
10444,18836,0,0
10445,16346,0,0
10446,11430,0,0
10447,11948,0,0
10448,19620,0,0
10449,8337,0,0
10450,-1367,0,0
10451,-14847,0,0
10452,11923,0,0
10453,23168,0,0
10454,3480,0,0
10455,-16960,0,0
10456,11535,0,0
10457,14241,0,0
10458,857,0,0
10459,5046,0,0
10460,-8873,0,0
10461,715,0,0
10462,265,0,0
10463,2559,0,0
10464,-2837,0,0
10465,16475,0,0
10466,-6454,0,0
10467,8866,0,0
10468,-8581,0,0
10469,-19085,0,0
10470,-14255,0,0
10471,-18544,0,0
10472,-10933,0,0
10473,-19439,0,0
10474,-8268,0,0
10475,-10458,0,0
10476,12473,0,0
10477,18799,0,0
10478,-20644,0,0
10479,-15274,0,0
10480,-4184,0,0
10481,-16610,0,0
10482,-22575,0,0
10483,-12746,0,0
10484,8296,0,0
10485,-21617,0,0
10486,-17964,0,0
10487,-5269,0,0
10488,1257,0,0
10489,-9684,0,0
10490,-13073,0,0
10491,-20394,0,0
10492,-18563,0,0
10493,-17667,0,0
10494,-13735,0,0
10495,12871,0,0
10496,-22216,0,-15000
10497,5526,0,0
10498,-4283,0,0
10499,-13802,0,0
10500,5629,0,0
10501,-16046,0,0
10502,-15425,0,0
10503,-6180,0,0
10504,-7716,0,0
10505,-6495,0,0
10506,-16384,0,0
10507,-14417,0,0
10508,-18265,0,0
10509,-3186,0,0
10510,2624,0,0
10511,-11019,0,0
10512,9400,0,0
10513,12871,0,0
10514,-2837,0,0
10515,16048,0,0
10516,8207,0,0
10517,18265,0,0
10518,1468,0,0
10519,-4288,0,0
10520,9823,0,0
10521,-3124,0,0
10522,-17690,0,0
10523,-3246,0,0
10524,15133,0,0
10525,14586,0,0
10526,14697,0,0
10527,8278,0,0
10528,9082,0,0
10529,20110,0,0
10530,7516,0,0
10531,11205,0,0
10532,-4846,0,0
10533,6729,0,0
10534,10965,0,0
10535,-426,0,0
10536,-4521,0,0
10537,20433,0,0
10538,12701,0,0
10539,13359,0,0
10540,19263,0,0
10541,3201,0,0
10542,-4589,0,0
10543,13253,0,0
10544,14488,0,0
10545,2102,0,0
10546,-3678,0,0
10547,-5852,0,0
10548,3960,0,0
10549,-15134,0,0
10550,5922,0,0
10551,9670,0,0
10552,-10031,0,0
10553,10417,0,0
10554,-9389,0,0
10555,3016,0,0
10556,-13342,0,0
10557,-11140,0,0
10558,-16714,0,0
10559,-10178,0,0
10560,-5996,0,0
10561,13002,0,0
10562,-10647,0,0
10563,-11087,0,0
10564,9950,0,0
10565,-3429,0,0
10566,-6526,0,0
10567,10230,0,0
10568,-22475,0,0
10569,-15882,0,0
10570,2219,0,0
10571,-7531,0,0
10572,-15134,0,0
10573,-10740,0,0
10574,13669,0,0
10575,-13681,0,0
10576,-16563,0,0
10577,-751,0,0
10578,-3400,0,0
10579,-16712,0,0
10580,-3999,0,0
10581,-6668,0,0
10582,-8218,0,0
10583,-5349,0,0
10584,7726,0,0
10585,22474,0,0
10586,-7206,0,0
10587,22181,0,0
10588,1773,0,0
10589,8379,0,0
10590,-9015,0,0
10591,7351,0,0
10592,20944,0,0
10593,9237,0,0
10594,2425,0,0
10595,3258,0,0
10596,17707,0,0
10597,6158,0,0
10598,-11609,0,0
10599,18942,0,0
10600,-3259,0,0
10601,6230,0,0
10602,16192,0,0
10603,21049,0,0
10604,12677,0,0
10605,9154,0,0
10606,16589,0,0
10607,16449,0,0
10608,4648,0,0
10609,4595,0,0
10610,-2947,0,0
10611,-4834,0,0
10612,10268,0,0
10613,18608,0,0
10614,22187,0,0
10615,-11863,0,0
10616,-2271,0,0
10617,15151,0,0
10618,13383,0,0
10619,21404,0,0
10620,17973,0,0
10621,5076,0,0
10622,-14930,0,0
10623,14787,0,0
10624,16104,15000,0
10625,-2837,0,0
10626,7213,0,0
10627,21998,0,0
10628,-21617,0,0
10629,-1849,0,0
10630,4520,0,0
10631,-2957,0,0
10632,-6372,0,0
10633,9526,0,0
10634,-4521,0,0
10635,-3409,0,0
10636,-8867,0,0
10637,-22330,0,0
10638,-13782,0,0
10639,-2531,0,0
10640,15975,0,0
10641,-7452,0,0
10642,-5967,0,0
10643,-21815,0,0
10644,-16056,0,0
10645,-12659,0,0
10646,-13239,0,0
10647,-13584,0,0
10648,-19421,0,0
10649,-2287,0,0
10650,1076,0,0
10651,7995,0,0
10652,-19246,0,0
10653,-13064,0,0
10654,-14255,0,0
10655,-9884,0,0
10656,-16540,0,0
10657,9033,0,0
10658,-10922,0,0
10659,-8119,0,0
10660,14042,0,0
10661,2725,0,0
10662,-12954,0,0
10663,-3487,0,0
10664,-5010,0,0
10665,-1122,0,0
10666,10009,0,0
10667,-10922,0,0
10668,-6563,0,0
10669,18976,0,0
10670,11910,0,0
10671,-7820,0,0
10672,7963,0,0
10673,6058,0,0
10674,17543,0,0
10675,16750,0,0
10676,-13405,0,0
10677,1321,0,0
10678,-3202,0,0
10679,17058,0,0
10680,20599,0,0
10681,12871,0,0
10682,4935,0,0
10683,15667,0,0
10684,4357,0,0
10685,2928,0,0
10686,22723,0,0
10687,9187,0,0
10688,-9902,0,0
10689,12520,0,0
10690,16089,0,0
10691,-2014,0,0
10692,16047,0,0
10693,15410,0,0
10694,14283,0,0
10695,-5441,0,0
10696,-14245,0,0
10697,14557,0,0
10698,9554,0,0
10699,-15112,0,0
10700,22827,0,0
10701,-5643,0,0
10702,13606,0,0
10703,15891,0,0
10704,22994,0,0
10705,12570,0,0
10706,5093,0,0
10707,-7282,0,0
10708,3801,0,0
10709,-18519,0,0
10710,7529,0,0
10711,11345,0,0
10712,14866,0,0
10713,-1705,0,0
10714,8960,0,0
10715,-1742,0,0
10716,-13772,0,0
10717,-12854,0,0
10718,12408,0,0
10719,5424,0,0
10720,-22269,0,0
10721,1522,0,0
10722,8050,0,0
10723,-17543,0,0
10724,-22918,0,0
10725,-19574,0,0
10726,1880,0,0
10727,-8317,0,0
10728,-9907,0,0
10729,4217,0,0
10730,-19264,0,0
10731,-21221,0,0
10732,-15984,0,0
10733,-15646,0,0
10734,-5133,0,0
10735,-9816,0,0
10736,-1142,0,0
10737,-5077,0,0
10738,3295,0,0
10739,-21815,0,0
10740,-11563,0,0
10741,-13727,0,0
10742,-18551,0,0
10743,923,0,0
10744,274,0,0
10745,-16383,0,0
10746,-12425,0,0
10747,-15530,0,0
10748,13671,0,0
10749,-15666,0,0
10750,-20707,0,0
10751,-15820,0,0
10752,-16331,0,-15000
10753,-10173,0,0
10754,-7029,0,0
10755,4513,0,0
10756,-14699,0,0
10757,912,0,0
10758,6137,0,0
10759,1209,0,0
10760,-13873,0,0
10761,8492,0,0
10762,7390,0,0
10763,3656,0,0
10764,-14141,0,0
10765,13801,0,0
10766,-7468,0,0
10767,20694,0,0
10768,-7307,0,0
10769,-4330,0,0
10770,14796,0,0
10771,-2019,0,0
10772,9495,0,0
10773,-4977,0,0
10774,7950,0,0
10775,-10146,0,0
10776,19872,0,0
10777,20396,0,0
10778,8131,0,0
10779,10659,0,0
10780,22176,0,0
10781,-1155,0,0
10782,4898,0,0
10783,15591,0,0
10784,-5558,0,0
10785,-4356,0,0
10786,4884,0,0
10787,12661,0,0
10788,17246,0,0
10789,16370,0,0
10790,15930,0,0
10791,3899,0,0
10792,-3943,0,0
10793,14375,0,0
10794,15100,0,0
10795,22917,0,0
10796,17909,0,0
10797,-9393,0,0
10798,9706,0,0
10799,11687,0,0
10800,5769,0,0
10801,8281,0,0
10802,11910,0,0
10803,4850,0,0
10804,7042,0,0
10805,21181,0,0
10806,18646,0,0
10807,13673,0,0
10808,2080,0,0
10809,18333,0,0
10810,-3105,0,0
10811,-8042,0,0
10812,-1704,0,0
10813,6745,0,0
10814,5076,0,0
10815,-20695,0,0
10816,-7984,0,0
10817,8366,0,0
10818,5682,0,0
10819,-332,0,0
10820,6868,0,0
10821,-21480,0,0
10822,10536,0,0
10823,7037,0,0
10824,-16840,0,0
10825,22605,0,0
10826,12336,0,0
10827,410,0,0
10828,-11742,0,0
10829,15138,0,0
10830,6519,0,0
10831,-7237,0,0
10832,-1089,0,0
10833,16779,0,0
10834,-9519,0,0
10835,-4494,0,0
10836,16459,0,0
10837,-10345,0,0
10838,4509,0,0
10839,7578,0,0
10840,-17275,0,0
10841,8725,0,0
10842,-16390,0,0
10843,11310,0,0
10844,-16243,0,0
10845,-18046,0,0
10846,6443,0,0
10847,6756,0,0
10848,-6302,0,0
10849,-15599,0,0
10850,-2762,0,0
10851,-5025,0,0
10852,-22829,0,0
10853,-16654,0,0
10854,-16106,0,0
10855,-16565,0,0
10856,-3015,0,0
10857,8867,0,0
10858,-20671,0,0
10859,-14349,0,0
10860,-13606,0,0
10861,-11742,0,0
10862,4086,0,0
10863,-21085,0,0
10864,-15451,0,0
10865,-15346,0,0
10866,-15560,0,0
10867,10928,0,0
10868,8888,0,0
10869,-7975,0,0
10870,-17678,0,0
10871,8338,0,0
10872,-18360,0,0
10873,-5547,0,0
10874,7697,0,0
10875,8636,0,0
10876,-2837,0,0
10877,-4989,0,0
10878,8744,0,0
10879,16637,0,0
10880,-23106,15000,0
10881,8378,0,0
10882,3960,0,0
10883,-9669,0,0
10884,2045,0,0
10885,-1767,0,0
10886,-809,0,0
10887,10571,0,0
10888,12871,0,0
10889,175,0,0
10890,15358,0,0
10891,16559,0,0
10892,-16066,0,0
10893,-3992,0,0
10894,-4645,0,0
10895,5679,0,0
10896,19063,0,0
10897,12027,0,0
10898,19599,0,0
10899,9805,0,0
10900,21145,0,0
10901,-4173,0,0
10902,-11783,0,0
10903,-3833,0,0
10904,2414,0,0
10905,4233,0,0
10906,8449,0,0
10907,17741,0,0
10908,-8152,0,0
10909,11760,0,0
10910,9388,0,0
10911,-1313,0,0
10912,1197,0,0
10913,8212,0,0
10914,-18609,0,0
10915,16651,0,0
10916,16549,0,0
10917,-1550,0,0
10918,16825,0,0
10919,12504,0,0
10920,18047,0,0
10921,16106,0,0
10922,20433,0,0
10923,-8967,0,0
10924,15203,0,0
10925,-9438,0,0
10926,16185,0,0
10927,20158,0,0
10928,22408,0,0
10929,9691,0,0
10930,21667,0,0
10931,6615,0,0
10932,22000,0,0
10933,8719,0,0
10934,19933,0,0
10935,14697,0,0
10936,-1836,0,0
10937,-7537,0,0
10938,6521,0,0
10939,19574,0,0
10940,22474,0,0
10941,-7393,0,0
10942,21814,0,0
10943,12230,0,0
10944,-19694,0,0
10945,21901,0,0
10946,-3464,0,0
10947,4351,0,0
10948,17952,0,0
10949,4548,0,0
10950,16451,0,0
10951,-8075,0,0
10952,8183,0,0
10953,16660,0,0
10954,-16529,0,0
10955,-13055,0,0
10956,16906,0,0
10957,3951,0,0
10958,10416,0,0
10959,-8338,0,0
10960,21405,0,0
10961,20944,0,0
10962,-6460,0,0
10963,17540,0,0
10964,-4486,0,0
10965,4890,0,0
10966,4050,0,0
10967,-10451,0,0
10968,568,0,0
10969,-12504,0,0
10970,16148,0,0
10971,8768,0,0
10972,3842,0,0
10973,12658,0,0
10974,-3994,0,0
10975,-12679,0,0
10976,-6617,0,0
10977,8338,0,0
10978,5243,0,0
10979,4302,0,0
10980,7078,0,0
10981,4520,0,0
10982,-15246,0,0
10983,-22918,0,0
10984,-14772,0,0
10985,-11458,0,0
10986,-17321,0,0
10987,11469,0,0
10988,16779,0,0
10989,5660,0,0
10990,15559,0,0
10991,-10968,0,0
10992,14698,0,0
10993,-11050,0,0
10994,-18266,0,0
10995,11088,0,0
10996,-6332,0,0
10997,-4521,0,0
10998,9190,0,0
10999,8193,0,0
11000,-11580,0,0
11001,-10659,0,0
11002,-898,0,0
11003,13101,0,0
11004,17834,0,0
11005,15852,0,0
11006,-7805,0,0
11007,12342,0,0
11008,18763,0,-15000
11009,20284,0,0
11010,19453,0,0
11011,-20159,0,0
11012,8906,0,0
11013,8463,0,0
11014,-4870,0,0
11015,15085,0,0
11016,4791,0,0
11017,15486,0,0
11018,-3247,0,0
11019,18608,0,0
11020,19334,0,0
11021,10534,0,0
11022,9291,0,0
11023,11891,0,0
11024,-11264,0,0
11025,-4939,0,0
11026,-1705,0,0
11027,-3649,0,0
11028,4236,0,0
11029,-4837,0,0
11030,14024,0,0
11031,16056,0,0
11032,8008,0,0
11033,15925,0,0
11034,-9804,0,0
11035,-12338,0,0
11036,-2853,0,0
11037,7217,0,0
11038,-23141,0,0
11039,15852,0,0
11040,23140,0,0
11041,1636,0,0
11042,6363,0,0
11043,-17022,0,0
11044,-11350,0,0
11045,-1050,0,0
11046,18688,0,0
11047,-3552,0,0
11048,-2271,0,0
11049,9107,0,0
11050,-3401,0,0
11051,-14506,0,0
11052,9276,0,0
11053,-10685,0,0
11054,10095,0,0
11055,-12178,0,0
11056,-5077,0,0
11057,-12047,0,0
11058,2851,0,0
11059,-20434,0,0
11060,-17605,0,0
11061,-13595,0,0
11062,-9844,0,0
11063,17985,0,0
11064,3555,0,0
11065,-20945,0,0
11066,-18593,0,0
11067,-21182,0,0
11068,11731,0,0
11069,1051,0,0
11070,-21405,0,0
11071,-15629,0,0
11072,2650,0,0
11073,267,0,0
11074,-9907,0,0
11075,4040,0,0
11076,2411,0,0
11077,21513,0,0
11078,5011,0,0
11079,-17497,0,0
11080,4390,0,0
11081,-7915,0,0
11082,8511,0,0
11083,-22172,0,0
11084,-11114,0,0
11085,-15873,0,0
11086,2630,0,0
11087,4534,0,0
11088,-10922,0,0
11089,-3848,0,0
11090,-13544,0,0
11091,-21370,0,0
11092,-9399,0,0
11093,-4038,0,0
11094,-11420,0,0
11095,6890,0,0
11096,-3653,0,0
11097,-22475,0,0
11098,-11237,0,0
11099,-22475,0,0
11100,4279,0,0
11101,-11295,0,0
11102,-10655,0,0
11103,-19017,0,0
11104,13838,0,0
11105,-11097,0,0
11106,-20945,0,0
11107,-16208,0,0
11108,7755,0,0
11109,8338,0,0
11110,-13145,0,0
11111,-21405,0,0
11112,-15512,0,0
11113,-20255,0,0
11114,-21815,0,0
11115,-13288,0,0
11116,-15845,0,0
11117,-20433,0,0
11118,3168,0,0
11119,-1434,0,0
11120,-22606,0,0
11121,-12396,0,0
11122,-18653,0,0
11123,-8710,0,0
11124,-14353,0,0
11125,-1948,0,0
11126,-19166,0,0
11127,-15056,0,0
11128,2454,0,0
11129,-15560,0,0
11130,-18176,0,0
11131,-16384,0,0
11132,-23169,0,0
11133,-16383,0,0
11134,-18656,0,0
11135,-15976,0,0
11136,-23141,15000,0
11137,-17168,0,0
11138,15239,0,0
11139,-7633,0,0
11140,-8444,0,0
11141,15852,0,0
11142,5703,0,0
11143,-16301,0,0
11144,-17286,0,0
11145,-16039,0,0
11146,-1336,0,0
11147,-14166,0,0
11148,-4649,0,0
11149,17888,0,0
11150,-9667,0,0
11151,-15299,0,0
11152,5464,0,0
11153,-4314,0,0
11154,-6793,0,0
11155,-17062,0,0
11156,-13200,0,0
11157,5870,0,0
11158,-5624,0,0
11159,-14902,0,0
11160,-18967,0,0
11161,18044,0,0
11162,18009,0,0
11163,-20159,0,0
11164,-2643,0,0
11165,-6237,0,0
11166,5760,0,0
11167,-2658,0,0
11168,-16654,0,0
11169,-1052,0,0
11170,-17669,0,0
11171,-19575,0,0
11172,-18123,0,0
11173,1883,0,0
11174,-4792,0,0
11175,14413,0,0
11176,-22919,0,0
11177,-361,0,0
11178,-10492,0,0
11179,-6761,0,0
11180,-13365,0,0
11181,-8447,0,0
11182,-5894,0,0
11183,-5574,0,0
11184,15586,0,0
11185,-8124,0,0
11186,-22995,0,0
11187,-8156,0,0
11188,-16825,0,0
11189,-6691,0,0
11190,-16409,0,0
11191,-17234,0,0
11192,-2936,0,0
11193,11763,0,0
11194,-10344,0,0
11195,-18237,0,0
11196,5142,0,0
11197,-2235,0,0
11198,-18527,0,0
11199,-2312,0,0
11200,-11586,0,0
11201,-1662,0,0
11202,-18845,0,0
11203,-4148,0,0
11204,-1137,0,0
11205,5289,0,0
11206,-3610,0,0
11207,16461,0,0
11208,13293,0,0
11209,15559,0,0
11210,-19432,0,0
11211,-10522,0,0
11212,-3120,0,0
11213,-707,0,0
11214,-1298,0,0
11215,-12458,0,0
11216,-12484,0,0
11217,-739,0,0
11218,-14344,0,0
11219,-5254,0,0
11220,-3400,0,0
11221,-7499,0,0
11222,-18205,0,0
11223,1673,0,0
11224,-6413,0,0
11225,-7850,0,0
11226,1496,0,0
11227,-10156,0,0
11228,-21370,0,0
11229,6692,0,0
11230,-21079,0,0
11231,-1470,0,0
11232,7162,0,0
11233,12468,0,0
11234,4187,0,0
11235,-16006,0,0
11236,-15476,0,0
11237,-14192,0,0
11238,-1357,0,0
11239,-19631,0,0
11240,-13329,0,0
11241,5978,0,0
11242,-6180,0,0
11243,1898,0,0
11244,10906,0,0
11245,10921,0,0
11246,2631,0,0
11247,14816,0,0
11248,-3358,0,0
11249,-5194,0,0
11250,-6111,0,0
11251,17307,0,0
11252,-21999,0,0
11253,10799,0,0
11254,7832,0,0
11255,15398,0,0
11256,5345,0,0
11257,17011,0,0
11258,2272,0,0
11259,-8431,0,0
11260,-1031,0,0
11261,7503,0,0
11262,-12991,0,0
11263,-18228,0,-15000
11264,10695,0,0
11265,-5367,0,0
11266,10767,0,0
11267,1107,0,0
11268,-16148,0,0
11269,2836,0,0
11270,-7194,0,0
11271,-6394,0,0
11272,-17490,0,0
11273,-5325,0,0
11274,14412,0,0
11275,1584,0,0
11276,-15976,0,0
11277,-743,0,0
11278,15976,0,0
11279,-17017,0,0
11280,10608,0,0
11281,-20334,0,0
11282,-1303,0,0
11283,-3400,0,0
11284,-6925,0,0
11285,-5076,0,0
11286,-5507,0,0
11287,-16177,0,0
11288,-6413,0,0
11289,2289,0,0
11290,-10986,0,0
11291,5477,0,0
11292,-17509,0,0
11293,-15757,0,0
11294,-855,0,0
11295,-9513,0,0
11296,14095,0,0
11297,-5537,0,0
11298,-22060,0,0
11299,-16831,0,0
11300,-12712,0,0
11301,-7659,0,0
11302,-10336,0,0
11303,16007,0,0
11304,7066,0,0
11305,-17542,0,0
11306,-21566,0,0
11307,-6356,0,0
11308,726,0,0
11309,-17458,0,0
11310,-3016,0,0
11311,-18236,0,0
11312,-8082,0,0
11313,-13403,0,0
11314,-8867,0,0
11315,5302,0,0
11316,8686,0,0
11317,-22330,0,0
11318,-16126,0,0
11319,5075,0,0
11320,-13507,0,0
11321,-22724,0,0
11322,-15927,0,0
11323,-22828,0,0
11324,-15927,0,0
11325,-12166,0,0
11326,-14289,0,0
11327,-1781,0,0
11328,-14028,0,0
11329,-22995,0,0
11330,3828,0,0
11331,-14333,0,0
11332,3980,0,0
11333,-12580,0,0
11334,-15134,0,0
11335,-22551,0,0
11336,11961,0,0
11337,-6083,0,0
11338,-16428,0,0
11339,-23141,0,0
11340,-15976,0,0
11341,-16410,0,0
11342,-16148,0,0
11343,-19198,0,0
11344,-16384,0,0
11345,-9581,0,0
11346,-16630,0,0
11347,-10784,0,0
11348,-12456,0,0
11349,-17805,0,0
11350,16208,0,0
11351,-19588,0,0
11352,632,0,0
11353,-1704,0,0
11354,-1052,0,0
11355,22994,0,0
11356,-16874,0,0
11357,12755,0,0
11358,-15489,0,0
11359,-14071,0,0
11360,-17671,0,0
11361,-16565,0,0
11362,-20129,0,0
11363,-18634,0,0
11364,14041,0,0
11365,4177,0,0
11366,11401,0,0
11367,-7269,0,0
11368,-13332,0,0
11369,-9079,0,0
11370,10430,0,0
11371,-16634,0,0
11372,-7232,0,0
11373,20944,0,0
11374,7804,0,0
11375,1874,0,0
11376,-12140,0,0
11377,-12892,0,0
11378,-18060,0,0
11379,-772,0,0
11380,10887,0,0
11381,-11706,0,0
11382,-22330,0,0
11383,-471,0,0
11384,-22330,0,0
11385,-11420,0,0
11386,6179,0,0
11387,6689,0,0
11388,-11612,0,0
11389,-14068,0,0
11390,8824,0,0
11391,-18937,15000,0
11392,6482,0,0
11393,-11077,0,0
11394,-2943,0,0
11395,-14816,0,0
11396,-16851,0,0
11397,16307,0,0
11398,-7165,0,0
11399,5598,0,0
11400,-5739,0,0
11401,10219,0,0
11402,-1094,0,0
11403,11804,0,0
11404,18746,0,0
11405,-3607,0,0
11406,10071,0,0
11407,-3680,0,0
11408,-16867,0,0
11409,5251,0,0
11410,8866,0,0
11411,-1384,0,0
11412,2938,0,0
11413,-2959,0,0
11414,9905,0,0
11415,-3133,0,0
11416,611,0,0
11417,9504,0,0
11418,3053,0,0
11419,3877,0,0
11420,-3556,0,0
11421,22329,0,0
11422,-6200,0,0
11423,11124,0,0
11424,-17513,0,0
11425,-4280,0,0
11426,-11664,0,0
11427,7595,0,0
11428,149,0,0
11429,5629,0,0
11430,16914,0,0
11431,14265,0,0
11432,16628,0,0
11433,-5499,0,0
11434,12395,0,0
11435,-11596,0,0
11436,5583,0,0
11437,16931,0,0
11438,11107,0,0
11439,-9607,0,0
11440,13340,0,0
11441,-3961,0,0
11442,13341,0,0
11443,22278,0,0
11444,14257,0,0
11445,22115,0,0
11446,4343,0,0
11447,1242,0,0
11448,-17409,0,0
11449,21289,0,0
11450,8834,0,0
11451,-22061,0,0
11452,15030,0,0
11453,-12145,0,0
11454,11910,0,0
11455,10756,0,0
11456,-158,0,0
11457,8698,0,0
11458,-5389,0,0
11459,2450,0,0
11460,18604,0,0
11461,-4674,0,0
11462,5834,0,0
11463,16524,0,0
11464,12911,0,0
11465,14376,0,0
11466,-11158,0,0
11467,-1167,0,0
11468,13959,0,0
11469,17039,0,0
11470,3623,0,0
11471,18376,0,0
11472,12625,0,0
11473,20944,0,0
11474,7231,0,0
11475,19434,0,0
11476,-2469,0,0
11477,12920,0,0
11478,-758,0,0
11479,17781,0,0
11480,6179,0,0
11481,-5297,0,0
11482,12726,0,0
11483,-9874,0,0
11484,-8526,0,0
11485,-11912,0,0
11486,18051,0,0
11487,-14971,0,0
11488,1741,0,0
11489,19574,0,0
11490,-10360,0,0
11491,10981,0,0
11492,1697,0,0
11493,11734,0,0
11494,16588,0,0
11495,-7402,0,0
11496,-16752,0,0
11497,-16619,0,0
11498,10277,0,0
11499,-6086,0,0
11500,9821,0,0
11501,-6644,0,0
11502,22723,0,0
11503,7495,0,0
11504,5539,0,0
11505,16351,0,0
11506,-5278,0,0
11507,-5649,0,0
11508,-5630,0,0
11509,-2759,0,0
11510,22329,0,0
11511,11247,0,0
11512,9460,0,0
11513,-1896,0,0
11514,-21815,0,0
11515,1987,0,0
11516,-4832,0,0
11517,-15072,0,0
11518,13077,0,0
11519,20201,0,-15000
11520,6170,0,0
11521,1264,0,0
11522,6672,0,0
11523,-20006,0,0
11524,-3535,0,0
11525,-860,0,0
11526,-15770,0,0
11527,-2838,0,0
11528,-3616,0,0
11529,-4948,0,0
11530,-2926,0,0
11531,-18145,0,0
11532,-2211,0,0
11533,-2271,0,0
11534,-17910,0,0
11535,-23058,0,0
11536,-17706,0,0
11537,-22518,0,0
11538,4259,0,0
11539,3400,0,0
11540,-17994,0,0
11541,-6951,0,0
11542,-17706,0,0
11543,-12024,0,0
11544,-13972,0,0
11545,4783,0,0
11546,-5797,0,0
11547,-18741,0,0
11548,-18061,0,0
11549,-10176,0,0
11550,-7261,0,0
11551,-14506,0,0
11552,-19265,0,0
11553,-6658,0,0
11554,-16969,0,0
11555,14815,0,0
11556,-12872,0,0
11557,-16354,0,0
11558,-18610,0,0
11559,-3917,0,0
11560,-18266,0,0
11561,-2205,0,0
11562,-1546,0,0
11563,-13807,0,0
11564,-17910,0,0
11565,-7910,0,0
11566,2693,0,0
11567,-19724,0,0
11568,-7565,0,0
11569,-569,0,0
11570,-16966,0,0
11571,10464,0,0
11572,-6109,0,0
11573,-1137,0,0
11574,-17168,0,0
11575,-23107,0,0
11576,-17544,0,0
11577,4990,0,0
11578,11460,0,0
11579,-4717,0,0
11580,-10029,0,0
11581,1530,0,0
11582,-16478,0,0
11583,15164,0,0
11584,-17685,0,0
11585,6537,0,0
11586,-16291,0,0
11587,-3080,0,0
11588,13886,0,0
11589,-5347,0,0
11590,16721,0,0
11591,3826,0,0
11592,-4987,0,0
11593,-5529,0,0
11594,-120,0,0
11595,-1560,0,0
11596,14587,0,0
11597,-5846,0,0
11598,6504,0,0
11599,-8375,0,0
11600,-6483,0,0
11601,-3961,0,0
11602,13320,0,0
11603,-5076,0,0
11604,11372,0,0
11605,-4240,0,0
11606,-7930,0,0
11607,1632,0,0
11608,5424,0,0
11609,-7806,0,0
11610,17021,0,0
11611,-8867,0,0
11612,-15323,0,0
11613,-10418,0,0
11614,11067,0,0
11615,8391,0,0
11616,5629,0,0
11617,10787,0,0
11618,8129,0,0
11619,-12872,0,0
11620,-7289,0,0
11621,-8761,0,0
11622,2836,0,0
11623,14887,0,0
11624,-23057,0,0
11625,-5296,0,0
11626,-12178,0,0
11627,-10817,0,0
11628,5160,0,0
11629,17132,0,0
11630,8607,0,0
11631,3491,0,0
11632,2270,0,0
11633,-14255,0,0
11634,3739,0,0
11635,-14877,0,0
11636,14851,0,0
11637,-14837,0,0
11638,-1820,0,0
11639,18942,0,0
11640,1866,0,0
11641,-12130,0,0
11642,12691,0,0
11643,-10641,0,0
11644,18295,0,0
11645,-14057,0,0
11646,-22606,0,0
11647,16486,15000,0
11648,11553,0,0
11649,-3797,0,0
11650,-13656,0,0
11651,3677,0,0
11652,22605,0,0
11653,-8058,0,0
11654,5628,0,0
11655,-10516,0,0
11656,18652,0,0
11657,5687,0,0
11658,-4856,0,0
11659,14921,0,0
11660,-6785,0,0
11661,-7967,0,0
11662,9804,0,0
11663,5358,0,0
11664,-4259,0,0
11665,5674,0,0
11666,5076,0,0
11667,15818,0,0
11668,-11384,0,0
11669,17455,0,0
11670,5394,0,0
11671,18632,0,0
11672,5629,0,0
11673,14238,0,0
11674,5774,0,0
11675,19239,0,0
11676,6179,0,0
11677,-7171,0,0
11678,-3161,0,0
11679,15455,0,0
11680,-22000,0,0
11681,-1230,0,0
11682,5427,0,0
11683,18022,0,0
11684,-2068,0,0
11685,-2857,0,0
11686,11205,0,0
11687,15239,0,0
11688,18678,0,0
11689,-9479,0,0
11690,-11883,0,0
11691,8959,0,0
11692,12395,0,0
11693,22723,0,0
11694,13340,0,0
11695,-633,0,0
11696,2711,0,0
11697,-18228,0,0
11698,16483,0,0
11699,15322,0,0
11700,18265,0,0
11701,-5784,0,0
11702,15037,0,0
11703,18228,0,0
11704,17689,0,0
11705,6726,0,0
11706,15106,0,0
11707,5317,0,0
11708,15067,0,0
11709,23056,0,0
11710,15234,0,0
11711,5078,0,0
11712,12952,0,0
11713,19220,0,0
11714,-12685,0,0
11715,18511,0,0
11716,18609,0,0
11717,14443,0,0
11718,11111,0,0
11719,19068,0,0
11720,7994,0,0
11721,11496,0,0
11722,13801,0,0
11723,17939,0,0
11724,10829,0,0
11725,-20565,0,0
11726,9968,0,0
11727,22994,0,0
11728,16433,0,0
11729,10667,0,0
11730,7438,0,0
11731,22918,0,0
11732,10749,0,0
11733,19219,0,0
11734,14073,0,0
11735,22723,0,0
11736,5546,0,0
11737,5076,0,0
11738,-1406,0,0
11739,14024,0,0
11740,-2003,0,0
11741,21814,0,0
11742,9388,0,0
11743,11498,0,0
11744,-2810,0,0
11745,7168,0,0
11746,18519,0,0
11747,20484,0,0
11748,-14012,0,0
11749,14014,0,0
11750,11818,0,0
11751,15268,0,0
11752,22605,0,0
11753,5518,0,0
11754,8620,0,0
11755,-12488,0,0
11756,11208,0,0
11757,5372,0,0
11758,22802,0,0
11759,-2907,0,0
11760,-18889,0,0
11761,15979,0,0
11762,-2837,0,0
11763,16602,0,0
11764,4297,0,0
11765,-8488,0,0
11766,16171,0,0
11767,16802,0,0
11768,6415,0,0
11769,-9590,0,0
11770,-18551,0,0
11771,12487,0,0
11772,1109,0,0
11773,16529,0,0
11774,-3962,0,0
11775,-9448,0,-15000
11776,19700,0,0
11777,-18503,0,0
11778,4520,0,0
11779,-19574,0,0
11780,-10324,0,0
11781,-19575,0,0
11782,-14340,0,0
11783,-13746,0,0
11784,1217,0,0
11785,-1138,0,0
11786,-10009,0,0
11787,-12845,0,0
11788,-19849,0,0
11789,-3203,0,0
11790,-18179,0,0
11791,-12203,0,0
11792,3091,0,0
11793,-14010,0,0
11794,-11302,0,0
11795,-18573,0,0
11796,-9748,0,0
11797,19872,0,0
11798,9074,0,0
11799,-11912,0,0
11800,-21577,0,0
11801,8420,0,0
11802,14992,0,0
11803,-11911,0,0
11804,-1551,0,0
11805,-13683,0,0
11806,-2430,0,0
11807,-2473,0,0
11808,-17102,0,0
11809,-5514,0,0
11810,7870,0,0
11811,-12959,0,0
11812,1898,0,0
11813,-12872,0,0
11814,-772,0,0
11815,1648,0,0
11816,-10533,0,0
11817,-13341,0,0
11818,4423,0,0
11819,5395,0,0
11820,-21437,0,0
11821,6603,0,0
11822,19307,0,0
11823,-17175,0,0
11824,-9566,0,0
11825,17859,0,0
11826,1394,0,0
11827,6937,0,0
11828,-6562,0,0
11829,11947,0,0
11830,19649,0,0
11831,4072,0,0
11832,3041,0,0
11833,6168,0,0
11834,1269,0,0
11835,-13471,0,0
11836,-7540,0,0
11837,-7846,0,0
11838,2229,0,0
11839,6977,0,0
11840,-4747,0,0
11841,-6586,0,0
11842,3961,0,0
11843,-2883,0,0
11844,-12797,0,0
11845,-3799,0,0
11846,1480,0,0
11847,285,0,0
11848,-17443,0,0
11849,18388,0,0
11850,-22724,0,0
11851,-12396,0,0
11852,-697,0,0
11853,18157,0,0
11854,14081,0,0
11855,11069,0,0
11856,3271,0,0
11857,14310,0,0
11858,9067,0,0
11859,-9540,0,0
11860,5076,0,0
11861,12279,0,0
11862,-3027,0,0
11863,6579,0,0
11864,22474,0,0
11865,11911,0,0
11866,9715,0,0
11867,687,0,0
11868,773,0,0
11869,13686,0,0
11870,21459,0,0
11871,15972,0,0
11872,9049,0,0
11873,3800,0,0
11874,13674,0,0
11875,14008,0,0
11876,-6086,0,0
11877,97,0,0
11878,7267,0,0
11879,20944,0,0
11880,15745,0,0
11881,14289,0,0
11882,-1429,0,0
11883,21181,0,0
11884,-539,0,0
11885,6845,0,0
11886,6717,0,0
11887,19442,0,0
11888,11415,0,0
11889,18413,0,0
11890,10702,0,0
11891,20433,0,0
11892,11861,0,0
11893,-19259,0,0
11894,5628,0,0
11895,18149,0,0
11896,150,0,0
11897,3294,0,0
11898,20919,0,0
11899,19264,0,0
11900,16285,0,0
11901,13186,0,0
11902,1154,0,0
11903,18028,15000,0
11904,3399,0,0
11905,3326,0,0
11906,-10590,0,0
11907,-8388,0,0
11908,3626,0,0
11909,16794,0,0
11910,11825,0,0
11911,6559,0,0
11912,2813,0,0
11913,8443,0,0
11914,16821,0,0
11915,-2789,0,0
11916,22994,0,0
11917,13801,0,0
11918,22827,0,0
11919,13340,0,0
11920,2570,0,0
11921,15560,0,0
11922,16595,0,0
11923,10663,0,0
11924,12009,0,0
11925,12829,0,0
11926,4008,0,0
11927,9905,0,0
11928,20466,0,0
11929,20399,0,0
11930,-2110,0,0
11931,2215,0,0
11932,15745,0,0
11933,21616,0,0
11934,15931,0,0
11935,13822,0,0
11936,12071,0,0
11937,15116,0,0
11938,5840,0,0
11939,-5529,0,0
11940,15420,0,0
11941,6533,0,0
11942,17714,0,0
11943,20673,0,0
11944,3273,0,0
11945,12734,0,0
11946,2483,0,0
11947,13991,0,0
11948,10264,0,0
11949,19684,0,0
11950,19573,0,0
11951,15510,0,0
11952,12395,0,0
11953,16934,0,0
11954,6585,0,0
11955,-5436,0,0
11956,19264,0,0
11957,-12846,0,0
11958,-11491,0,0
11959,2813,0,0
11960,-8137,0,0
11961,-6019,0,0
11962,17071,0,0
11963,-1025,0,0
11964,18265,0,0
11965,-7604,0,0
11966,14697,0,0
11967,1661,0,0
11968,17166,0,0
11969,2024,0,0
11970,-6406,0,0
11971,23141,0,0
11972,5740,0,0
11973,-8006,0,0
11974,-7894,0,0
11975,-16481,0,0
11976,-706,0,0
11977,11451,0,0
11978,16491,0,0
11979,23169,0,0
11980,-7538,0,0
11981,115,0,0
11982,16382,0,0
11983,-8699,0,0
11984,-753,0,0
11985,6257,0,0
11986,-16011,0,0
11987,17889,0,0
11988,2940,0,0
11989,23161,0,0
11990,-15972,0,0
11991,-23142,0,0
11992,-15329,0,0
11993,-20330,0,0
11994,14808,0,0
11995,-12146,0,0
11996,18942,0,0
11997,880,0,0
11998,-12442,0,0
11999,10833,0,0
12000,10958,0,0
12001,11005,0,0
12002,-11135,0,0
12003,3194,0,0
12004,-10967,0,0
12005,8337,0,0
12006,-3392,0,0
12007,13245,0,0
12008,9038,0,0
12009,12259,0,0
12010,-7268,0,0
12011,7262,0,0
12012,2953,0,0
12013,-19834,0,0
12014,-2705,0,0
12015,12597,0,0
12016,11167,0,0
12017,7304,0,0
12018,-21697,0,0
12019,5621,0,0
12020,-16929,0,0
12021,15244,0,0
12022,-3279,0,0
12023,-16744,0,0
12024,10962,0,0
12025,-17067,0,0
12026,20477,0,0
12027,375,0,0
12028,-6192,0,0
12029,16382,0,0
12030,15044,0,-15000
12031,-16958,0,0
12032,9138,0,0
12033,-15369,0,0
12034,10608,0,0
12035,14698,0,0
12036,-12094,0,0
12037,7941,0,0
12038,-1307,0,0
12039,-10286,0,0
12040,15298,0,0
12041,12833,0,0
12042,-11992,0,0
12043,8294,0,0
12044,-12921,0,0
12045,-13684,0,0
12046,-13431,0,0
12047,-12637,0,0
12048,-6180,0,0
12049,12542,0,0
12050,-6673,0,0
12051,6976,0,0
12052,-4712,0,0
12053,-17910,0,0
12054,-1077,0,0
12055,3426,0,0
12056,7267,0,0
12057,-20656,0,0
12058,7268,0,0
12059,-12978,0,0
12060,-2554,0,0
12061,10511,0,0
12062,-5781,0,0
12063,7722,0,0
12064,2894,0,0
12065,13036,0,0
12066,-7805,0,0
12067,-21181,0,0
12068,3174,0,0
12069,9388,0,0
12070,6075,0,0
12071,2792,0,0
12072,8886,0,0
12073,11723,0,0
12074,-586,0,0
12075,10921,0,0
12076,-3973,0,0
12077,-17502,0,0
12078,5517,0,0
12079,12395,0,0
12080,-18323,0,0
12081,6434,0,0
12082,-4863,0,0
12083,14101,0,0
12084,-2271,0,0
12085,15133,0,0
12086,-11841,0,0
12087,16649,0,0
12088,-7111,0,0
12089,15897,0,0
12090,-10866,0,0
12091,15976,0,0
12092,-4561,0,0
12093,2251,0,0
12094,10030,0,0
12095,16565,0,0
12096,-1535,0,0
12097,14357,0,0
12098,9753,0,0
12099,16779,0,0
12100,4776,0,0
12101,17166,0,0
12102,13915,0,0
12103,17542,0,0
12104,21701,0,0
12105,14119,0,0
12106,15948,0,0
12107,13554,0,0
12108,-9681,0,0
12109,15781,0,0
12110,22917,0,0
12111,13688,0,0
12112,16391,0,0
12113,18813,0,0
12114,6298,0,0
12115,19061,0,0
12116,14147,0,0
12117,10387,0,0
12118,-289,0,0
12119,19872,0,0
12120,5629,0,0
12121,-11827,0,0
12122,6179,0,0
12123,17931,0,0
12124,14653,0,0
12125,19093,0,0
12126,15942,0,0
12127,17971,0,0
12128,1804,0,0
12129,18866,0,0
12130,6505,0,0
12131,11587,0,0
12132,7572,0,0
12133,-15882,0,0
12134,7853,0,0
12135,17098,0,0
12136,8866,0,0
12137,16994,0,0
12138,21181,0,0
12139,14521,0,0
12140,11547,0,0
12141,22170,0,0
12142,-12524,0,0
12143,11022,0,0
12144,14915,0,0
12145,2724,0,0
12146,19264,0,0
12147,8349,0,0
12148,15086,0,0
12149,15988,0,0
12150,-5971,0,0
12151,2836,0,0
12152,-366,0,0
12153,404,0,0
12154,17652,0,0
12155,-1363,0,0
12156,17909,0,0
12157,8350,0,0
12158,17313,15000,0
12159,1136,0,0
12160,4288,0,0
12161,-6375,0,0
12162,15684,0,0
12163,-17411,0,0
12164,17137,0,0
12165,9937,0,0
12166,11873,0,0
12167,21236,0,0
12168,-5190,0,0
12169,-4558,0,0
12170,12487,0,0
12171,17221,0,0
12172,-14323,0,0
12173,19849,0,0
12174,12208,0,0
12175,1238,0,0
12176,15133,0,0
12177,-1678,0,0
12178,-10581,0,0
12179,-2112,0,0
12180,5841,0,0
12181,-4047,0,0
12182,8057,0,0
12183,9847,0,0
12184,-19575,0,0
12185,-14093,0,0
12186,-19873,0,0
12187,-921,0,0
12188,15733,0,0
12189,9720,0,0
12190,-20159,0,0
12191,-11820,0,0
12192,5793,0,0
12193,9455,0,0
12194,4160,0,0
12195,-9273,0,0
12196,12996,0,0
12197,-14746,0,0
12198,10989,0,0
12199,-13521,0,0
12200,-17484,0,0
12201,-14352,0,0
12202,-15319,0,0
12203,-6726,0,0
12204,10921,0,0
12205,-5674,0,0
12206,-9437,0,0
12207,5513,0,0
12208,290,0,0
12209,-14968,0,0
12210,547,0,0
12211,-8338,0,0
12212,-12297,0,0
12213,-14015,0,0
12214,-8951,0,0
12215,11304,0,0
12216,7804,0,0
12217,-14582,0,0
12218,-1873,0,0
12219,-4528,0,0
12220,-3978,0,0
12221,-10922,0,0
12222,-16749,0,0
12223,6497,0,0
12224,-22475,0,0
12225,5998,0,0
12226,-18817,0,0
12227,-16063,0,0
12228,-9834,0,0
12229,12871,0,0
12230,-13708,0,0
12231,-18354,0,0
12232,-22724,0,0
12233,4912,0,0
12234,4520,0,0
12235,-4755,0,0
12236,-20372,0,0
12237,-1352,0,0
12238,-8939,0,0
12239,-13815,0,0
12240,936,0,0
12241,-19332,0,0
12242,-16716,0,0
12243,6476,0,0
12244,13642,0,0
12245,-20433,0,0
12246,6725,0,0
12247,-14626,0,0
12248,-16627,0,0
12249,-11501,0,0
12250,-20043,0,0
12251,-13796,0,0
12252,-16389,0,0
12253,-15825,0,0
12254,-14773,0,0
12255,-9907,0,0
12256,-8087,0,0
12257,-20945,0,0
12258,8015,0,0
12259,-20695,0,0
12260,-14688,0,0
12261,8168,0,0
12262,-333,0,0
12263,-17338,0,0
12264,-8946,0,0
12265,-9609,0,0
12266,-22064,0,0
12267,-14064,0,0
12268,-9865,0,0
12269,-19166,0,0
12270,-18955,0,0
12271,1623,0,0
12272,-18155,0,0
12273,-8196,0,0
12274,2485,0,0
12275,13801,0,0
12276,10209,0,0
12277,-17006,0,0
12278,-4374,0,0
12279,7160,0,0
12280,-2174,0,0
12281,308,0,0
12282,2193,0,0
12283,7810,0,0
12284,8061,0,0
12285,17543,0,0
12286,-2796,0,-15000
12287,-4076,0,0
12288,22917,0,0
12289,13249,0,0
12290,3309,0,0
12291,7923,0,0
12292,3872,0,0
12293,6232,0,0
12294,21999,0,0
12295,14470,0,0
12296,-4368,0,0
12297,15146,0,0
12298,657,0,0
12299,10749,0,0
12300,14266,0,0
12301,6334,0,0
12302,19926,0,0
12303,11634,0,0
12304,-11380,0,0
12305,5628,0,0
12306,14101,0,0
12307,-14418,0,0
12308,-7581,0,0
12309,4520,0,0
12310,-3011,0,0
12311,8205,0,0
12312,15956,0,0
12313,3399,0,0
12314,10123,0,0
12315,5605,0,0
12316,-16081,0,0
12317,16167,0,0
12318,-14511,0,0
12319,-12459,0,0
12320,-13342,0,0
12321,-11580,0,0
12322,10406,0,0
12323,276,0,0
12324,-17464,0,0
12325,10382,0,0
12326,6925,0,0
12327,-4108,0,0
12328,5754,0,0
12329,-18551,0,0
12330,-605,0,0
12331,-22918,0,0
12332,-13802,0,0
12333,-10609,0,0
12334,12149,0,0
12335,-8622,0,0
12336,-15098,0,0
12337,-22919,0,0
12338,-14771,0,0
12339,4345,0,0
12340,-12872,0,0
12341,6274,0,0
12342,-12486,0,0
12343,10845,0,0
12344,11039,0,0
12345,-22330,0,0
12346,4510,0,0
12347,3510,0,0
12348,-3279,0,0
12349,424,0,0
12350,-10618,0,0
12351,-17275,0,0
12352,-15605,0,0
12353,-17836,0,0
12354,8062,0,0
12355,11086,0,0
12356,-5629,0,0
12357,12395,0,0
12358,10476,0,0
12359,-7089,0,0
12360,-6354,0,0
12361,-18610,0,0
12362,-9689,0,0
12363,4243,0,0
12364,-5725,0,0
12365,-9273,0,0
12366,-7008,0,0
12367,-9106,0,0
12368,-23107,0,0
12369,-15134,0,0
12370,-4183,0,0
12371,-17298,0,0
12372,-15797,0,0
12373,-3104,0,0
12374,-2271,0,0
12375,-14993,0,0
12376,-3401,0,0
12377,-16830,0,0
12378,-1776,0,0
12379,-2068,0,0
12380,-5581,0,0
12381,-15623,0,0
12382,22474,0,0
12383,-19212,0,0
12384,-19216,0,0
12385,-6585,0,0
12386,1409,0,0
12387,-18758,0,0
12388,3983,0,0
12389,-18897,0,0
12390,-18727,0,0
12391,-17862,0,0
12392,-8867,0,0
12393,-21406,0,0
12394,-2038,0,0
12395,-7080,0,0
12396,-17667,0,0
12397,-9356,0,0
12398,-16901,0,0
12399,-6643,0,0
12400,-20695,0,0
12401,-19295,0,0
12402,35,0,0
12403,-22171,0,0
12404,-17209,0,0
12405,1910,0,0
12406,8438,0,0
12407,-8527,0,0
12408,-15082,0,0
12409,-5583,0,0
12410,-8769,0,0
12411,-8867,0,0
12412,-1980,0,0
12413,7410,0,0
12414,11155,15000,0
12415,-12018,0,0
12416,-21880,0,0
12417,-3567,0,0
12418,-7268,0,0
12419,-12088,0,0
12420,9692,0,0
12421,-10768,0,0
12422,-7806,0,0
12423,-9994,0,0
12424,-15149,0,0
12425,-15878,0,0
12426,-19191,0,0
12427,-16810,0,0
12428,-11350,0,0
12429,-18049,0,0
12430,-15235,0,0
12431,-21617,0,0
12432,-15111,0,0
12433,-13447,0,0
12434,-21406,0,0
12435,-2017,0,0
12436,-17004,0,0
12437,-14537,0,0
12438,-14491,0,0
12439,-3208,0,0
12440,-21617,0,0
12441,-21182,0,0
12442,-17961,0,0
12443,-12984,0,0
12444,-12126,0,0
12445,-3430,0,0
12446,-21405,0,0
12447,-8356,0,0
12448,9388,0,0
12449,-14379,0,0
12450,-7822,0,0
12451,-19856,0,0
12452,-1578,0,0
12453,2420,0,0
12454,-6381,0,0
12455,1511,0,0
12456,9918,0,0
12457,-4103,0,0
12458,-852,0,0
12459,-19962,0,0
12460,-11508,0,0
12461,-4150,0,0
12462,-18248,0,0
12463,-13377,0,0
12464,-17910,0,0
12465,-18118,0,0
12466,3706,0,0
12467,-7276,0,0
12468,-13186,0,0
12469,2399,0,0
12470,-4794,0,0
12471,1298,0,0
12472,10971,0,0
12473,-17154,0,0
12474,-13311,0,0
12475,2171,0,0
12476,-4426,0,0
12477,4153,0,0
12478,-11911,0,0
12479,9113,0,0
12480,1992,0,0
12481,7804,0,0
12482,16781,0,0
12483,18975,0,0
12484,-7268,0,0
12485,-18718,0,0
12486,8809,0,0
12487,-9661,0,0
12488,-3961,0,0
12489,4454,0,0
12490,-22995,0,0
12491,-9842,0,0
12492,17040,0,0
12493,-4694,0,0
12494,7848,0,0
12495,16725,0,0
12496,16062,0,0
12497,4148,0,0
12498,-1705,0,0
12499,2045,0,0
12500,10555,0,0
12501,19264,0,0
12502,5076,0,0
12503,9848,0,0
12504,-10281,0,0
12505,20944,0,0
12506,21245,0,0
12507,20830,0,0
12508,16938,0,0
12509,15305,0,0
12510,15246,0,0
12511,5076,0,0
12512,-3119,0,0
12513,14490,0,0
12514,14288,0,0
12515,22994,0,0
12516,10434,0,0
12517,1703,0,0
12518,-7866,0,0
12519,22180,0,0
12520,4168,0,0
12521,3349,0,0
12522,15649,0,0
12523,14432,0,0
12524,1245,0,0
12525,568,0,0
12526,16634,0,0
12527,12259,0,0
12528,-6757,0,0
12529,18203,0,0
12530,16382,0,0
12531,350,0,0
12532,16639,0,0
12533,16728,0,0
12534,7388,0,0
12535,23141,0,0
12536,15133,0,0
12537,22818,0,0
12538,-16494,0,0
12539,-9888,0,0
12540,14622,0,0
12541,19817,0,0
12542,-16241,0,-15000
12543,-7250,0,0
12544,11911,0,0
12545,16,0,0
12546,-8305,0,0
12547,7720,0,0
12548,13598,0,0
12549,7280,0,0
12550,11634,0,0
12551,15959,0,0
12552,7268,0,0
12553,20433,0,0
12554,-14477,0,0
12555,3091,0,0
12556,-997,0,0
12557,18625,0,0
12558,8195,0,0
12559,7444,0,0
12560,3400,0,0
12561,-14255,0,0
12562,8141,0,0
12563,366,0,0
12564,2270,0,0
12565,-15134,0,0
12566,-14718,0,0
12567,-3549,0,0
12568,-20015,0,0
12569,-12298,0,0
12570,-9232,0,0
12571,14653,0,0
12572,-7066,0,0
12573,16779,0,0
12574,568,0,0
12575,4055,0,0
12576,10509,0,0
12577,11586,0,0
12578,568,0,0
12579,-16780,0,0
12580,1136,0,0
12581,16647,0,0
12582,1125,0,0
12583,-15134,0,0
12584,7075,0,0
12585,-4292,0,0
12586,-11896,0,0
12587,837,0,0
12588,-4350,0,0
12589,1014,0,0
12590,-20557,0,0
12591,-10734,0,0
12592,641,0,0
12593,-4361,0,0
12594,4520,0,0
12595,-5929,0,0
12596,-11978,0,0
12597,-7697,0,0
12598,15248,0,0
12599,-132,0,0
12600,-1295,0,0
12601,2994,0,0
12602,338,0,0
12603,3506,0,0
12604,6178,0,0
12605,-15788,0,0
12606,-21023,0,0
12607,-16495,0,0
12608,-16809,0,0
12609,-8867,0,0
12610,10545,0,0
12611,-9132,0,0
12612,-9454,0,0
12613,-5954,0,0
12614,-14723,0,0
12615,-22171,0,0
12616,10921,0,0
12617,-15112,0,0
12618,-16416,0,0
12619,8317,0,0
12620,-13501,0,0
12621,-8914,0,0
12622,-12080,0,0
12623,-19823,0,0
12624,-18938,0,0
12625,-10357,0,0
12626,-4238,0,0
12627,-6981,0,0
12628,12946,0,0
12629,-2739,0,0
12630,-19574,0,0
12631,2889,0,0
12632,-19264,0,0
12633,-22828,0,0
12634,-15781,0,0
12635,-4683,0,0
12636,-8458,0,0
12637,-13017,0,0
12638,14310,0,0
12639,1677,0,0
12640,-9677,0,0
12641,-22606,0,0
12642,-7260,0,0
12643,-2614,0,0
12644,11419,0,0
12645,-3230,0,0
12646,-10556,0,0
12647,21999,0,0
12648,-20945,0,0
12649,-2855,0,0
12650,-13688,0,0
12651,8866,0,0
12652,-2175,0,0
12653,-11009,0,0
12654,14989,0,0
12655,-11435,0,0
12656,-13469,0,0
12657,-3681,0,0
12658,-18794,0,0
12659,-8743,0,0
12660,-20707,0,0
12661,-13590,0,0
12662,-11201,0,0
12663,12871,0,0
12664,-22828,0,0
12665,-13341,0,0
12666,-3961,0,0
12667,-18767,0,0
12668,-22222,0,0
12669,-670,0,0
12670,-13773,15000,0
12671,-8687,0,0
12672,13489,0,0
12673,-3712,0,0
12674,-3311,0,0
12675,-19155,0,0
12676,552,0,0
12677,-17246,0,0
12678,-10672,0,0
12679,-11911,0,0
12680,-7414,0,0
12681,-19255,0,0
12682,-22226,0,0
12683,5674,0,0
12684,-22330,0,0
12685,-19074,0,0
12686,15423,0,0
12687,-16761,0,0
12688,2343,0,0
12689,-13541,0,0
12690,-10027,0,0
12691,-222,0,0
12692,-11746,0,0
12693,-21406,0,0
12694,-20687,0,0
12695,-5031,0,0
12696,5663,0,0
12697,2730,0,0
12698,11035,0,0
12699,-9740,0,0
12700,-8377,0,0
12701,-19091,0,0
12702,-11420,0,0
12703,-17781,0,0
12704,-6913,0,0
12705,-14599,0,0
12706,-17097,0,0
12707,-9325,0,0
12708,-18328,0,0
12709,-21709,0,0
12710,-169,0,0
12711,-23106,0,0
12712,-3473,0,0
12713,5936,0,0
12714,-16039,0,0
12715,2071,0,0
12716,1927,0,0
12717,-21376,0,0
12718,11660,0,0
12719,-8653,0,0
12720,-12571,0,0
12721,-23106,0,0
12722,-17910,0,0
12723,-2837,0,0
12724,-18372,0,0
12725,-7188,0,0
12726,-18033,0,0
12727,-15933,0,0
12728,-13513,0,0
12729,-21845,0,0
12730,-6802,0,0
12731,-18961,0,0
12732,-19536,0,0
12733,-19849,0,0
12734,-21405,0,0
12735,-9389,0,0
12736,-19564,0,0
12737,-20695,0,0
12738,8222,0,0
12739,-14076,0,0
12740,-20441,0,0
12741,-19574,0,0
12742,-22724,0,0
12743,-14138,0,0
12744,-3400,0,0
12745,-11653,0,0
12746,-620,0,0
12747,-4931,0,0
12748,-6567,0,0
12749,-17393,0,0
12750,-9665,0,0
12751,-1999,0,0
12752,-16341,0,0
12753,-16384,0,0
12754,-23162,0,0
12755,-7397,0,0
12756,-13143,0,0
12757,-16563,0,0
12758,-12446,0,0
12759,-15162,0,0
12760,-3828,0,0
12761,-19575,0,0
12762,-22475,0,0
12763,-20159,0,0
12764,-22171,0,0
12765,-17179,0,0
12766,1725,0,0
12767,-21405,0,0
12768,-4507,0,0
12769,-10427,0,0
12770,-20945,0,0
12771,-5494,0,0
12772,-14880,0,0
12773,-22171,0,0
12774,-13567,0,0
12775,-11905,0,0
12776,-6799,0,0
12777,4149,0,0
12778,-1452,0,0
12779,9534,0,0
12780,-18121,0,0
12781,-14687,0,0
12782,2806,0,0
12783,-21215,0,0
12784,-14545,0,0
12785,11096,0,0
12786,-18266,0,0
12787,3598,0,0
12788,-4086,0,0
12789,-23141,0,0
12790,7752,0,0
12791,568,0,0
12792,6484,0,0
12793,-569,0,0
12794,-6591,0,0
12795,-8828,0,0
12796,16220,0,0
12797,-3170,0,0
12798,4846,0,-15000
12799,-14865,0,0
12800,16264,0,0
12801,-23107,0,0
12802,-14699,0,0
12803,-11600,0,0
12804,816,0,0
12805,-16500,0,0
12806,-13391,0,0
12807,-13209,0,0
12808,-13415,0,0
12809,-19811,0,0
12810,-11912,0,0
12811,-4839,0,0
12812,-7929,0,0
12813,13087,0,0
12814,-4079,0,0
12815,7267,0,0
12816,-502,0,0
12817,-21617,0,0
12818,-14613,0,0
12819,-5818,0,0
12820,-10840,0,0
12821,-18341,0,0
12822,9856,0,0
12823,10417,0,0
12824,6783,0,0
12825,10748,0,0
12826,-16398,0,0
12827,8034,0,0
12828,-22606,0,0
12829,2621,0,0
12830,-2061,0,0
12831,-17174,0,0
12832,900,0,0
12833,-4596,0,0
12834,-14314,0,0
12835,-1631,0,0
12836,4311,0,0
12837,14698,0,0
12838,-1704,0,0
12839,15133,0,0
12840,11161,0,0
12841,-17168,0,0
12842,-23162,0,0
12843,-16480,0,0
12844,8603,0,0
12845,-16383,0,0
12846,0,0,0
12847,-16383,0,0
12848,5124,0,0
12849,16411,0,0
12850,568,0,0
12851,-894,0,0
12852,9717,0,0
12853,12293,0,0
12854,-1434,0,0
12855,16419,0,0
12856,-9456,0,0
12857,-14841,0,0
12858,-2754,0,0
12859,19263,0,0
12860,12850,0,0
12861,-9870,0,0
12862,1292,0,0
12863,20158,0,0
12864,-15431,0,0
12865,7453,0,0
12866,565,0,0
12867,20694,0,0
12868,16643,0,0
12869,17350,0,0
12870,-7184,0,0
12871,-455,0,0
12872,10485,0,0
12873,12200,0,0
12874,13109,0,0
12875,16096,0,0
12876,4245,0,0
12877,152,0,0
12878,11781,0,0
12879,12744,0,0
12880,3895,0,0
12881,11175,0,0
12882,11521,0,0
12883,21033,0,0
12884,7396,0,0
12885,20390,0,0
12886,-11226,0,0
12887,14971,0,0
12888,13958,0,0
12889,9060,0,0
12890,12022,0,0
12891,2470,0,0
12892,20158,0,0
12893,16325,0,0
12894,12005,0,0
12895,22605,0,0
12896,128,0,0
12897,10038,0,0
12898,12871,0,0
12899,19878,0,0
12900,17005,0,0
12901,8174,0,0
12902,15825,0,0
12903,10581,0,0
12904,11109,0,0
12905,12888,0,0
12906,16139,0,0
12907,-1,0,0
12908,16512,0,0
12909,-19783,0,0
12910,15549,0,0
12911,4339,0,0
12912,14928,0,0
12913,12268,0,0
12914,8492,0,0
12915,13327,0,0
12916,3529,0,0
12917,22329,0,0
12918,-1672,0,0
12919,21329,0,0
12920,3245,0,0
12921,16693,0,0
12922,20776,0,0
12923,-6168,0,0
12924,7804,0,0
12925,19328,0,0
12926,-3916,15000,0
12927,-8518,0,0
12928,3314,0,0
12929,2308,0,0
12930,13567,0,0
12931,19613,0,0
12932,22605,0,0
12933,13445,0,0
12934,8061,0,0
12935,-16199,0,0
12936,7771,0,0
12937,-13341,0,0
12938,3960,0,0
12939,3163,0,0
12940,-3127,0,0
12941,2037,0,0
12942,10148,0,0
12943,4280,0,0
12944,-4418,0,0
12945,-5166,0,0
12946,-554,0,0
12947,16290,0,0
12948,-9279,0,0
12949,11708,0,0
12950,-3031,0,0
12951,-4123,0,0
12952,-8401,0,0
12953,-3066,0,0
12954,7998,0,0
12955,14134,0,0
12956,-20901,0,0
12957,-17544,0,0
12958,-8437,0,0
12959,9381,0,0
12960,-2912,0,0
12961,15532,0,0
12962,-5668,0,0
12963,10185,0,0
12964,-8441,0,0
12965,-10638,0,0
12966,-4001,0,0
12967,-20159,0,0
12968,-22171,0,0
12969,-20695,0,0
12970,302,0,0
12971,354,0,0
12972,-16639,0,0
12973,-21406,0,0
12974,-19983,0,0
12975,-5370,0,0
12976,-9389,0,0
12977,-13708,0,0
12978,-13730,0,0
12979,-22000,0,0
12980,-17839,0,0
12981,-6422,0,0
12982,-11421,0,0
12983,-9811,0,0
12984,-12675,0,0
12985,-15101,0,0
12986,-14328,0,0
12987,-22269,0,0
12988,-14255,0,0
12989,-9133,0,0
12990,-16436,0,0
12991,-18090,0,0
12992,-11055,0,0
12993,-4713,0,0
12994,-16383,0,0
12995,-15036,0,0
12996,14998,0,0
12997,-4425,0,0
12998,-5465,0,0
12999,1298,0,0
13000,-18469,0,0
13001,7385,0,0
13002,-12961,0,0
13003,-22475,0,0
13004,-5780,0,0
13005,-9033,0,0
13006,14164,0,0
13007,-21617,0,0
13008,-11515,0,0
13009,-20945,0,0
13010,12925,0,0
13011,-16682,0,0
13012,-12937,0,0
13013,-4736,0,0
13014,1244,0,0
13015,-8885,0,0
13016,-18514,0,0
13017,-6714,0,0
13018,-14477,0,0
13019,-4522,0,0
13020,4510,0,0
13021,4918,0,0
13022,-1900,0,0
13023,-10571,0,0
13024,-6329,0,0
13025,18942,0,0
13026,4520,0,0
13027,10066,0,0
13028,5629,0,0
13029,-4726,0,0
13030,7267,0,0
13031,2044,0,0
13032,-6199,0,0
13033,-4877,0,0
13034,13055,0,0
13035,3777,0,0
13036,10711,0,0
13037,10785,0,0
13038,17016,0,0
13039,-1683,0,0
13040,5558,0,0
13041,-14073,0,0
13042,16764,0,0
13043,2271,0,0
13044,18542,0,0
13045,5920,0,0
13046,-3628,0,0
13047,-6965,0,0
13048,-20695,0,0
13049,-13121,0,0
13050,-12991,0,0
13051,-72,0,0
13052,7268,0,0
13053,11026,0,0
13054,-1400,0,-15000
13055,189,0,0
13056,-5802,0,0
13057,-5805,0,0
13058,-19539,0,0
13059,-12329,0,0
13060,-11122,0,0
13061,16779,0,0
13062,-2831,0,0
13063,-15345,0,0
13064,-10898,0,0
13065,-13342,0,0
13066,-22606,0,0
13067,15587,0,0
13068,-18307,0,0
13069,-20695,0,0
13070,-3187,0,0
13071,12358,0,0
13072,-10951,0,0
13073,-370,0,0
13074,3926,0,0
13075,4248,0,0
13076,-13845,0,0
13077,-17057,0,0
13078,-4380,0,0
13079,-12652,0,0
13080,13340,0,0
13081,6555,0,0
13082,14254,0,0
13083,4374,0,0
13084,1132,0,0
13085,-569,0,0
13086,-16383,0,0
13087,-871,0,0
13088,-15560,0,0
13089,10026,0,0
13090,5309,0,0
13091,3750,0,0
13092,-4058,0,0
13093,-8436,0,0
13094,4582,0,0
13095,6728,0,0
13096,-5623,0,0
13097,5593,0,0
13098,21180,0,0
13099,-13608,0,0
13100,-13980,0,0
13101,8080,0,0
13102,10350,0,0
13103,-15439,0,0
13104,9579,0,0
13105,14846,0,0
13106,11859,0,0
13107,-1759,0,0
13108,-16767,0,0
13109,-12311,0,0
13110,23141,0,0
13111,7725,0,0
13112,4884,0,0
13113,12893,0,0
13114,-1,0,0
13115,16283,0,0
13116,14055,0,0
13117,17156,0,0
13118,23106,0,0
13119,12042,0,0
13120,2836,0,0
13121,10431,0,0
13122,14759,0,0
13123,4599,0,0
13124,816,0,0
13125,13840,0,0
13126,18776,0,0
13127,11367,0,0
13128,19948,0,0
13129,-1686,0,0
13130,-3235,0,0
13131,10337,0,0
13132,18314,0,0
13133,14554,0,0
13134,18609,0,0
13135,23057,0,0
13136,8045,0,0
13137,20211,0,0
13138,16382,0,0
13139,-1138,0,0
13140,9253,0,0
13141,22994,0,0
13142,13341,0,0
13143,15997,0,0
13144,-4266,0,0
13145,16515,0,0
13146,-1277,0,0
13147,9201,0,0
13148,-9719,0,0
13149,4494,0,0
13150,-13775,0,0
13151,14455,0,0
13152,1376,0,0
13153,17117,0,0
13154,0,0,0
13155,-3903,0,0
13156,9552,0,0
13157,-10518,0,0
13158,-7572,0,0
13159,-9310,0,0
13160,-9605,0,0
13161,7967,0,0
13162,13370,0,0
13163,-7421,0,0
13164,-12872,0,0
13165,-22995,0,0
13166,-15968,0,0
13167,568,0,0
13168,6190,0,0
13169,-1704,0,0
13170,-16441,0,0
13171,-22724,0,0
13172,-11912,0,0
13173,-16054,0,0
13174,-13203,0,0
13175,-16781,0,0
13176,-16746,0,0
13177,-9296,0,0
13178,-11953,0,0
13179,14573,0,0
13180,-13890,0,0
13181,-1397,0,0
13182,-4908,15000,0
13183,-10480,0,0
13184,-17289,0,0
13185,-11160,0,0
13186,5629,0,0
13187,-4758,0,0
13188,2772,0,0
13189,12615,0,0
13190,-10804,0,0
13191,3694,0,0
13192,8589,0,0
13193,10710,0,0
13194,15559,0,0
13195,5540,0,0
13196,-15134,0,0
13197,2836,0,0
13198,-467,0,0
13199,5742,0,0
13200,20944,0,0
13201,8866,0,0
13202,13255,0,0
13203,11420,0,0
13204,22723,0,0
13205,4168,0,0
13206,12499,0,0
13207,15975,0,0
13208,6235,0,0
13209,17909,0,0
13210,20182,0,0
13211,4935,0,0
13212,5451,0,0
13213,17250,0,0
13214,13961,0,0
13215,14956,0,0
13216,-18342,0,0
13217,8258,0,0
13218,11494,0,0
13219,6217,0,0
13220,17236,0,0
13221,-23162,0,0
13222,3290,0,0
13223,16243,0,0
13224,14346,0,0
13225,18979,0,0
13226,12010,0,0
13227,14567,0,0
13228,13364,0,0
13229,21616,0,0
13230,17464,0,0
13231,-7580,0,0
13232,-1943,0,0
13233,-14046,0,0
13234,15696,0,0
13235,17166,0,0
13236,9080,0,0
13237,15760,0,0
13238,-2029,0,0
13239,8213,0,0
13240,-3126,0,0
13241,-14632,0,0
13242,-1303,0,0
13243,-10202,0,0
13244,-13904,0,0
13245,9928,0,0
13246,-13987,0,0
13247,-22918,0,0
13248,-3240,0,0
13249,1136,0,0
13250,-16384,0,0
13251,-23162,0,0
13252,-6859,0,0
13253,-12669,0,0
13254,-14144,0,0
13255,-5629,0,0
13256,13396,0,0
13257,-11089,0,0
13258,-17438,0,0
13259,-15285,0,0
13260,424,0,0
13261,2977,0,0
13262,-3961,0,0
13263,-18265,0,0
13264,-696,0,0
13265,-7539,0,0
13266,-23169,0,0
13267,-14599,0,0
13268,-16794,0,0
13269,-5740,0,0
13270,-742,0,0
13271,-9589,0,0
13272,-21999,0,0
13273,9771,0,0
13274,-13478,0,0
13275,9854,0,0
13276,2136,0,0
13277,-8028,0,0
13278,-15845,0,0
13279,702,0,0
13280,16255,0,0
13281,1161,0,0
13282,1433,0,0
13283,-18313,0,0
13284,13067,0,0
13285,20876,0,0
13286,-8279,0,0
13287,-12692,0,0
13288,16368,0,0
13289,18502,0,0
13290,-4520,0,0
13291,-18265,0,0
13292,-7054,0,0
13293,14367,0,0
13294,4968,0,0
13295,6776,0,0
13296,-1037,0,0
13297,18750,0,0
13298,6428,0,0
13299,-13403,0,0
13300,-12586,0,0
13301,-10897,0,0
13302,-13802,0,0
13303,-13236,0,0
13304,5752,0,0
13305,-9323,0,0
13306,-12080,0,0
13307,-6153,0,0
13308,-13944,0,0
13309,-1244,0,0
13310,-1748,0,-15000
13311,-15204,0,0
13312,8835,0,0
13313,-18543,0,0
13314,-16655,0,0
13315,-15194,0,0
13316,568,0,0
13317,-15206,0,0
13318,14830,0,0
13319,1430,0,0
13320,2164,0,0
13321,3997,0,0
13322,10921,0,0
13323,22723,0,0
13324,14254,0,0
13325,4537,0,0
13326,-16527,0,0
13327,8278,0,0
13328,-6467,0,0
13329,12877,0,0
13330,20944,0,0
13331,9388,0,0
13332,22171,0,0
13333,13244,0,0
13334,16067,0,0
13335,16935,0,0
13336,21981,0,0
13337,12045,0,0
13338,18059,0,0
13339,-18610,0,0
13340,5981,0,0
13341,11420,0,0
13342,21814,0,0
13343,10633,0,0
13344,-459,0,0
13345,12928,0,0
13346,4448,0,0
13347,-12080,0,0
13348,4154,0,0
13349,7021,0,0
13350,2610,0,0
13351,5286,0,0
13352,15872,0,0
13353,4742,0,0
13354,-8632,0,0
13355,22474,0,0
13356,-10922,0,0
13357,6090,0,0
13358,4482,0,0
13359,3090,0,0
13360,842,0,0
13361,19368,0,0
13362,20929,0,0
13363,-14255,0,0
13364,-4695,0,0
13365,-14430,0,0
13366,1548,0,0
13367,-2387,0,0
13368,-16499,0,0
13369,-19574,0,0
13370,-10566,0,0
13371,10416,0,0
13372,507,0,0
13373,-2701,0,0
13374,-6061,0,0
13375,-21898,0,0
13376,-13225,0,0
13377,-5927,0,0
13378,-5854,0,0
13379,-8515,0,0
13380,4661,0,0
13381,-12462,0,0
13382,-16552,0,0
13383,-15091,0,0
13384,-17883,0,0
13385,-6996,0,0
13386,-14238,0,0
13387,-21137,0,0
13388,-16637,0,0
13389,-1205,0,0
13390,-22172,0,0
13391,-14937,0,0
13392,7080,0,0
13393,-11455,0,0
13394,-1096,0,0
13395,-16780,0,0
13396,-12510,0,0
13397,-17484,0,0
13398,-12885,0,0
13399,-16446,0,0
13400,9749,0,0
13401,-12410,0,0
13402,7805,0,0
13403,-8867,0,0
13404,1600,0,0
13405,-17310,0,0
13406,-19575,0,0
13407,-8170,0,0
13408,-2313,0,0
13409,12780,0,0
13410,12825,0,0
13411,303,0,0
13412,-9440,0,0
13413,-9278,0,0
13414,-6766,0,0
13415,-3458,0,0
13416,17489,0,0
13417,3560,0,0
13418,-1381,0,0
13419,-6165,0,0
13420,13946,0,0
13421,-1876,0,0
13422,14219,0,0
13423,16427,0,0
13424,-2246,0,0
13425,-7196,0,0
13426,22723,0,0
13427,16997,0,0
13428,-556,0,0
13429,8338,0,0
13430,13574,0,0
13431,11961,0,0
13432,16491,0,0
13433,19894,0,0
13434,16126,0,0
13435,20697,0,0
13436,5300,0,0
13437,-9117,0,0
13438,-8242,15000,0
13439,-919,0,0
13440,4011,0,0
13441,3594,0,0
13442,-8530,0,0
13443,-10418,0,0
13444,4278,0,0
13445,-14187,0,0
13446,2836,0,0
13447,17543,0,0
13448,7658,0,0
13449,-15989,0,0
13450,-3245,0,0
13451,-7721,0,0
13452,1810,0,0
13453,-19356,0,0
13454,-6726,0,0
13455,389,0,0
13456,-12275,0,0
13457,361,0,0
13458,-15228,0,0
13459,-5911,0,0
13460,-14480,0,0
13461,-6440,0,0
13462,9375,0,0
13463,568,0,0
13464,-16780,0,0
13465,-18057,0,0
13466,-14255,0,0
13467,-5834,0,0
13468,-81,0,0
13469,-22172,0,0
13470,-9906,0,0
13471,-8606,0,0
13472,-10440,0,0
13473,-17032,0,0
13474,-22606,0,0
13475,-18943,0,0
13476,-5938,0,0
13477,-16321,0,0
13478,-16574,0,0
13479,-16706,0,0
13480,8963,0,0
13481,1766,0,0
13482,-21967,0,0
13483,-785,0,0
13484,-9537,0,0
13485,-8867,0,0
13486,-5890,0,0
13487,-2402,0,0
13488,-13843,0,0
13489,-7833,0,0
13490,1569,0,0
13491,12206,0,0
13492,6623,0,0
13493,16834,0,0
13494,5743,0,0
13495,-18162,0,0
13496,3348,0,0
13497,4868,0,0
13498,-9389,0,0
13499,15151,0,0
13500,-7636,0,0
13501,14884,0,0
13502,-3868,0,0
13503,4410,0,0
13504,5456,0,0
13505,5540,0,0
13506,-8640,0,0
13507,13705,0,0
13508,3960,0,0
13509,15816,0,0
13510,19887,0,0
13511,5154,0,0
13512,20944,0,0
13513,12321,0,0
13514,13570,0,0
13515,3920,0,0
13516,-12525,0,0
13517,-3277,0,0
13518,16039,0,0
13519,10848,0,0
13520,-12518,0,0
13521,-9089,0,0
13522,9388,0,0
13523,1500,0,0
13524,19411,0,0
13525,-2932,0,0
13526,21414,0,0
13527,17763,0,0
13528,15870,0,0
13529,-3483,0,0
13530,-327,0,0
13531,5584,0,0
13532,-22995,0,0
13533,12871,0,0
13534,13506,0,0
13535,11006,0,0
13536,9411,0,0
13537,-9472,0,0
13538,2233,0,0
13539,-11294,0,0
13540,-9526,0,0
13541,-7990,0,0
13542,-6343,0,0
13543,-11431,0,0
13544,-2628,0,0
13545,600,0,0
13546,-17003,0,0
13547,13724,0,0
13548,-19574,0,0
13549,-11546,0,0
13550,-12044,0,0
13551,-1093,0,0
13552,-21617,0,0
13553,-11692,0,0
13554,14161,0,0
13555,5783,0,0
13556,-4521,0,0
13557,-202,0,0
13558,1706,0,0
13559,16555,0,0
13560,-6869,0,0
13561,-16384,0,0
13562,7414,0,0
13563,3336,0,0
13564,3324,0,0
13565,14724,0,0
13566,22474,0,-15000
13567,10417,0,0
13568,-10911,0,0
13569,-10323,0,0
13570,13408,0,0
13571,-7638,0,0
13572,17588,0,0
13573,-13646,0,0
13574,-14884,0,0
13575,-6289,0,0
13576,17543,0,0
13577,8872,0,0
13578,664,0,0
13579,-14360,0,0
13580,14333,0,0
13581,8337,0,0
13582,-12081,0,0
13583,-6327,0,0
13584,-5076,0,0
13585,10812,0,0
13586,-2271,0,0
13587,16119,0,0
13588,3287,0,0
13589,17166,0,0
13590,23056,0,0
13591,17410,0,0
13592,9293,0,0
13593,-13530,0,0
13594,17223,0,0
13595,10314,0,0
13596,20944,0,0
13597,-1466,0,0
13598,-11304,0,0
13599,21432,0,0
13600,8115,0,0
13601,23141,0,0
13602,9981,0,0
13603,23140,0,0
13604,16077,0,0
13605,9287,0,0
13606,16497,0,0
13607,7267,0,0
13608,18390,0,0
13609,9829,0,0
13610,20574,0,0
13611,19022,0,0
13612,11046,0,0
13613,-16313,0,0
13614,-4073,0,0
13615,-16757,0,0
13616,-11389,0,0
13617,-159,0,0
13618,7356,0,0
13619,-5387,0,0
13620,11015,0,0
13621,1642,0,0
13622,-12644,0,0
13623,-19121,0,0
13624,-1221,0,0
13625,3399,0,0
13626,-15707,0,0
13627,3534,0,0
13628,-1136,0,0
13629,-1704,0,0
13630,-9586,0,0
13631,-5271,0,0
13632,9654,0,0
13633,12200,0,0
13634,-21181,0,0
13635,1763,0,0
13636,-3038,0,0
13637,-18365,0,0
13638,3960,0,0
13639,-15976,0,0
13640,-22481,0,0
13641,-2383,0,0
13642,-18630,0,0
13643,-14539,0,0
13644,-4583,0,0
13645,-19264,0,0
13646,-18483,0,0
13647,-14271,0,0
13648,-20710,0,0
13649,-5337,0,0
13650,-17551,0,0
13651,1322,0,0
13652,-17899,0,0
13653,-12212,0,0
13654,-8777,0,0
13655,4263,0,0
13656,-15977,0,0
13657,-3365,0,0
13658,-1884,0,0
13659,4141,0,0
13660,-18246,0,0
13661,-13660,0,0
13662,-7832,0,0
13663,362,0,0
13664,14313,0,0
13665,-6783,0,0
13666,-5961,0,0
13667,-8987,0,0
13668,-2402,0,0
13669,16597,0,0
13670,-10840,0,0
13671,-13118,0,0
13672,-6784,0,0
13673,-14697,0,0
13674,12190,0,0
13675,12069,0,0
13676,5445,0,0
13677,16240,0,0
13678,19543,0,0
13679,9115,0,0
13680,11420,0,0
13681,11424,0,0
13682,3507,0,0
13683,7938,0,0
13684,-1154,0,0
13685,4636,0,0
13686,-11259,0,0
13687,3458,0,0
13688,14606,0,0
13689,-1990,0,0
13690,20328,0,0
13691,14091,0,0
13692,21404,0,0
13693,20944,0,0
13694,8019,15000,0
13695,8824,0,0
13696,4520,0,0
13697,-9431,0,0
13698,-3971,0,0
13699,17166,0,0
13700,11866,0,0
13701,-4653,0,0
13702,2139,0,0
13703,-15580,0,0
13704,6101,0,0
13705,15069,0,0
13706,-6080,0,0
13707,9905,0,0
13708,-2108,0,0
13709,-5556,0,0
13710,-11421,0,0
13711,5076,0,0
13712,-9323,0,0
13713,2807,0,0
13714,16329,0,0
13715,-11857,0,0
13716,2429,0,0
13717,-15219,0,0
13718,-11736,0,0
13719,-22829,0,0
13720,12429,0,0
13721,13930,0,0
13722,-1311,0,0
13723,-21405,0,0
13724,-9949,0,0
13725,-3254,0,0
13726,-5004,0,0
13727,-13342,0,0
13728,2270,0,0
13729,-12009,0,0
13730,-4337,0,0
13731,12842,0,0
13732,-23057,0,0
13733,-13342,0,0
13734,2351,0,0
13735,-13246,0,0
13736,-20075,0,0
13737,-21181,0,0
13738,-2247,0,0
13739,-13280,0,0
13740,-19873,0,0
13741,-5028,0,0
13742,-14618,0,0
13743,-12888,0,0
13744,-13901,0,0
13745,-19023,0,0
13746,-17673,0,0
13747,-3811,0,0
13748,-6207,0,0
13749,11578,0,0
13750,4391,0,0
13751,-4303,0,0
13752,12835,0,0
13753,7813,0,0
13754,-5630,0,0
13755,3357,0,0
13756,513,0,0
13757,1238,0,0
13758,414,0,0
13759,-15977,0,0
13760,1703,0,0
13761,-13802,0,0
13762,11178,0,0
13763,-837,0,0
13764,-4595,0,0
13765,1933,0,0
13766,19427,0,0
13767,6179,0,0
13768,-15528,0,0
13769,5925,0,0
13770,6685,0,0
13771,22627,0,0
13772,15982,0,0
13773,11988,0,0
13774,17834,0,0
13775,14141,0,0
13776,13617,0,0
13777,14141,0,0
13778,20158,0,0
13779,-15748,0,0
13780,-509,0,0
13781,12623,0,0
13782,13743,0,0
13783,15754,0,0
13784,-5223,0,0
13785,10909,0,0
13786,4890,0,0
13787,14020,0,0
13788,5224,0,0
13789,-11320,0,0
13790,7402,0,0
13791,15213,0,0
13792,-4617,0,0
13793,17542,0,0
13794,17716,0,0
13795,15517,0,0
13796,14790,0,0
13797,8331,0,0
13798,-2271,0,0
13799,16831,0,0
13800,13422,0,0
13801,10887,0,0
13802,22474,0,0
13803,6230,0,0
13804,14639,0,0
13805,13830,0,0
13806,18033,0,0
13807,-14728,0,0
13808,12405,0,0
13809,586,0,0
13810,-12872,0,0
13811,14234,0,0
13812,-14699,0,0
13813,-1332,0,0
13814,9959,0,0
13815,8118,0,0
13816,7296,0,0
13817,13042,0,0
13818,-17490,0,0
13819,12541,0,0
13820,-10715,0,0
13821,-7225,0,0
13822,16702,0,-15000
13823,15301,0,0
13824,22474,0,0
13825,15299,0,0
13826,-2886,0,0
13827,14254,0,0
13828,8203,0,0
13829,16779,0,0
13830,18176,0,0
13831,9336,0,0
13832,12837,0,0
13833,14128,0,0
13834,1076,0,0
13835,9856,0,0
13836,6288,0,0
13837,20432,0,0
13838,-17368,0,0
13839,20233,0,0
13840,20944,0,0
13841,10314,0,0
13842,3400,0,0
13843,5959,0,0
13844,-13525,0,0
13845,12912,0,0
13846,17374,0,0
13847,863,0,0
13848,5194,0,0
13849,-4370,0,0
13850,14698,0,0
13851,5502,0,0
13852,10184,0,0
13853,-5077,0,0
13854,-16299,0,0
13855,13639,0,0
13856,-2762,0,0
13857,2304,0,0
13858,21968,0,0
13859,14348,0,0
13860,22299,0,0
13861,-9969,0,0
13862,520,0,0
13863,-1419,0,0
13864,9744,0,0
13865,-7987,0,0
13866,-9129,0,0
13867,13082,0,0
13868,-12118,0,0
13869,-7731,0,0
13870,-5681,0,0
13871,-18383,0,0
13872,11255,0,0
13873,17772,0,0
13874,-4650,0,0
13875,-19873,0,0
13876,-15960,0,0
13877,2036,0,0
13878,-22000,0,0
13879,-5183,0,0
13880,-8339,0,0
13881,-15406,0,0
13882,-6019,0,0
13883,16778,0,0
13884,-2747,0,0
13885,-9079,0,0
13886,-11421,0,0
13887,1250,0,0
13888,-12872,0,0
13889,-16028,0,0
13890,-15199,0,0
13891,1346,0,0
13892,-8510,0,0
13893,13057,0,0
13894,-16106,0,0
13895,7987,0,0
13896,-8071,0,0
13897,-14554,0,0
13898,-15860,0,0
13899,-3667,0,0
13900,-17874,0,0
13901,2115,0,0
13902,-12918,0,0
13903,2943,0,0
13904,-19873,0,0
13905,-13590,0,0
13906,-19238,0,0
13907,-14050,0,0
13908,-12154,0,0
13909,635,0,0
13910,-8867,0,0
13911,-21182,0,0
13912,-16182,0,0
13913,-16630,0,0
13914,-570,0,0
13915,-960,0,0
13916,-13701,0,0
13917,11659,0,0
13918,-4522,0,0
13919,-9261,0,0
13920,8301,0,0
13921,-5905,0,0
13922,-11825,0,0
13923,13966,0,0
13924,568,0,0
13925,-5281,0,0
13926,4447,0,0
13927,11825,0,0
13928,227,0,0
13929,-16421,0,0
13930,6725,0,0
13931,8042,0,0
13932,7529,0,0
13933,18259,0,0
13934,-8302,0,0
13935,17541,0,0
13936,-11910,0,0
13937,-22995,0,0
13938,14697,0,0
13939,-9560,0,0
13940,12453,0,0
13941,0,0,0
13942,13070,0,0
13943,1703,0,0
13944,-17210,0,0
13945,1934,0,0
13946,7762,0,0
13947,4520,0,0
13948,19759,0,0
13949,22171,0,0
13950,14571,15000,0
13951,16912,0,0
13952,2299,0,0
13953,16792,0,0
13954,-8748,0,0
13955,-1961,0,0
13956,22918,0,0
13957,14697,0,0
13958,12923,0,0
13959,16464,0,0
13960,2032,0,0
13961,16779,0,0
13962,23105,0,0
13963,6739,0,0
13964,22723,0,0
13965,-6371,0,0
13966,-677,0,0
13967,6848,0,0
13968,3200,0,0
13969,6865,0,0
13970,-4567,0,0
13971,16599,0,0
13972,-12067,0,0
13973,1703,0,0
13974,16475,0,0
13975,810,0,0
13976,1292,0,0
13977,20418,0,0
13978,-9782,0,0
13979,1609,0,0
13980,3368,0,0
13981,-9077,0,0
13982,9388,0,0
13983,6440,0,0
13984,-11268,0,0
13985,-12057,0,0
13986,-8726,0,0
13987,15881,0,0
13988,-11880,0,0
13989,2054,0,0
13990,1703,0,0
13991,1579,0,0
13992,-3304,0,0
13993,6077,0,0
13994,-12735,0,0
13995,626,0,0
13996,-3883,0,0
13997,-17011,0,0
13998,-8683,0,0
13999,-15720,0,0
14000,-4280,0,0
14001,-20433,0,0
14002,-17414,0,0
14003,-12081,0,0
14004,-10311,0,0
14005,-21617,0,0
14006,-17408,0,0
14007,-21999,0,0
14008,-3618,0,0
14009,-21526,0,0
14010,-16505,0,0
14011,-10721,0,0
14012,-8867,0,0
14013,2813,0,0
14014,-3341,0,0
14015,-20523,0,0
14016,-87,0,0
14017,-16023,0,0
14018,-16179,0,0
14019,-9822,0,0
14020,-13081,0,0
14021,19978,0,0
14022,-13599,0,0
14023,-193,0,0
14024,6614,0,0
14025,-23169,0,0
14026,-3713,0,0
14027,7198,0,0
14028,-14699,0,0
14029,-22995,0,0
14030,-18943,0,0
14031,4520,0,0
14032,-12794,0,0
14033,10988,0,0
14034,-6244,0,0
14035,5639,0,0
14036,-12536,0,0
14037,-390,0,0
14038,-7237,0,0
14039,-18337,0,0
14040,1556,0,0
14041,12395,0,0
14042,-3961,0,0
14043,-18609,0,0
14044,10137,0,0
14045,16137,0,0
14046,2028,0,0
14047,16382,0,0
14048,-10509,0,0
14049,-2391,0,0
14050,-18345,0,0
14051,-11590,0,0
14052,-5039,0,0
14053,10900,0,0
14054,8525,0,0
14055,9386,0,0
14056,5629,0,0
14057,-2699,0,0
14058,1447,0,0
14059,1283,0,0
14060,-10787,0,0
14061,-16937,0,0
14062,13939,0,0
14063,5812,0,0
14064,2679,0,0
14065,1711,0,0
14066,7312,0,0
14067,8049,0,0
14068,16093,0,0
14069,21785,0,0
14070,-16780,0,0
14071,3610,0,0
14072,4139,0,0
14073,9438,0,0
14074,-18014,0,0
14075,16663,0,0
14076,-1582,0,0
14077,-15106,0,0
14078,-4014,0,-15000
14079,5014,0,0
14080,3628,0,0
14081,20859,0,0
14082,-1,0,0
14083,-450,0,0
14084,20077,0,0
14085,11409,0,0
14086,2044,0,0
14087,16803,0,0
14088,8393,0,0
14089,17909,0,0
14090,21039,0,0
14091,-5144,0,0
14092,22321,0,0
14093,-603,0,0
14094,14447,0,0
14095,-19575,0,0
14096,17583,0,0
14097,-13896,0,0
14098,12635,0,0
14099,-5796,0,0
14100,7819,0,0
14101,-6685,0,0
14102,-2905,0,0
14103,3960,0,0
14104,-11338,0,0
14105,-9963,0,0
14106,-14955,0,0
14107,-873,0,0
14108,-16667,0,0
14109,2731,0,0
14110,12619,0,0
14111,12248,0,0
14112,-4572,0,0
14113,-6886,0,0
14114,-14085,0,0
14115,2812,0,0
14116,11084,0,0
14117,-8976,0,0
14118,379,0,0
14119,15274,0,0
14120,-7577,0,0
14121,-7514,0,0
14122,-5935,0,0
14123,-4743,0,0
14124,-12472,0,0
14125,-15624,0,0
14126,5674,0,0
14127,8181,0,0
14128,-8638,0,0
14129,-15578,0,0
14130,-21061,0,0
14131,-14445,0,0
14132,-19025,0,0
14133,-9410,0,0
14134,-14510,0,0
14135,1580,0,0
14136,-8867,0,0
14137,-8614,0,0
14138,-12862,0,0
14139,-18326,0,0
14140,-10378,0,0
14141,-6446,0,0
14142,-6778,0,0
14143,-10349,0,0
14144,-17018,0,0
14145,-569,0,0
14146,-16291,0,0
14147,-9513,0,0
14148,16110,0,0
14149,-2115,0,0
14150,-16096,0,0
14151,17414,0,0
14152,-15408,0,0
14153,-22171,0,0
14154,17418,0,0
14155,-6362,0,0
14156,-3804,0,0
14157,9905,0,0
14158,-12254,0,0
14159,15666,0,0
14160,-1914,0,0
14161,559,0,0
14162,680,0,0
14163,4663,0,0
14164,-8414,0,0
14165,-16872,0,0
14166,4220,0,0
14167,-16383,0,0
14168,21518,0,0
14169,17543,0,0
14170,11166,0,0
14171,17715,0,0
14172,-142,0,0
14173,17820,0,0
14174,11389,0,0
14175,12403,0,0
14176,22474,0,0
14177,10965,0,0
14178,392,0,0
14179,14969,0,0
14180,10498,0,0
14181,-3323,0,0
14182,15379,0,0
14183,1,0,0
14184,-3865,0,0
14185,14309,0,0
14186,17037,0,0
14187,17540,0,0
14188,1920,0,0
14189,8937,0,0
14190,16779,0,0
14191,23161,0,0
14192,16949,0,0
14193,11409,0,0
14194,-17378,0,0
14195,6659,0,0
14196,-8441,0,0
14197,19509,0,0
14198,4135,0,0
14199,15473,0,0
14200,16239,0,0
14201,13211,0,0
14202,22171,0,0
14203,140,0,0
14204,4553,0,0
14205,-1996,0,0
14206,2142,15000,0
14207,-11188,0,0
14208,-14562,0,0
14209,-2418,0,0
14210,17015,0,0
14211,15421,0,0
14212,-2271,0,0
14213,13444,0,0
14214,-11319,0,0
14215,11419,0,0
14216,21139,0,0
14217,-5770,0,0
14218,-420,0,0
14219,6266,0,0
14220,-10011,0,0
14221,-7701,0,0
14222,-1036,0,0
14223,2270,0,0
14224,-13710,0,0
14225,-15465,0,0
14226,-17167,0,0
14227,-12024,0,0
14228,-5726,0,0
14229,-8032,0,0
14230,-20159,0,0
14231,-7269,0,0
14232,-9986,0,0
14233,-9907,0,0
14234,-22330,0,0
14235,-10883,0,0
14236,-22828,0,0
14237,11204,0,0
14238,-17235,0,0
14239,-13049,0,0
14240,3823,0,0
14241,-17531,0,0
14242,-22724,0,0
14243,-19873,0,0
14244,-16427,0,0
14245,4540,0,0
14246,3281,0,0
14247,-10845,0,0
14248,-19575,0,0
14249,-12507,0,0
14250,-6151,0,0
14251,-20384,0,0
14252,17167,0,0
14253,1268,0,0
14254,-9253,0,0
14255,589,0,0
14256,-13798,0,0
14257,5995,0,0
14258,-6262,0,0
14259,-14804,0,0
14260,-5630,0,0
14261,-8453,0,0
14262,21534,0,0
14263,-5716,0,0
14264,-6662,0,0
14265,-2903,0,0
14266,6845,0,0
14267,9217,0,0
14268,-9468,0,0
14269,4878,0,0
14270,6797,0,0
14271,264,0,0
14272,7296,0,0
14273,-3700,0,0
14274,12135,0,0
14275,761,0,0
14276,-9801,0,0
14277,8302,0,0
14278,8698,0,0
14279,22918,0,0
14280,14698,0,0
14281,-14941,0,0
14282,-16384,0,0
14283,14372,0,0
14284,17542,0,0
14285,601,0,0
14286,13476,0,0
14287,-2935,0,0
14288,10392,0,0
14289,13844,0,0
14290,20694,0,0
14291,21814,0,0
14292,-8867,0,0
14293,18690,0,0
14294,-15193,0,0
14295,20158,0,0
14296,14115,0,0
14297,18942,0,0
14298,11801,0,0
14299,15492,0,0
14300,21553,0,0
14301,-15979,0,0
14302,11477,0,0
14303,7772,0,0
14304,18465,0,0
14305,2439,0,0
14306,8868,0,0
14307,1630,0,0
14308,-5895,0,0
14309,3925,0,0
14310,-14587,0,0
14311,12471,0,0
14312,190,0,0
14313,-10106,0,0
14314,-12872,0,0
14315,6589,0,0
14316,10546,0,0
14317,13742,0,0
14318,-14102,0,0
14319,10064,0,0
14320,16383,0,0
14321,-7980,0,0
14322,-17543,0,0
14323,-2271,0,0
14324,-10519,0,0
14325,-17794,0,0
14326,19573,0,0
14327,5221,0,0
14328,10849,0,0
14329,14034,0,0
14330,-15590,0,0
14331,2141,0,0
14332,13626,0,0
14333,-9820,0,0
14334,3763,0,-15000
14335,5141,0,0
14336,-8961,0,0
14337,10417,0,0
14338,14580,0,0
14339,12748,0,0
14340,-3488,0,0
14341,14754,0,0
14342,5899,0,0
14343,13632,0,0
14344,16551,0,0
14345,14913,0,0
14346,19345,0,0
14347,17226,0,0
14348,3436,0,0
14349,-1596,0,0
14350,22506,0,0
14351,16327,0,0
14352,22127,0,0
14353,14793,0,0
14354,22375,0,0
14355,16370,0,0
14356,13017,0,0
14357,20694,0,0
14358,14630,0,0
14359,3283,0,0
14360,13955,0,0
14361,9994,0,0
14362,-2095,0,0
14363,-2581,0,0
14364,19264,0,0
14365,8330,0,0
14366,16950,0,0
14367,10807,0,0
14368,14744,0,0
14369,18045,0,0
14370,-5756,0,0
14371,1432,0,0
14372,-9683,0,0
14373,8265,0,0
14374,12395,0,0
14375,-1268,0,0
14376,17597,0,0
14377,-7268,0,0
14378,4551,0,0
14379,8849,0,0
14380,214,0,0
14381,-5566,0,0
14382,-638,0,0
14383,-11421,0,0
14384,-10938,0,0
14385,-18300,0,0
14386,-20240,0,0
14387,9725,0,0
14388,2271,0,0
14389,13056,0,0
14390,11523,0,0
14391,462,0,0
14392,-15592,0,0
14393,-16780,0,0
14394,-16183,0,0
14395,-4594,0,0
14396,5384,0,0
14397,-3136,0,0
14398,12841,0,0
14399,-16863,0,0
14400,-2857,0,0
14401,1374,0,0
14402,10170,0,0
14403,-19697,0,0
14404,-10749,0,0
14405,-11379,0,0
14406,-18795,0,0
14407,-19727,0,0
14408,-9483,0,0
14409,-20573,0,0
14410,2313,0,0
14411,2541,0,0
14412,-15494,0,0
14413,-15863,0,0
14414,-18022,0,0
14415,-9452,0,0
14416,-19912,0,0
14417,-7900,0,0
14418,-3797,0,0
14419,193,0,0
14420,-18714,0,0
14421,1658,0,0
14422,3484,0,0
14423,-2271,0,0
14424,-6595,0,0
14425,-23162,0,0
14426,2818,0,0
14427,-15248,0,0
14428,-16120,0,0
14429,-3618,0,0
14430,-17543,0,0
14431,-10361,0,0
14432,7982,0,0
14433,-19831,0,0
14434,-2942,0,0
14435,-4955,0,0
14436,-5658,0,0
14437,12203,0,0
14438,-11420,0,0
14439,6725,0,0
14440,-13005,0,0
14441,-4997,0,0
14442,-19414,0,0
14443,16198,0,0
14444,-18360,0,0
14445,6096,0,0
14446,-17270,0,0
14447,1868,0,0
14448,-2607,0,0
14449,234,0,0
14450,-14745,0,0
14451,5714,0,0
14452,-21999,0,0
14453,-19210,0,0
14454,-6726,0,0
14455,3279,0,0
14456,-15322,0,0
14457,-17490,0,0
14458,-7361,0,0
14459,-17256,0,0
14460,1179,0,0
14461,-11343,0,0
14462,10273,15000,0
14463,14334,0,0
14464,2361,0,0
14465,3345,0,0
14466,8798,0,0
14467,15559,0,0
14468,4962,0,0
14469,4034,0,0
14470,9354,0,0
14471,6346,0,0
14472,2270,0,0
14473,-12894,0,0
14474,19137,0,0
14475,14316,0,0
14476,5076,0,0
14477,18818,0,0
14478,6247,0,0
14479,20694,0,0
14480,12207,0,0
14481,20944,0,0
14482,17322,0,0
14483,19131,0,0
14484,-13548,0,0
14485,-8867,0,0
14486,19347,0,0
14487,-8338,0,0
14488,21181,0,0
14489,12838,0,0
14490,-12010,0,0
14491,19881,0,0
14492,10416,0,0
14493,-9447,0,0
14494,19072,0,0
14495,11111,0,0
14496,4587,0,0
14497,22329,0,0
14498,16702,0,0
14499,-8605,0,0
14500,-5580,0,0
14501,1278,0,0
14502,18137,0,0
14503,4898,0,0
14504,6911,0,0
14505,8524,0,0
14506,19263,0,0
14507,-11807,0,0
14508,18306,0,0
14509,21048,0,0
14510,17783,0,0
14511,6978,0,0
14512,5871,0,0
14513,23056,0,0
14514,17909,0,0
14515,8503,0,0
14516,17542,0,0
14517,1703,0,0
14518,3691,0,0
14519,22062,0,0
14520,16876,0,0
14521,10933,0,0
14522,15834,0,0
14523,20882,0,0
14524,16465,0,0
14525,23056,0,0
14526,4749,0,0
14527,5523,0,0
14528,-16032,0,0
14529,16402,0,0
14530,4969,0,0
14531,-15054,0,0
14532,6485,0,0
14533,22994,0,0
14534,971,0,0
14535,10216,0,0
14536,16352,0,0
14537,-4521,0,0
14538,19573,0,0
14539,7697,0,0
14540,19572,0,0
14541,-17617,0,0
14542,-20695,0,0
14543,3664,0,0
14544,18449,0,0
14545,7805,0,0
14546,19422,0,0
14547,5335,0,0
14548,11213,0,0
14549,11130,0,0
14550,9530,0,0
14551,14679,0,0
14552,15787,0,0
14553,18313,0,0
14554,11327,0,0
14555,14937,0,0
14556,22329,0,0
14557,13629,0,0
14558,6194,0,0
14559,11911,0,0
14560,4626,0,0
14561,4914,0,0
14562,22605,0,0
14563,12810,0,0
14564,5687,0,0
14565,19574,0,0
14566,21870,0,0
14567,11981,0,0
14568,22723,0,0
14569,13967,0,0
14570,10971,0,0
14571,3418,0,0
14572,10276,0,0
14573,2719,0,0
14574,-16197,0,0
14575,-15061,0,0
14576,-12527,0,0
14577,7787,0,0
14578,2176,0,0
14579,-4073,0,0
14580,9923,0,0
14581,17243,0,0
14582,-8911,0,0
14583,-17593,0,0
14584,-9273,0,0
14585,-6467,0,0
14586,1082,0,0
14587,-15402,0,0
14588,7038,0,0
14589,13801,0,0
14590,-22918,0,-15000
14591,-17067,0,0
14592,-21583,0,0
14593,-14822,0,0
14594,-6188,0,0
14595,8739,0,0
14596,-575,0,0
14597,-2703,0,0
14598,2836,0,0
14599,-15303,0,0
14600,-3465,0,0
14601,6017,0,0
14602,-14715,0,0
14603,-14699,0,0
14604,-19681,0,0
14605,-985,0,0
14606,-14311,0,0
14607,-9512,0,0
14608,-8477,0,0
14609,-3345,0,0
14610,-827,0,0
14611,5536,0,0
14612,4298,0,0
14613,4459,0,0
14614,3400,0,0
14615,8742,0,0
14616,-493,0,0
14617,-13342,0,0
14618,-12443,0,0
14619,9673,0,0
14620,-7248,0,0
14621,-16266,0,0
14622,-1000,0,0
14623,-6347,0,0
14624,11436,0,0
14625,-12230,0,0
14626,-1477,0,0
14627,19263,0,0
14628,4520,0,0
14629,-8976,0,0
14630,-22724,0,0
14631,-12396,0,0
14632,-13377,0,0
14633,-4043,0,0
14634,11688,0,0
14635,11419,0,0
14636,-11924,0,0
14637,-12484,0,0
14638,-515,0,0
14639,-8864,0,0
14640,-2121,0,0
14641,5818,0,0
14642,7060,0,0
14643,3389,0,0
14644,-2292,0,0
14645,11420,0,0
14646,-9825,0,0
14647,14602,0,0
14648,20161,0,0
14649,13393,0,0
14650,14045,0,0
14651,-11912,0,0
14652,5629,0,0
14653,8059,0,0
14654,5629,0,0
14655,-11420,0,0
14656,-14196,0,0
14657,8949,0,0
14658,12833,0,0
14659,-6374,0,0
14660,1991,0,0
14661,19,0,0
14662,14326,0,0
14663,18286,0,0
14664,12548,0,0
14665,11134,0,0
14666,21814,0,0
14667,-71,0,0
14668,5158,0,0
14669,9106,0,0
14670,12773,0,0
14671,20944,0,0
14672,-21815,0,0
14673,16674,0,0
14674,8628,0,0
14675,19461,0,0
14676,7805,0,0
14677,20944,0,0
14678,7805,0,0
14679,-4741,0,0
14680,-21815,0,0
14681,-2648,0,0
14682,-4391,0,0
14683,-2217,0,0
14684,937,0,0
14685,11288,0,0
14686,12426,0,0
14687,3272,0,0
14688,16401,0,0
14689,-16509,0,0
14690,6178,0,0
14691,6081,0,0
14692,542,0,0
14693,9124,0,0
14694,-4081,0,0
14695,-14711,0,0
14696,7937,0,0
14697,13222,0,0
14698,22605,0,0
14699,-11756,0,0
14700,13426,0,0
14701,10124,0,0
14702,11721,0,0
14703,11589,0,0
14704,1983,0,0
14705,11907,0,0
14706,16250,0,0
14707,19263,0,0
14708,-11899,0,0
14709,10829,0,0
14710,10042,0,0
14711,13801,0,0
14712,-1682,0,0
14713,18264,0,0
14714,-13663,0,0
14715,7814,0,0
14716,23105,0,0
14717,2514,0,0
14718,15802,15000,0
14719,8614,0,0
14720,5175,0,0
14721,16464,0,0
14722,12700,0,0
14723,-14467,0,0
14724,-1035,0,0
14725,16383,0,0
14726,23161,0,0
14727,-7361,0,0
14728,8681,0,0
14729,14254,0,0
14730,15730,0,0
14731,12821,0,0
14732,9973,0,0
14733,12059,0,0
14734,5417,0,0
14735,-7983,0,0
14736,1917,0,0
14737,5866,0,0
14738,22329,0,0
14739,10921,0,0
14740,22171,0,0
14741,-6410,0,0
14742,16225,0,0
14743,-2889,0,0
14744,21404,0,0
14745,1088,0,0
14746,18459,0,0
14747,-11854,0,0
14748,-766,0,0
14749,19837,0,0
14750,13928,0,0
14751,11752,0,0
14752,18942,0,0
14753,12511,0,0
14754,-2796,0,0
14755,14282,0,0
14756,14160,0,0
14757,568,0,0
14758,16383,0,0
14759,-11441,0,0
14760,15719,0,0
14761,2406,0,0
14762,12416,0,0
14763,-9474,0,0
14764,13895,0,0
14765,-4279,0,0
14766,12871,0,0
14767,22723,0,0
14768,15104,0,0
14769,8625,0,0
14770,14849,0,0
14771,4859,0,0
14772,9388,0,0
14773,8497,0,0
14774,7805,0,0
14775,-3299,0,0
14776,4540,0,0
14777,18830,0,0
14778,-5882,0,0
14779,6000,0,0
14780,22828,0,0
14781,13432,0,0
14782,-2737,0,0
14783,-14699,0,0
14784,4928,0,0
14785,16678,0,0
14786,-3886,0,0
14787,12387,0,0
14788,7065,0,0
14789,16057,0,0
14790,-3416,0,0
14791,-5391,0,0
14792,-2178,0,0
14793,17190,0,0
14794,-4521,0,0
14795,-19574,0,0
14796,15596,0,0
14797,17020,0,0
14798,1516,0,0
14799,9388,0,0
14800,5607,0,0
14801,17015,0,0
14802,-13636,0,0
14803,-22330,0,0
14804,-15946,0,0
14805,5076,0,0
14806,-12396,0,0
14807,3610,0,0
14808,-462,0,0
14809,11113,0,0
14810,17120,0,0
14811,23141,0,0
14812,12947,0,0
14813,3992,0,0
14814,-12757,0,0
14815,-6395,0,0
14816,16420,0,0
14817,12194,0,0
14818,-1907,0,0
14819,1536,0,0
14820,11605,0,0
14821,-5754,0,0
14822,7775,0,0
14823,9462,0,0
14824,11910,0,0
14825,-22475,0,0
14826,10921,0,0
14827,-8461,0,0
14828,-1192,0,0
14829,-15131,0,0
14830,-184,0,0
14831,12760,0,0
14832,-12535,0,0
14833,-9,0,0
14834,12891,0,0
14835,-8182,0,0
14836,-12192,0,0
14837,767,0,0
14838,-10030,0,0
14839,16501,0,0
14840,-5409,0,0
14841,11785,0,0
14842,2497,0,0
14843,4545,0,0
14844,-4181,0,0
14845,-12396,0,0
14846,-5630,0,-15000
14847,19032,0,0
14848,-17272,0,0
14849,-6855,0,0
14850,21405,0,0
14851,-1861,0,0
14852,-18715,0,0
14853,3442,0,0
14854,-16805,0,0
14855,-22724,0,0
14856,-14680,0,0
14857,352,0,0
14858,-2179,0,0
14859,-23057,0,0
14860,-11076,0,0
14861,-23058,0,0
14862,-13967,0,0
14863,3209,0,0
14864,-4207,0,0
14865,1137,0,0
14866,6610,0,0
14867,2074,0,0
14868,-15977,0,0
14869,-5570,0,0
14870,-15977,0,0
14871,0,0,0
14872,-4404,0,0
14873,20240,0,0
14874,-8723,0,0
14875,-4287,0,0
14876,-2788,0,0
14877,6622,0,0
14878,-16109,0,0
14879,-12802,0,0
14880,-9668,0,0
14881,-19649,0,0
14882,-16557,0,0
14883,-5467,0,0
14884,-15804,0,0
14885,-16715,0,0
14886,9073,0,0
14887,-15062,0,0
14888,1139,0,0
14889,-18964,0,0
14890,-47,0,0
14891,-12872,0,0
14892,-10980,0,0
14893,-14255,0,0
14894,-10429,0,0
14895,870,0,0
14896,23161,0,0
14897,-16383,0,0
14898,-569,0,0
14899,-16552,0,0
14900,-1705,0,0
14901,-18069,0,0
14902,-8631,0,0
14903,-1766,0,0
14904,11705,0,0
14905,-7638,0,0
14906,-2857,0,0
14907,-20695,0,0
14908,-9677,0,0
14909,-19280,0,0
14910,-19351,0,0
14911,-14954,0,0
14912,-16412,0,0
14913,10774,0,0
14914,19872,0,0
14915,-17202,0,0
14916,4894,0,0
14917,-13627,0,0
14918,-18265,0,0
14919,11835,0,0
14920,-12033,0,0
14921,5491,0,0
14922,-10487,0,0
14923,-5096,0,0
14924,13400,0,0
14925,2166,0,0
14926,-15129,0,0
14927,-13464,0,0
14928,-18220,0,0
14929,-10928,0,0
14930,-21182,0,0
14931,-12827,0,0
14932,-20178,0,0
14933,4326,0,0
14934,-10490,0,0
14935,4187,0,0
14936,-8543,0,0
14937,8509,0,0
14938,5805,0,0
14939,-16802,0,0
14940,-14373,0,0
14941,13444,0,0
14942,-15381,0,0
14943,-10024,0,0
14944,-14013,0,0
14945,-16384,0,0
14946,-23162,0,0
14947,16433,0,0
14948,-9919,0,0
14949,425,0,0
14950,-10414,0,0
14951,-14743,0,0
14952,-6090,0,0
14953,-15232,0,0
14954,-5567,0,0
14955,-12946,0,0
14956,-7056,0,0
14957,13742,0,0
14958,-5285,0,0
14959,-22330,0,0
14960,-16781,0,0
14961,-5133,0,0
14962,-19265,0,0
14963,5819,0,0
14964,-17586,0,0
14965,-18090,0,0
14966,-15134,0,0
14967,-7405,0,0
14968,-15908,0,0
14969,1136,0,0
14970,-15425,0,0
14971,-10651,0,0
14972,-6073,0,0
14973,8146,0,0
14974,-10922,15000,0
14975,-6654,0,0
14976,-20850,0,0
14977,-21182,0,0
14978,-18910,0,0
14979,-3527,0,0
14980,-5629,0,0
14981,-19574,0,0
14982,-7277,0,0
14983,-1758,0,0
14984,-416,0,0
14985,-11743,0,0
14986,-1646,0,0
14987,-16746,0,0
14988,12965,0,0
14989,-12728,0,0
14990,-5843,0,0
14991,-13479,0,0
14992,-23170,0,0
14993,-9820,0,0
14994,-3840,0,0
14995,-16148,0,0
14996,-12047,0,0
14997,-11702,0,0
14998,-23141,0,0
14999,15556,0,0
15000,-121,0,0
15001,-4105,0,0
15002,3682,0,0
15003,-11140,0,0
15004,-9903,0,0
15005,1645,0,0
15006,-3512,0,0
15007,13399,0,0
15008,-11835,0,0
15009,3380,0,0
15010,-21227,0,0
15011,-14006,0,0
15012,-22475,0,0
15013,-4044,0,0
15014,-13608,0,0
15015,8897,0,0
15016,-12555,0,0
15017,-19151,0,0
15018,8866,0,0
15019,-14416,0,0
15020,-19702,0,0
15021,-2322,0,0
15022,-16540,0,0
15023,-5810,0,0
15024,-16107,0,0
15025,3977,0,0
15026,-12141,0,0
15027,-16187,0,0
15028,-19264,0,0
15029,-14216,0,0
15030,-17600,0,0
15031,-4138,0,0
15032,11618,0,0
15033,-19154,0,0
15034,-10937,0,0
15035,-11791,0,0
15036,-8979,0,0
15037,-11000,0,0
15038,-11931,0,0
15039,-11837,0,0
15040,-109,0,0
15041,21756,0,0
15042,-3287,0,0
15043,-5838,0,0
15044,18091,0,0
15045,2836,0,0
15046,10040,0,0
15047,-17051,0,0
15048,-13804,0,0
15049,-981,0,0
15050,19574,0,0
15051,-16333,0,0
15052,7230,0,0
15053,3449,0,0
15054,-17599,0,0
15055,-18338,0,0
15056,-2732,0,0
15057,14203,0,0
15058,720,0,0
15059,-8509,0,0
15060,-16926,0,0
15061,8866,0,0
15062,-8339,0,0
15063,6281,0,0
15064,-3294,0,0
15065,969,0,0
15066,-16705,0,0
15067,-2829,0,0
15068,10261,0,0
15069,-19296,0,0
15070,-5077,0,0
15071,-15168,0,0
15072,13993,0,0
15073,-8096,0,0
15074,-2349,0,0
15075,-18271,0,0
15076,-9270,0,0
15077,-10794,0,0
15078,-15439,0,0
15079,15133,0,0
15080,13148,0,0
15081,6507,0,0
15082,-11850,0,0
15083,7381,0,0
15084,1835,0,0
15085,-15134,0,0
15086,-10947,0,0
15087,7901,0,0
15088,22918,0,0
15089,-13341,0,0
15090,15128,0,0
15091,-2996,0,0
15092,5552,0,0
15093,-11421,0,0
15094,6178,0,0
15095,-12830,0,0
15096,-1887,0,0
15097,12559,0,0
15098,13783,0,0
15099,-13861,0,0
15100,-10967,0,0
15101,2827,0,0
15102,-17598,0,-15000
15103,-5303,0,0
15104,-9630,0,0
15105,-5076,0,0
15106,-12872,0,0
15107,11614,0,0
15108,-18142,0,0
15109,17669,0,0
15110,-17910,0,0
15111,-10660,0,0
15112,-10877,0,0
15113,-4009,0,0
15114,15080,0,0
15115,-5828,0,0
15116,9794,0,0
15117,-3460,0,0
15118,-10070,0,0
15119,1967,0,0
15120,-14255,0,0
15121,-1125,0,0
15122,4258,0,0
15123,3960,0,0
15124,-12872,0,0
15125,11642,0,0
15126,-2915,0,0
15127,6179,0,0
15128,10188,0,0
15129,-463,0,0
15130,-9998,0,0
15131,-5863,0,0
15132,5049,0,0
15133,1634,0,0
15134,17534,0,0
15135,2707,0,0
15136,-7268,0,0
15137,-5111,0,0
15138,-19069,0,0
15139,-4365,0,0
15140,-13640,0,0
15141,6027,0,0
15142,-8877,0,0
15143,-572,0,0
15144,8529,0,0
15145,12395,0,0
15146,12759,0,0
15147,13366,0,0
15148,-14305,0,0
15149,-17694,0,0
15150,-2837,0,0
15151,-16728,0,0
15152,-1853,0,0
15153,-16777,0,0
15154,-6395,0,0
15155,-16141,0,0
15156,-3099,0,0
15157,-16384,0,0
15158,-13871,0,0
15159,-1087,0,0
15160,-905,0,0
15161,7851,0,0
15162,568,0,0
15163,-16626,0,0
15164,-20698,0,0
15165,17542,0,0
15166,-11602,0,0
15167,4010,0,0
15168,-3502,0,0
15169,3808,0,0
15170,2270,0,0
15171,-1556,0,0
15172,-8101,0,0
15173,-14682,0,0
15174,-16455,0,0
15175,11481,0,0
15176,-20469,0,0
15177,-1568,0,0
15178,-4371,0,0
15179,-11912,0,0
15180,6178,0,0
15181,-15321,0,0
15182,-5056,0,0
15183,-10922,0,0
15184,4628,0,0
15185,8912,0,0
15186,4579,0,0
15187,9614,0,0
15188,-5400,0,0
15189,-6663,0,0
15190,20889,0,0
15191,1571,0,0
15192,-4889,0,0
15193,5824,0,0
15194,11419,0,0
15195,16440,0,0
15196,2297,0,0
15197,-20723,0,0
15198,1561,0,0
15199,-10782,0,0
15200,-15297,0,0
15201,6345,0,0
15202,-11148,0,0
15203,-2952,0,0
15204,16382,0,0
15205,13593,0,0
15206,-16236,0,0
15207,-2090,0,0
15208,9714,0,0
15209,3904,0,0
15210,5976,0,0
15211,2883,0,0
15212,-7411,0,0
15213,338,0,0
15214,18981,0,0
15215,-1805,0,0
15216,1553,0,0
15217,-1452,0,0
15218,-4941,0,0
15219,-3384,0,0
15220,-2876,0,0
15221,767,0,0
15222,13378,0,0
15223,-15246,0,0
15224,2045,0,0
15225,6611,0,0
15226,-10840,0,0
15227,10403,0,0
15228,-7374,0,0
15229,-8343,0,0
15230,332,15000,0
15231,-8079,0,0
15232,630,0,0
15233,-1372,0,0
15234,14676,0,0
15235,-1094,0,0
15236,-11943,0,0
15237,3962,0,0
15238,-8042,0,0
15239,-2163,0,0
15240,21959,0,0
15241,-2880,0,0
15242,-4861,0,0
15243,17166,0,0
15244,1136,0,0
15245,17286,0,0
15246,-17140,0,0
15247,18341,0,0
15248,2772,0,0
15249,16843,0,0
15250,-1583,0,0
15251,10882,0,0
15252,-12687,0,0
15253,15073,0,0
15254,8338,0,0
15255,-5363,0,0
15256,-6182,0,0
15257,13291,0,0
15258,-18933,0,0
15259,12287,0,0
15260,7353,0,0
15261,12888,0,0
15262,15319,0,0
15263,21694,0,0
15264,15133,0,0
15265,11104,0,0
15266,16464,0,0
15267,9224,0,0
15268,7325,0,0
15269,6566,0,0
15270,15924,0,0
15271,8193,0,0
15272,-4007,0,0
15273,10580,0,0
15274,20432,0,0
15275,10292,0,0
15276,532,0,0
15277,-12025,0,0
15278,-7657,0,0
15279,5345,0,0
15280,13074,0,0
15281,1237,0,0
15282,-15363,0,0
15283,13801,0,0
15284,4027,0,0
15285,12409,0,0
15286,-3586,0,0
15287,16779,0,0
15288,-12010,0,0
15289,17762,0,0
15290,21315,0,0
15291,6638,0,0
15292,6985,0,0
15293,10921,0,0
15294,5217,0,0
15295,17485,0,0
15296,9388,0,0
15297,13651,0,0
15298,16641,0,0
15299,17560,0,0
15300,14566,0,0
15301,-11842,0,0
15302,10641,0,0
15303,11473,0,0
15304,16451,0,0
15305,-835,0,0
15306,18609,0,0
15307,12456,0,0
15308,13529,0,0
15309,22474,0,0
15310,12803,0,0
15311,-15693,0,0
15312,20309,0,0
15313,3204,0,0
15314,7792,0,0
15315,-10173,0,0
15316,5693,0,0
15317,-6353,0,0
15318,21216,0,0
15319,11550,0,0
15320,22994,0,0
15321,16257,0,0
15322,12301,0,0
15323,15559,0,0
15324,7652,0,0
15325,9114,0,0
15326,13698,0,0
15327,-15134,0,0
15328,4684,0,0
15329,565,0,0
15330,3791,0,0
15331,12871,0,0
15332,22474,0,0
15333,18161,0,0
15334,110,0,0
15335,17539,0,0
15336,857,0,0
15337,-9576,0,0
15338,5970,0,0
15339,9239,0,0
15340,8439,0,0
15341,8050,0,0
15342,6928,0,0
15343,2364,0,0
15344,11911,0,0
15345,-1991,0,0
15346,-2980,0,0
15347,7899,0,0
15348,-3624,0,0
15349,3960,0,0
15350,8139,0,0
15351,855,0,0
15352,-5206,0,0
15353,-6773,0,0
15354,16992,0,0
15355,17609,0,0
15356,-6299,0,0
15357,10720,0,0
15358,-3523,0,-15000
15359,23105,0,0
15360,-8694,0,0
15361,7976,0,0
15362,-7369,0,0
15363,-4014,0,0
15364,-18175,0,0
15365,-5160,0,0
15366,16501,0,0
15367,5291,0,0
15368,7805,0,0
15369,15706,0,0
15370,5444,0,0
15371,-5716,0,0
15372,-12116,0,0
15373,3292,0,0
15374,-4484,0,0
15375,5913,0,0
15376,2051,0,0
15377,-2592,0,0
15378,11772,0,0
15379,-4087,0,0
15380,21521,0,0
15381,-8942,0,0
15382,-4233,0,0
15383,15867,0,0
15384,986,0,0
15385,11795,0,0
15386,17128,0,0
15387,13801,0,0
15388,-18191,0,0
15389,5677,0,0
15390,8958,0,0
15391,11911,0,0
15392,-6179,0,0
15393,407,0,0
15394,4202,0,0
15395,1936,0,0
15396,15032,0,0
15397,21404,0,0
15398,12976,0,0
15399,10331,0,0
15400,15108,0,0
15401,7267,0,0
15402,4089,0,0
15403,8467,0,0
15404,19074,0,0
15405,7473,0,0
15406,-833,0,0
15407,5629,0,0
15408,16791,0,0
15409,-22475,0,0
15410,18991,0,0
15411,7924,0,0
15412,10737,0,0
15413,-5358,0,0
15414,-1963,0,0
15415,19209,0,0
15416,18939,0,0
15417,1690,0,0
15418,-15276,0,0
15419,1354,0,0
15420,18264,0,0
15421,4536,0,0
15422,58,0,0
15423,2571,0,0
15424,-3105,0,0
15425,1703,0,0
15426,2161,0,0
15427,-11746,0,0
15428,-2104,0,0
15429,7949,0,0
15430,-6861,0,0
15431,13465,0,0
15432,-14382,0,0
15433,13146,0,0
15434,3171,0,0
15435,-12906,0,0
15436,17107,0,0
15437,9361,0,0
15438,15096,0,0
15439,568,0,0
15440,2867,0,0
15441,-8463,0,0
15442,16429,0,0
15443,16824,0,0
15444,16779,0,0
15445,-3049,0,0
15446,3646,0,0
15447,9587,0,0
15448,16708,0,0
15449,13476,0,0
15450,15579,0,0
15451,9853,0,0
15452,9874,0,0
15453,3964,0,0
15454,14716,0,0
15455,-3174,0,0
15456,15183,0,0
15457,21770,0,0
15458,13801,0,0
15459,19281,0,0
15460,16248,0,0
15461,-3961,0,0
15462,12871,0,0
15463,22605,0,0
15464,12395,0,0
15465,18536,0,0
15466,-19258,0,0
15467,10016,0,0
15468,8332,0,0
15469,8438,0,0
15470,-2441,0,0
15471,21616,0,0
15472,13503,0,0
15473,21180,0,0
15474,-3262,0,0
15475,20432,0,0
15476,11361,0,0
15477,19872,0,0
15478,13679,0,0
15479,8899,0,0
15480,14555,0,0
15481,7827,0,0
15482,1703,0,0
15483,6053,0,0
15484,568,0,0
15485,16120,0,0
15486,-13854,15000,0
15487,-9873,0,0
15488,4692,0,0
15489,1364,0,0
15490,18139,0,0
15491,16382,0,0
15492,7116,0,0
15493,15976,0,0
15494,-569,0,0
15495,15976,0,0
15496,7052,0,0
15497,11825,0,0
15498,-1138,0,0
15499,15619,0,0
15500,9989,0,0
15501,8687,0,0
15502,-12903,0,0
15503,11810,0,0
15504,-9972,0,0
15505,-1319,0,0
15506,15097,0,0
15507,13501,0,0
15508,-3062,0,0
15509,15658,0,0
15510,1990,0,0
15511,-18291,0,0
15512,22474,0,0
15513,13176,0,0
15514,-1384,0,0
15515,-4037,0,0
15516,14525,0,0
15517,15575,0,0
15518,21616,0,0
15519,13692,0,0
15520,-9389,0,0
15521,7804,0,0
15522,9492,0,0
15523,-7931,0,0
15524,6551,0,0
15525,5629,0,0
15526,9360,0,0
15527,5076,0,0
15528,-19575,0,0
15529,448,0,0
15530,17225,0,0
15531,12053,0,0
15532,-16320,0,0
15533,4520,0,0
15534,17799,0,0
15535,9130,0,0
15536,18258,0,0
15537,3960,0,0
15538,2139,0,0
15539,14399,0,0
15540,18942,0,0
15541,3308,0,0
15542,-8497,0,0
15543,8303,0,0
15544,18608,0,0
15545,6109,0,0
15546,11719,0,0
15547,14465,0,0
15548,4189,0,0
15549,10242,0,0
15550,18609,0,0
15551,4324,0,0
15552,10632,0,0
15553,6432,0,0
15554,9723,0,0
15555,3597,0,0
15556,18265,0,0
15557,22918,0,0
15558,18609,0,0
15559,6873,0,0
15560,18796,0,0
15561,16324,0,0
15562,11553,0,0
15563,18443,0,0
15564,3964,0,0
15565,11622,0,0
15566,12871,0,0
15567,1745,0,0
15568,19263,0,0
15569,4519,0,0
15570,19263,0,0
15571,4520,0,0
15572,12894,0,0
15573,22286,0,0
15574,8804,0,0
15575,15085,0,0
15576,19872,0,0
15577,22474,0,0
15578,18121,0,0
15579,14146,0,0
15580,2182,0,0
15581,22329,0,0
15582,13919,0,0
15583,14639,0,0
15584,16285,0,0
15585,17813,0,0
15586,19137,0,0
15587,-997,0,0
15588,20944,0,0
15589,8577,0,0
15590,12225,0,0
15591,21814,0,0
15592,20742,0,0
15593,12767,0,0
15594,-4216,0,0
15595,-3086,0,0
15596,264,0,0
15597,21418,0,0
15598,11723,0,0
15599,3775,0,0
15600,11905,0,0
15601,3272,0,0
15602,8013,0,0
15603,-5919,0,0
15604,-16758,0,0
15605,6302,0,0
15606,-8897,0,0
15607,-19691,0,0
15608,15043,0,0
15609,1663,0,0
15610,-5578,0,0
15611,-8150,0,0
15612,15363,0,0
15613,11420,0,0
15614,2186,0,-15000
15615,3396,0,0
15616,4520,0,0
15617,3573,0,0
15618,791,0,0
15619,-17083,0,0
15620,17480,0,0
15621,14641,0,0
15622,5463,0,0
15623,17555,0,0
15624,13467,0,0
15625,8008,0,0
15626,18949,0,0
15627,7173,0,0
15628,8186,0,0
15629,6349,0,0
15630,-3581,0,0
15631,-8688,0,0
15632,14894,0,0
15633,17354,0,0
15634,12571,0,0
15635,2133,0,0
15636,3283,0,0
15637,-13341,0,0
15638,-9839,0,0
15639,-12735,0,0
15640,14000,0,0
15641,-2196,0,0
15642,5531,0,0
15643,4028,0,0
15644,-2617,0,0
15645,-15560,0,0
15646,-13226,0,0
15647,6174,0,0
15648,-9630,0,0
15649,7116,0,0
15650,547,0,0
15651,3628,0,0
15652,3569,0,0
15653,-3426,0,0
15654,1857,0,0
15655,-11774,0,0
15656,0,0,0
15657,16382,0,0
15658,15354,0,0
15659,-1414,0,0
15660,-14597,0,0
15661,138,0,0
15662,-8851,0,0
15663,-16780,0,0
15664,-13408,0,0
15665,13164,0,0
15666,4436,0,0
15667,-16384,0,0
15668,0,0,0
15669,-5304,0,0
15670,-13269,0,0
15671,-15199,0,0
15672,0,0,0
15673,-8857,0,0
15674,-12273,0,0
15675,-4021,0,0
15676,-7974,0,0
15677,-7054,0,0
15678,-2746,0,0
15679,-8179,0,0
15680,21612,0,0
15681,-7577,0,0
15682,6809,0,0
15683,2877,0,0
15684,-6494,0,0
15685,-15274,0,0
15686,-9528,0,0
15687,-18608,0,0
15688,-7268,0,0
15689,-14123,0,0
15690,-9235,0,0
15691,-3261,0,0
15692,8866,0,0
15693,-4588,0,0
15694,-18583,0,0
15695,-11012,0,0
15696,-11420,0,0
15697,-12935,0,0
15698,-14831,0,0
15699,-21588,0,0
15700,-4855,0,0
15701,-21652,0,0
15702,-13802,0,0
15703,7267,0,0
15704,-14255,0,0
15705,5075,0,0
15706,-2603,0,0
15707,-22552,0,0
15708,-15648,0,0
15709,4363,0,0
15710,-6524,0,0
15711,-11743,0,0
15712,-17023,0,0
15713,-23141,0,0
15714,864,0,0
15715,-14227,0,0
15716,-16799,0,0
15717,-19408,0,0
15718,-14527,0,0
15719,-21493,0,0
15720,-4781,0,0
15721,-15581,0,0
15722,-2948,0,0
15723,17611,0,0
15724,-16216,0,0
15725,-11342,0,0
15726,-1485,0,0
15727,-5124,0,0
15728,8034,0,0
15729,15682,0,0
15730,-3649,0,0
15731,-23107,0,0
15732,-16547,0,0
15733,-15837,0,0
15734,-15030,0,0
15735,5829,0,0
15736,-16873,0,0
15737,-10285,0,0
15738,2713,0,0
15739,-16350,0,0
15740,-18943,0,0
15741,-3961,0,0
15742,-10352,15000,0
15743,-22828,0,0
15744,-9031,0,0
15745,-10811,0,0
15746,-19265,0,0
15747,-13432,0,0
15748,13218,0,0
15749,1580,0,0
15750,2317,0,0
15751,-17933,0,0
15752,-1247,0,0
15753,-10811,0,0
15754,-19873,0,0
15755,12831,0,0
15756,-9650,0,0
15757,-15576,0,0
15758,13638,0,0
15759,-7133,0,0
15760,-19873,0,0
15761,-5630,0,0
15762,-19873,0,0
15763,-6117,0,0
15764,6244,0,0
15765,1579,0,0
15766,1159,0,0
15767,-921,0,0
15768,4229,0,0
15769,-22000,0,0
15770,4959,0,0
15771,-4813,0,0
15772,-17814,0,0
15773,-6532,0,0
15774,-18289,0,0
15775,-12707,0,0
15776,2536,0,0
15777,-8867,0,0
15778,6821,0,0
15779,4158,0,0
15780,7747,0,0
15781,-9458,0,0
15782,-1137,0,0
15783,15335,0,0
15784,-2031,0,0
15785,-13179,0,0
15786,-21717,0,0
15787,-17204,0,0
15788,7267,0,0
15789,-19696,0,0
15790,-21999,0,0
15791,-10417,0,0
15792,7267,0,0
15793,-7615,0,0
15794,11504,0,0
15795,-10922,0,0
15796,4732,0,0
15797,-14925,0,0
15798,-3240,0,0
15799,-12403,0,0
15800,-5584,0,0
15801,-983,0,0
15802,-3818,0,0
15803,-3860,0,0
15804,7611,0,0
15805,-16926,0,0
15806,-19196,0,0
15807,527,0,0
15808,-11212,0,0
15809,-4200,0,0
15810,-16760,0,0
15811,-14699,0,0
15812,-3449,0,0
15813,-7178,0,0
15814,266,0,0
15815,-5532,0,0
15816,-8712,0,0
15817,-8033,0,0
15818,2326,0,0
15819,4752,0,0
15820,-4097,0,0
15821,-17167,0,0
15822,-1704,0,0
15823,-4929,0,0
15824,-10601,0,0
15825,10393,0,0
15826,-10291,0,0
15827,7686,0,0
15828,12947,0,0
15829,-19574,0,0
15830,-5629,0,0
15831,6881,0,0
15832,-6726,0,0
15833,-1950,0,0
15834,-2574,0,0
15835,-5810,0,0
15836,-11928,0,0
15837,-17340,0,0
15838,-16383,0,0
15839,-21815,0,0
15840,-12018,0,0
15841,-8601,0,0
15842,-10922,0,0
15843,-1518,0,0
15844,-12426,0,0
15845,-3293,0,0
15846,-8901,0,0
15847,-4147,0,0
15848,-15249,0,0
15849,-22919,0,0
15850,12496,0,0
15851,9090,0,0
15852,-14698,0,0
15853,1396,0,0
15854,-322,0,0
15855,1429,0,0
15856,-8241,0,0
15857,-942,0,0
15858,-5723,0,0
15859,-7082,0,0
15860,16383,0,0
15861,-3724,0,0
15862,-61,0,0
15863,-7952,0,0
15864,16568,0,0
15865,7236,0,0
15866,-15560,0,0
15867,18610,0,0
15868,7305,0,0
15869,-6814,0,0
15870,-8998,0,-15000
15871,-16202,0,0
15872,-15418,0,0
15873,-3948,0,0
15874,-18266,0,0
15875,6047,0,0
15876,-15038,0,0
15877,-5794,0,0
15878,12871,0,0
15879,-982,0,0
15880,7109,0,0
15881,-3507,0,0
15882,-15541,0,0
15883,-8891,0,0
15884,10126,0,0
15885,-7385,0,0
15886,-3271,0,0
15887,-8339,0,0
15888,-9389,0,0
15889,-14896,0,0
15890,779,0,0
15891,6434,0,0
15892,17274,0,0
15893,-9906,0,0
15894,3933,0,0
15895,1125,0,0
15896,-6405,0,0
15897,3129,0,0
15898,-2957,0,0
15899,-1999,0,0
15900,-22606,0,0
15901,-13361,0,0
15902,-12369,0,0
15903,14417,0,0
15904,-15250,0,0
15905,17265,0,0
15906,-16886,0,0
15907,-15124,0,0
15908,-1195,0,0
15909,-14698,0,0
15910,-6737,0,0
15911,-17544,0,0
15912,17575,0,0
15913,-13644,0,0
15914,-19809,0,0
15915,11427,0,0
15916,-18016,0,0
15917,8202,0,0
15918,-13539,0,0
15919,-2296,0,0
15920,7726,0,0
15921,13801,0,0
15922,-19396,0,0
15923,-18123,0,0
15924,-6437,0,0
15925,-18050,0,0
15926,-4521,0,0
15927,-6177,0,0
15928,-16454,0,0
15929,2755,0,0
15930,-609,0,0
15931,-15332,0,0
15932,-3278,0,0
15933,-17979,0,0
15934,6795,0,0
15935,13269,0,0
15936,-781,0,0
15937,20013,0,0
15938,-248,0,0
15939,1888,0,0
15940,-11804,0,0
15941,3819,0,0
15942,-9389,0,0
15943,-2026,0,0
15944,8613,0,0
15945,10974,0,0
15946,-11911,0,0
15947,8762,0,0
15948,-3010,0,0
15949,-8567,0,0
15950,-16650,0,0
15951,-12492,0,0
15952,-15560,0,0
15953,-9195,0,0
15954,-16728,0,0
15955,-17648,0,0
15956,3045,0,0
15957,-19200,0,0
15958,-18610,0,0
15959,-2729,0,0
15960,6891,0,0
15961,-5680,0,0
15962,-19574,0,0
15963,-9226,0,0
15964,-19895,0,0
15965,-17188,0,0
15966,-20695,0,0
15967,3107,0,0
15968,9388,0,0
15969,-20881,0,0
15970,-14726,0,0
15971,-9389,0,0
15972,-12263,0,0
15973,-11922,0,0
15974,-14582,0,0
15975,8627,0,0
15976,-8870,0,0
15977,-12396,0,0
15978,-15702,0,0
15979,3168,0,0
15980,-22918,0,0
15981,-10466,0,0
15982,21236,0,0
15983,-14440,0,0
15984,-23106,0,0
15985,-16773,0,0
15986,2185,0,0
15987,-15705,0,0
15988,2742,0,0
15989,-4114,0,0
15990,-21178,0,0
15991,-1445,0,0
15992,-369,0,0
15993,-16177,0,0
15994,-10245,0,0
15995,-10111,0,0
15996,-1061,0,0
15997,-13582,0,0
15998,-8305,15000,0
15999,6102,0,0
16000,-14729,0,0
16001,-11860,0,0
16002,-12209,0,0
16003,-5488,0,0
16004,-7268,0,0
16005,-20945,0,0
16006,-20848,0,0
16007,-8339,0,0
16008,2089,0,0
16009,-14788,0,0
16010,-3927,0,0
16011,4822,0,0
16012,-11961,0,0
16013,-4589,0,0
16014,-5894,0,0
16015,-3923,0,0
16016,-7556,0,0
16017,-16168,0,0
16018,-15924,0,0
16019,-23141,0,0
16020,-15560,0,0
16021,-18496,0,0
16022,-16384,0,0
16023,-23169,0,0
16024,-7347,0,0
16025,-3291,0,0
16026,6745,0,0
16027,727,0,0
16028,-17037,0,0
16029,-23142,0,0
16030,-10870,0,0
16031,884,0,0
16032,-15737,0,0
16033,-19061,0,0
16034,-15718,0,0
16035,-3684,0,0
16036,-12253,0,0
16037,-8525,0,0
16038,-11963,0,0
16039,-10270,0,0
16040,1908,0,0
16041,-11007,0,0
16042,-46,0,0
16043,-2418,0,0
16044,14999,0,0
16045,-15378,0,0
16046,-4387,0,0
16047,-1012,0,0
16048,-10873,0,0
16049,-22606,0,0
16050,-7089,0,0
16051,10173,0,0
16052,-10299,0,0
16053,-8302,0,0
16054,-21182,0,0
16055,-10185,0,0
16056,-5451,0,0
16057,-20945,0,0
16058,-9070,0,0
16059,-17997,0,0
16060,-16393,0,0
16061,-19265,0,0
16062,-6554,0,0
16063,-13802,0,0
16064,-2578,0,0
16065,-17133,0,0
16066,-21877,0,0
16067,-4452,0,0
16068,-16783,0,0
16069,-5908,0,0
16070,2648,0,0
16071,-16510,0,0
16072,-22918,0,0
16073,-17100,0,0
16074,2028,0,0
16075,-16194,0,0
16076,-11231,0,0
16077,-20434,0,0
16078,-21999,0,0
16079,7,0,0
16080,7879,0,0
16081,-21405,0,0
16082,3865,0,0
16083,-17122,0,0
16084,-10922,0,0
16085,-18738,0,0
16086,-3747,0,0
16087,-17456,0,0
16088,-15555,0,0
16089,-14185,0,0
16090,-15386,0,0
16091,-5923,0,0
16092,-16384,0,0
16093,-1845,0,0
16094,-15560,0,0
16095,8406,0,0
16096,-17910,0,0
16097,1622,0,0
16098,-14895,0,0
16099,-3962,0,0
16100,-12872,0,0
16101,-2466,0,0
16102,-14970,0,0
16103,-17899,0,0
16104,16625,0,0
16105,-14933,0,0
16106,-20597,0,0
16107,-15232,0,0
16108,-7806,0,0
16109,13395,0,0
16110,-6878,0,0
16111,-18482,0,0
16112,-2538,0,0
16113,19872,0,0
16114,-10198,0,0
16115,-12627,0,0
16116,-22919,0,0
16117,-7810,0,0
16118,-10305,0,0
16119,-5340,0,0
16120,1645,0,0
16121,9507,0,0
16122,-7804,0,0
16123,-16031,0,0
16124,1703,0,0
16125,16841,0,0
16126,20354,0,-15000
16127,18609,0,0
16128,-8825,0,0
16129,13606,0,0
16130,14731,0,0
16131,16100,0,0
16132,9873,0,0
16133,3078,0,0
16134,-13057,0,0
16135,20944,0,0
16136,-9248,0,0
16137,12968,0,0
16138,10607,0,0
16139,11210,0,0
16140,-8908,0,0
16141,21297,0,0
16142,12555,0,0
16143,21999,0,0
16144,17233,0,0
16145,7267,0,0
16146,-88,0,0
16147,221,0,0
16148,12464,0,0
16149,21399,0,0
16150,13411,0,0
16151,-5982,0,0
16152,9905,0,0
16153,21814,0,0
16154,20944,0,0
16155,7368,0,0
16156,12662,0,0
16157,-7487,0,0
16158,-357,0,0
16159,11724,0,0
16160,20432,0,0
16161,20150,0,0
16162,18185,0,0
16163,3305,0,0
16164,12402,0,0
16165,14317,0,0
16166,18265,0,0
16167,14658,0,0
16168,9809,0,0
16169,14364,0,0
16170,16306,0,0
16171,5963,0,0
16172,17456,0,0
16173,4520,0,0
16174,12957,0,0
16175,8959,0,0
16176,18853,0,0
16177,-20453,0,0
16178,18942,0,0
16179,17756,0,0
16180,17396,0,0
16181,-7874,0,0
16182,-1872,0,0
16183,13813,0,0
16184,18264,0,0
16185,7619,0,0
16186,-16741,0,0
16187,3334,0,0
16188,16367,0,0
16189,-3945,0,0
16190,-16515,0,0
16191,568,0,0
16192,2779,0,0
16193,23168,0,0
16194,16382,0,0
16195,-569,0,0
16196,16356,0,0
16197,-628,0,0
16198,-14319,0,0
16199,17470,0,0
16200,18270,0,0
16201,-1353,0,0
16202,15879,0,0
16203,20983,0,0
16204,12395,0,0
16205,22474,0,0
16206,14535,0,0
16207,14111,0,0
16208,12761,0,0
16209,11891,0,0
16210,18517,0,0
16211,19478,0,0
16212,-7805,0,0
16213,9107,0,0
16214,19976,0,0
16215,18755,0,0
16216,937,0,0
16217,20158,0,0
16218,22474,0,0
16219,-11911,0,0
16220,13911,0,0
16221,17697,0,0
16222,22828,0,0
16223,-13342,0,0
16224,4047,0,0
16225,18264,0,0
16226,13668,0,0
16227,-137,0,0
16228,-6266,0,0
16229,-17463,0,0
16230,-13225,0,0
16231,-7747,0,0
16232,7459,0,0
16233,16474,0,0
16234,21482,0,0
16235,9942,0,0
16236,19752,0,0
16237,15148,0,0
16238,7991,0,0
16239,13429,0,0
16240,762,0,0
16241,-4903,0,0
16242,8021,0,0
16243,-7850,0,0
16244,22474,0,0
16245,-11420,0,0
16246,1222,0,0
16247,20402,0,0
16248,2302,0,0
16249,21180,0,0
16250,19925,0,0
16251,8866,0,0
16252,338,0,0
16253,9051,0,0
16254,13360,15000,0
16255,14290,0,0
16256,6246,0,0
16257,8444,0,0
16258,20433,0,0
16259,22171,0,0
16260,19451,0,0
16261,13028,0,0
16262,3339,0,0
16263,5465,0,0
16264,11255,0,0
16265,15309,0,0
16266,3529,0,0
16267,20300,0,0
16268,13051,0,0
16269,-1941,0,0
16270,16779,0,0
16271,4817,0,0
16272,16779,0,0
16273,-5387,0,0
16274,15257,0,0
16275,6958,0,0
16276,17219,0,0
16277,-1262,0,0
16278,125,0,0
16279,12960,0,0
16280,-1713,0,0
16281,19893,0,0
16282,17277,0,0
16283,-14753,0,0
16284,-3786,0,0
16285,18075,0,0
16286,8355,0,0
16287,22605,0,0
16288,8890,0,0
16289,-6273,0,0
16290,3144,0,0
16291,9344,0,0
16292,19895,0,0
16293,-7268,0,0
16294,5943,0,0
16295,12581,0,0
16296,699,0,0
16297,-2403,0,0
16298,16269,0,0
16299,-595,0,0
16300,7233,0,0
16301,8265,0,0
16302,15229,0,0
16303,12027,0,0
16304,22474,0,0
16305,-2211,0,0
16306,5076,0,0
16307,18883,0,0
16308,12167,0,0
16309,18555,0,0
16310,20790,0,0
16311,-17129,0,0
16312,4831,0,0
16313,11816,0,0
16314,19680,0,0
16315,-17543,0,0
16316,1136,0,0
16317,6231,0,0
16318,-12677,0,0
16319,7733,0,0
16320,6586,0,0
16321,16768,0,0
16322,2431,0,0
16323,17139,0,0
16324,16863,0,0
16325,16236,0,0
16326,10419,0,0
16327,17595,0,0
16328,22828,0,0
16329,-5009,0,0
16330,4269,0,0
16331,-8510,0,0
16332,-5890,0,0
16333,20032,0,0
16334,21998,0,0
16335,-16339,0,0
16336,21405,0,0
16337,21616,0,0
16338,4426,0,0
16339,9652,0,0
16340,14857,0,0
16341,21747,0,0
16342,-11421,0,0
16343,1491,0,0
16344,816,0,0
16345,14294,0,0
16346,-3415,0,0
16347,7948,0,0
16348,15675,0,0
16349,-3962,0,0
16350,2693,0,0
16351,10382,0,0
16352,17523,0,0
16353,2836,0,0
16354,11916,0,0
16355,-3293,0,0
16356,-131,0,0
16357,-17815,0,0
16358,5928,0,0
16359,7338,0,0
16360,2148,0,0
16361,10910,0,0
16362,16927,0,0
16363,-2197,0,0
16364,16289,0,0
16365,9655,0,0
16366,14634,0,0
16367,4587,0,0
16368,16163,0,0
16369,7740,0,0
16370,16851,0,0
16371,23056,0,0
16372,-5868,0,0
16373,-22919,0,0
16374,-14004,0,0
16375,-12247,0,0
16376,14454,0,0
16377,-11462,0,0
16378,13796,0,0
16379,-7676,0,0
16380,16165,0,0
16381,-5579,0,0
16382,21180,0,-15000
16383,-14191,0,0
16384,-5071,0,0
16385,20944,0,0
16386,17915,0,0
16387,2541,0,0
16388,5075,0,0
16389,19263,0,0
16390,12869,0,0
16391,18265,0,0
16392,18004,0,0
16393,17324,0,0
16394,6462,0,0
16395,-16470,0,0
16396,6762,0,0
16397,14697,0,0
16398,-4406,0,0
16399,16471,0,0
16400,10987,0,0
16401,-18904,0,0
16402,-5890,0,0
16403,12715,0,0
16404,-8339,0,0
16405,909,0,0
16406,-112,0,0
16407,18885,0,0
16408,19032,0,0
16409,6843,0,0
16410,7223,0,0
16411,13680,0,0
16412,17496,0,0
16413,-9887,0,0
16414,-9723,0,0
16415,6265,0,0
16416,15835,0,0
16417,-7873,0,0
16418,11441,0,0
16419,-12324,0,0
16420,7099,0,0
16421,-13908,0,0
16422,9906,0,0
16423,-892,0,0
16424,-9014,0,0
16425,-10418,0,0
16426,6178,0,0
16427,13916,0,0
16428,-14592,0,0
16429,10281,0,0
16430,-2477,0,0
16431,4767,0,0
16432,-7492,0,0
16433,-16780,0,0
16434,-15364,0,0
16435,-17910,0,0
16436,-12473,0,0
16437,-9416,0,0
16438,-5076,0,0
16439,-20159,0,0
16440,-7590,0,0
16441,-7085,0,0
16442,-10121,0,0
16443,3816,0,0
16444,-11420,0,0
16445,-1690,0,0
16446,-11131,0,0
16447,-17696,0,0
16448,-12782,0,0
16449,-14422,0,0
16450,8864,0,0
16451,1007,0,0
16452,-17910,0,0
16453,-2351,0,0
16454,10279,0,0
16455,4590,0,0
16456,-4929,0,0
16457,-17755,0,0
16458,-7904,0,0
16459,-18863,0,0
16460,-3180,0,0
16461,19786,0,0
16462,-11466,0,0
16463,-11912,0,0
16464,1688,0,0
16465,7265,0,0
16466,-22995,0,0
16467,-6556,0,0
16468,-898,0,0
16469,-9457,0,0
16470,-14785,0,0
16471,-5544,0,0
16472,-17041,0,0
16473,-15900,0,0
16474,-23057,0,0
16475,-13814,0,0
16476,-3381,0,0
16477,-10048,0,0
16478,-22172,0,0
16479,-17676,0,0
16480,-8867,0,0
16481,-12858,0,0
16482,-2426,0,0
16483,-11085,0,0
16484,-12927,0,0
16485,-22918,0,0
16486,-4297,0,0
16487,-17068,0,0
16488,-8359,0,0
16489,10489,0,0
16490,-14174,0,0
16491,-17198,0,0
16492,-12828,0,0
16493,-22417,0,0
16494,-16257,0,0
16495,-11273,0,0
16496,-15033,0,0
16497,-18173,0,0
16498,-5629,0,0
16499,8360,0,0
16500,17730,0,0
16501,-16917,0,0
16502,-11368,0,0
16503,-13993,0,0
16504,15311,0,0
16505,-12396,0,0
16506,-21734,0,0
16507,-17864,0,0
16508,-21182,0,0
16509,22170,0,0
16510,-6572,15000,0
16511,4994,0,0
16512,14254,0,0
16513,-1704,0,0
16514,-11784,0,0
16515,1136,0,0
16516,17554,0,0
16517,1950,0,0
16518,-18649,0,0
16519,20851,0,0
16520,-10417,0,0
16521,8338,0,0
16522,-3553,0,0
16523,8787,0,0
16524,12319,0,0
16525,-4580,0,0
16526,-827,0,0
16527,-17910,0,0
16528,-17218,0,0
16529,1563,0,0
16530,1136,0,0
16531,-15522,0,0
16532,16813,0,0
16533,19872,0,0
16534,-10740,0,0
16535,17297,0,0
16536,-1873,0,0
16537,7403,0,0
16538,-4427,0,0
16539,18342,0,0
16540,-2551,0,0
16541,-283,0,0
16542,1763,0,0
16543,-2274,0,0
16544,5484,0,0
16545,8140,0,0
16546,15133,0,0
16547,17250,0,0
16548,-12591,0,0
16549,4500,0,0
16550,-2654,0,0
16551,8467,0,0
16552,11114,0,0
16553,-7252,0,0
16554,9242,0,0
16555,6178,0,0
16556,19718,0,0
16557,20288,0,0
16558,9062,0,0
16559,11740,0,0
16560,10156,0,0
16561,-11912,0,0
16562,9213,0,0
16563,18539,0,0
16564,3563,0,0
16565,2888,0,0
16566,19588,0,0
16567,6089,0,0
16568,13929,0,0
16569,3392,0,0
16570,-5757,0,0
16571,-14779,0,0
16572,2925,0,0
16573,20944,0,0
16574,18986,0,0
16575,18487,0,0
16576,14223,0,0
16577,15366,0,0
16578,11910,0,0
16579,22605,0,0
16580,15960,0,0
16581,13075,0,0
16582,17275,0,0
16583,-12091,0,0
16584,16869,0,0
16585,22852,0,0
16586,2504,0,0
16587,1141,0,0
16588,16181,0,0
16589,-2766,0,0
16590,16311,0,0
16591,22472,0,0
16592,-7021,0,0
16593,-9776,0,0
16594,-19490,0,0
16595,21999,0,0
16596,20944,0,0
16597,15325,0,0
16598,1308,0,0
16599,5344,0,0
16600,22170,0,0
16601,-3714,0,0
16602,22605,0,0
16603,17839,0,0
16604,3961,0,0
16605,14865,0,0
16606,-9213,0,0
16607,-4303,0,0
16608,12425,0,0
16609,-13072,0,0
16610,12535,0,0
16611,16314,0,0
16612,13943,0,0
16613,-1989,0,0
16614,-9201,0,0
16615,8453,0,0
16616,6669,0,0
16617,-6942,0,0
16618,-6293,0,0
16619,-4423,0,0
16620,21181,0,0
16621,5654,0,0
16622,15585,0,0
16623,10333,0,0
16624,-5051,0,0
16625,11672,0,0
16626,10115,0,0
16627,-13954,0,0
16628,-15395,0,0
16629,21069,0,0
16630,3014,0,0
16631,-2732,0,0
16632,-13342,0,0
16633,-6542,0,0
16634,19872,0,0
16635,16350,0,0
16636,11207,0,0
16637,2254,0,-15000
16638,5417,0,0
16639,-15937,0,0
16640,-4004,0,0
16641,6761,0,0
16642,19583,0,0
16643,157,0,0
16644,1924,0,0
16645,2104,0,0
16646,733,0,0
16647,-16289,0,0
16648,-783,0,0
16649,13125,0,0
16650,-13606,0,0
16651,-17350,0,0
16652,-17318,0,0
16653,18942,0,0
16654,-13100,0,0
16655,4307,0,0
16656,6179,0,0
16657,5291,0,0
16658,8338,0,0
16659,13238,0,0
16660,14868,0,0
16661,-11786,0,0
16662,3729,0,0
16663,20672,0,0
16664,-18722,0,0
16665,-2837,0,0
16666,5207,0,0
16667,-1704,0,0
16668,9417,0,0
16669,326,0,0
16670,16531,0,0
16671,21064,0,0
16672,-115,0,0
16673,2836,0,0
16674,18942,0,0
16675,2518,0,0
16676,11066,0,0
16677,11904,0,0
16678,15435,0,0
16679,8866,0,0
16680,-7214,0,0
16681,10921,0,0
16682,17204,0,0
16683,18957,0,0
16684,22917,0,0
16685,9878,0,0
16686,8546,0,0
16687,-2241,0,0
16688,17144,0,0
16689,15113,0,0
16690,8446,0,0
16691,19263,0,0
16692,18962,0,0
16693,2427,0,0
16694,16710,0,0
16695,5966,0,0
16696,-16456,0,0
16697,-4265,0,0
16698,20831,0,0
16699,13838,0,0
16700,15610,0,0
16701,22018,0,0
16702,10630,0,0
16703,22723,0,0
16704,744,0,0
16705,14893,0,0
16706,11574,0,0
16707,22994,0,0
16708,5627,0,0
16709,4148,0,0
16710,15844,0,0
16711,-4488,0,0
16712,15736,0,0
16713,20258,0,0
16714,10936,0,0
16715,-1102,0,0
16716,11156,0,0
16717,23105,0,0
16718,18265,0,0
16719,-6557,0,0
16720,16396,0,0
16721,9196,0,0
16722,11419,0,0
16723,18339,0,0
16724,430,0,0
16725,196,0,0
16726,1870,0,0
16727,6120,0,0
16728,1552,0,0
16729,1841,0,0
16730,6178,0,0
16731,20158,0,0
16732,12662,0,0
16733,-2012,0,0
16734,22723,0,0
16735,18459,0,0
16736,21652,0,0
16737,4421,0,0
16738,2836,0,0
16739,17127,0,0
16740,6753,0,0
16741,-7010,0,0
16742,-2476,0,0
16743,16949,0,0
16744,23161,0,0
16745,-866,0,0
16746,14772,0,0
16747,-7614,0,0
16748,19016,0,0
16749,16233,0,0
16750,-510,0,0
16751,17167,0,0
16752,15185,0,0
16753,15757,0,0
16754,1620,0,0
16755,15133,0,0
16756,6011,0,0
16757,8966,0,0
16758,20976,0,0
16759,13709,0,0
16760,4001,0,0
16761,1723,0,0
16762,16221,0,0
16763,12871,0,0
16764,15735,0,0
16765,718,15000,0
16766,19857,0,0
16767,14107,0,0
16768,22329,0,0
16769,-3243,0,0
16770,-10030,0,0
16771,4547,0,0
16772,18116,0,0
16773,12860,0,0
16774,20419,0,0
16775,8502,0,0
16776,4943,0,0
16777,21131,0,0
16778,2340,0,0
16779,5630,0,0
16780,2168,0,0
16781,22983,0,0
16782,13068,0,0
16783,23140,0,0
16784,7544,0,0
16785,11108,0,0
16786,16382,0,0
16787,10915,0,0
16788,15976,0,0
16789,5683,0,0
16790,15948,0,0
16791,23105,0,0
16792,14654,0,0
16793,4430,0,0
16794,17534,0,0
16795,22605,0,0
16796,15267,0,0
16797,22171,0,0
16798,-9551,0,0
16799,-14628,0,0
16800,7804,0,0
16801,-1822,0,0
16802,19279,0,0
16803,19574,0,0
16804,22828,0,0
16805,13801,0,0
16806,-6667,0,0
16807,17360,0,0
16808,7127,0,0
16809,16382,0,0
16810,10983,0,0
16811,17909,0,0
16812,-2837,0,0
16813,3703,0,0
16814,12576,0,0
16815,10,0,0
16816,7700,0,0
16817,6628,0,0
16818,21616,0,0
16819,8338,0,0
16820,2004,0,0
16821,8848,0,0
16822,3019,0,0
16823,22329,0,0
16824,6902,0,0
16825,22605,0,0
16826,-12396,0,0
16827,22723,0,0
16828,-4398,0,0
16829,7197,0,0
16830,851,0,0
16831,22917,0,0
16832,-13802,0,0
16833,-17739,0,0
16834,3365,0,0
16835,15100,0,0
16836,-1333,0,0
16837,23056,0,0
16838,17909,0,0
16839,15926,0,0
16840,9558,0,0
16841,-2171,0,0
16842,8297,0,0
16843,2469,0,0
16844,9396,0,0
16845,-14529,0,0
16846,16779,0,0
16847,18956,0,0
16848,-440,0,0
16849,9946,0,0
16850,15976,0,0
16851,4595,0,0
16852,9003,0,0
16853,10848,0,0
16854,-841,0,0
16855,-2709,0,0
16856,6369,0,0
16857,3559,0,0
16858,16397,0,0
16859,4323,0,0
16860,4335,0,0
16861,15907,0,0
16862,13237,0,0
16863,-5630,0,0
16864,4251,0,0
16865,2674,0,0
16866,16208,0,0
16867,8805,0,0
16868,13967,0,0
16869,13938,0,0
16870,13877,0,0
16871,-2121,0,0
16872,15200,0,0
16873,4722,0,0
16874,-7999,0,0
16875,-10417,0,0
16876,14364,0,0
16877,-8543,0,0
16878,14897,0,0
16879,-16101,0,0
16880,-1150,0,0
16881,10197,0,0
16882,-2837,0,0
16883,11239,0,0
16884,2121,0,0
16885,-868,0,0
16886,-14371,0,0
16887,15996,0,0
16888,-5319,0,0
16889,-16294,0,0
16890,10362,0,0
16891,-16276,0,0
16892,-829,0,0
16893,-14849,0,-15000
16894,2917,0,0
16895,-17313,0,0
16896,-22724,0,0
16897,19574,0,0
16898,10599,0,0
16899,-20159,0,0
16900,8669,0,0
16901,14904,0,0
16902,-1021,0,0
16903,-16410,0,0
16904,-2687,0,0
16905,-7805,0,0
16906,1251,0,0
16907,5789,0,0
16908,-19820,0,0
16909,7651,0,0
16910,13402,0,0
16911,-247,0,0
16912,-9524,0,0
16913,1147,0,0
16914,251,0,0
16915,-10649,0,0
16916,15745,0,0
16917,1974,0,0
16918,8628,0,0
16919,-22724,0,0
16920,-7152,0,0
16921,8555,0,0
16922,-1812,0,0
16923,14795,0,0
16924,5081,0,0
16925,8004,0,0
16926,7926,0,0
16927,-17880,0,0
16928,-14040,0,0
16929,15133,0,0
16930,-6868,0,0
16931,16779,0,0
16932,-21080,0,0
16933,-14746,0,0
16934,3960,0,0
16935,-12396,0,0
16936,22329,0,0
16937,-10417,0,0
16938,11772,0,0
16939,21616,0,0
16940,19319,0,0
16941,20257,0,0
16942,-19873,0,0
16943,-4520,0,0
16944,4107,0,0
16945,22851,0,0
16946,17542,0,0
16947,7017,0,0
16948,11868,0,0
16949,4065,0,0
16950,17167,0,0
16951,-3632,0,0
16952,17943,0,0
16953,7387,0,0
16954,15362,0,0
16955,16437,0,0
16956,19226,0,0
16957,13585,0,0
16958,4738,0,0
16959,16731,0,0
16960,9234,0,0
16961,21042,0,0
16962,3976,0,0
16963,14913,0,0
16964,19295,0,0
16965,-5285,0,0
16966,11229,0,0
16967,11420,0,0
16968,6032,0,0
16969,7705,0,0
16970,22827,0,0
16971,14218,0,0
16972,-2837,0,0
16973,14698,0,0
16974,23057,0,0
16975,3212,0,0
16976,12402,0,0
16977,16132,0,0
16978,2332,0,0
16979,16382,0,0
16980,17643,0,0
16981,7876,0,0
16982,16111,0,0
16983,2480,0,0
16984,14657,0,0
16985,16910,0,0
16986,-10265,0,0
16987,6245,0,0
16988,2427,0,0
16989,17909,0,0
16990,16785,0,0
16991,15474,0,0
16992,4182,0,0
16993,-13673,0,0
16994,3964,0,0
16995,-4867,0,0
16996,10313,0,0
16997,6849,0,0
16998,17904,0,0
16999,19574,0,0
17000,10717,0,0
17001,19872,0,0
17002,12282,0,0
17003,-18979,0,0
17004,6000,0,0
17005,12429,0,0
17006,4229,0,0
17007,4591,0,0
17008,19827,0,0
17009,18548,0,0
17010,-11585,0,0
17011,20359,0,0
17012,-11750,0,0
17013,7398,0,0
17014,4662,0,0
17015,8866,0,0
17016,12655,0,0
17017,-276,0,0
17018,9905,0,0
17019,21814,0,0
17020,20694,0,0
17021,10651,15000,0
17022,17265,0,0
17023,-6180,0,0
17024,14869,0,0
17025,2773,0,0
17026,-14114,0,0
17027,-13993,0,0
17028,16226,0,0
17029,-13151,0,0
17030,-7829,0,0
17031,-7766,0,0
17032,18424,0,0
17033,-2837,0,0
17034,4738,0,0
17035,18657,0,0
17036,14698,0,0
17037,22229,0,0
17038,14698,0,0
17039,4721,0,0
17040,8107,0,0
17041,9805,0,0
17042,15133,0,0
17043,8314,0,0
17044,11904,0,0
17045,-16588,0,0
17046,16329,0,0
17047,10796,0,0
17048,16382,0,0
17049,1885,0,0
17050,16111,0,0
17051,23140,0,0
17052,-3189,0,0
17053,-13903,0,0
17054,11895,0,0
17055,7787,0,0
17056,3134,0,0
17057,1354,0,0
17058,17084,0,0
17059,15010,0,0
17060,8417,0,0
17061,14931,0,0
17062,7010,0,0
17063,10182,0,0
17064,-11738,0,0
17065,4259,0,0
17066,-12208,0,0
17067,-3764,0,0
17068,885,0,0
17069,19452,0,0
17070,21363,0,0
17071,4598,0,0
17072,-4553,0,0
17073,20694,0,0
17074,6788,0,0
17075,13633,0,0
17076,6923,0,0
17077,493,0,0
17078,22605,0,0
17079,12871,0,0
17080,22201,0,0
17081,-750,0,0
17082,-8463,0,0
17083,13801,0,0
17084,22918,0,0
17085,13821,0,0
17086,1597,0,0
17087,14982,0,0
17088,9848,0,0
17089,14697,0,0
17090,8735,0,0
17091,14698,0,0
17092,18560,0,0
17093,16271,0,0
17094,6962,0,0
17095,1349,0,0
17096,12941,0,0
17097,16210,0,0
17098,13691,0,0
17099,7877,0,0
17100,7092,0,0
17101,-183,0,0
17102,-4415,0,0
17103,7454,0,0
17104,11004,0,0
17105,-5091,0,0
17106,21065,0,0
17107,-4378,0,0
17108,-12471,0,0
17109,13060,0,0
17110,4430,0,0
17111,2914,0,0
17112,-12956,0,0
17113,15611,0,0
17114,2363,0,0
17115,16257,0,0
17116,5076,0,0
17117,11618,0,0
17118,5908,0,0
17119,-3153,0,0
17120,568,0,0
17121,15607,0,0
17122,13088,0,0
17123,15978,0,0
17124,1370,0,0
17125,5652,0,0
17126,1405,0,0
17127,-5796,0,0
17128,16805,0,0
17129,6958,0,0
17130,-2709,0,0
17131,16997,0,0
17132,-4298,0,0
17133,1882,0,0
17134,9697,0,0
17135,-10418,0,0
17136,9486,0,0
17137,-17537,0,0
17138,-6510,0,0
17139,-9389,0,0
17140,-321,0,0
17141,2554,0,0
17142,8599,0,0
17143,19959,0,0
17144,12644,0,0
17145,10622,0,0
17146,17994,0,0
17147,13725,0,0
17148,21814,0,0
17149,-324,0,-15000
17150,-400,0,0
17151,20388,0,0
17152,-7806,0,0
17153,-5042,0,0
17154,15578,0,0
17155,20694,0,0
17156,7268,0,0
17157,14320,0,0
17158,1608,0,0
17159,1740,0,0
17160,184,0,0
17161,-5010,0,0
17162,8305,0,0
17163,-305,0,0
17164,2149,0,0
17165,-18468,0,0
17166,4249,0,0
17167,-13513,0,0
17168,8337,0,0
17169,-9243,0,0
17170,-20622,0,0
17171,21181,0,0
17172,-20881,0,0
17173,3306,0,0
17174,-21617,0,0
17175,1422,0,0
17176,701,0,0
17177,729,0,0
17178,9502,0,0
17179,-14710,0,0
17180,2769,0,0
17181,2917,0,0
17182,2976,0,0
17183,9481,0,0
17184,-5405,0,0
17185,2671,0,0
17186,13983,0,0
17187,-6458,0,0
17188,14254,0,0
17189,-5139,0,0
17190,-17592,0,0
17191,15411,0,0
17192,15559,0,0
17193,18209,0,0
17194,2394,0,0
17195,-8638,0,0
17196,-9313,0,0
17197,-8610,0,0
17198,-16859,0,0
17199,8551,0,0
17200,5060,0,0
17201,9226,0,0
17202,-2496,0,0
17203,5565,0,0
17204,15494,0,0
17205,-1990,0,0
17206,-2177,0,0
17207,10595,0,0
17208,13854,0,0
17209,-547,0,0
17210,8262,0,0
17211,-8311,0,0
17212,-14679,0,0
17213,2270,0,0
17214,-13655,0,0
17215,10584,0,0
17216,11214,0,0
17217,14461,0,0
17218,-14698,0,0
17219,-12184,0,0
17220,16844,0,0
17221,438,0,0
17222,1063,0,0
17223,-18820,0,0
17224,-15011,0,0
17225,-6916,0,0
17226,-8514,0,0
17227,-512,0,0
17228,18265,0,0
17229,-22295,0,0
17230,-16073,0,0
17231,-6516,0,0
17232,4517,0,0
17233,-11199,0,0
17234,9994,0,0
17235,3659,0,0
17236,3260,0,0
17237,-10199,0,0
17238,-16546,0,0
17239,-686,0,0
17240,-12872,0,0
17241,-5710,0,0
17242,5953,0,0
17243,4520,0,0
17244,9655,0,0
17245,-7037,0,0
17246,-11912,0,0
17247,-4629,0,0
17248,-13983,0,0
17249,-15085,0,0
17250,-11911,0,0
17251,-6835,0,0
17252,-6057,0,0
17253,-9740,0,0
17254,-12396,0,0
17255,-10704,0,0
17256,-14276,0,0
17257,4520,0,0
17258,-14039,0,0
17259,-22724,0,0
17260,5342,0,0
17261,-15850,0,0
17262,-15523,0,0
17263,-3829,0,0
17264,-15366,0,0
17265,-16133,0,0
17266,-1313,0,0
17267,6726,0,0
17268,13716,0,0
17269,-1162,0,0
17270,-12974,0,0
17271,-857,0,0
17272,-9603,0,0
17273,-13009,0,0
17274,-8518,0,0
17275,-12128,0,0
17276,-7806,0,0
17277,-8980,15000,0
17278,-16247,0,0
17279,-8411,0,0
17280,-4878,0,0
17281,-20695,0,0
17282,11731,0,0
17283,-15861,0,0
17284,-10680,0,0
17285,-9535,0,0
17286,-7212,0,0
17287,-16736,0,0
17288,-6180,0,0
17289,-3482,0,0
17290,-542,0,0
17291,-2540,0,0
17292,21494,0,0
17293,17018,0,0
17294,-700,0,0
17295,-15493,0,0
17296,-13893,0,0
17297,-7915,0,0
17298,17051,0,0
17299,-5650,0,0
17300,-9459,0,0
17301,-14863,0,0
17302,-5014,0,0
17303,-22606,0,0
17304,19573,0,0
17305,-10875,0,0
17306,-10175,0,0
17307,-253,0,0
17308,-15282,0,0
17309,-11093,0,0
17310,-13802,0,0
17311,-641,0,0
17312,-13743,0,0
17313,-95,0,0
17314,-17087,0,0
17315,2229,0,0
17316,-10046,0,0
17317,-23141,0,0
17318,-16765,0,0
17319,-23142,0,0
17320,-16075,0,0
17321,-11042,0,0
17322,16492,0,0
17323,-5297,0,0
17324,-16780,0,0
17325,2519,0,0
17326,8931,0,0
17327,-23170,0,0
17328,-16482,0,0
17329,-23141,0,0
17330,-2383,0,0
17331,-17958,0,0
17332,-14698,0,0
17333,-3931,0,0
17334,-16817,0,0
17335,-14961,0,0
17336,-7781,0,0
17337,1917,0,0
17338,453,0,0
17339,-746,0,0
17340,-6944,0,0
17341,-17459,0,0
17342,-12396,0,0
17343,-1667,0,0
17344,-12384,0,0
17345,-14023,0,0
17346,3774,0,0
17347,12298,0,0
17348,-10417,0,0
17349,8193,0,0
17350,6904,0,0
17351,-8962,0,0
17352,1716,0,0
17353,-3544,0,0
17354,-2528,0,0
17355,-15836,0,0
17356,7423,0,0
17357,-21405,0,0
17358,-8339,0,0
17359,9388,0,0
17360,5746,0,0
17361,9905,0,0
17362,5985,0,0
17363,-20695,0,0
17364,-12130,0,0
17365,-7302,0,0
17366,-6347,0,0
17367,1341,0,0
17368,22605,0,0
17369,-17680,0,0
17370,2827,0,0
17371,9357,0,0
17372,9608,0,0
17373,-5543,0,0
17374,15797,0,0
17375,14805,0,0
17376,8955,0,0
17377,15559,0,0
17378,177,0,0
17379,-6617,0,0
17380,14001,0,0
17381,16383,0,0
17382,-12398,0,0
17383,15380,0,0
17384,-1908,0,0
17385,1494,0,0
17386,15609,0,0
17387,-9809,0,0
17388,17699,0,0
17389,-1853,0,0
17390,13891,0,0
17391,-2708,0,0
17392,-22683,0,0
17393,12829,0,0
17394,4988,0,0
17395,15593,0,0
17396,5144,0,0
17397,11087,0,0
17398,6495,0,0
17399,-14744,0,0
17400,-2516,0,0
17401,13869,0,0
17402,-16731,0,0
17403,12395,0,0
17404,-21679,0,0
17405,13334,0,-15000
17406,222,0,0
17407,-13746,0,0
17408,21998,0,0
17409,-13695,0,0
17410,-6662,0,0
17411,8866,0,0
17412,10839,0,0
17413,7781,0,0
17414,14781,0,0
17415,14863,0,0
17416,10076,0,0
17417,22329,0,0
17418,-11124,0,0
17419,22474,0,0
17420,-1185,0,0
17421,19510,0,0
17422,16837,0,0
17423,22605,0,0
17424,3652,0,0
17425,8241,0,0
17426,15003,0,0
17427,8140,0,0
17428,18750,0,0
17429,-603,0,0
17430,17925,0,0
17431,7976,0,0
17432,6846,0,0
17433,7387,0,0
17434,18385,0,0
17435,-6708,0,0
17436,13730,0,0
17437,16973,0,0
17438,19574,0,0
17439,-3980,0,0
17440,8345,0,0
17441,6434,0,0
17442,18942,0,0
17443,15309,0,0
17444,16615,0,0
17445,22828,0,0
17446,18942,0,0
17447,3960,0,0
17448,5735,0,0
17449,7104,0,0
17450,11916,0,0
17451,5076,0,0
17452,16879,0,0
17453,10357,0,0
17454,20433,0,0
17455,11953,0,0
17456,-434,0,0
17457,12434,0,0
17458,1141,0,0
17459,-8867,0,0
17460,15055,0,0
17461,996,0,0
17462,8108,0,0
17463,19424,0,0
17464,21267,0,0
17465,14682,0,0
17466,-4873,0,0
17467,12871,0,0
17468,18676,0,0
17469,4992,0,0
17470,-4013,0,0
17471,-7275,0,0
17472,8040,0,0
17473,-15560,0,0
17474,12333,0,0
17475,16383,0,0
17476,10755,0,0
17477,1540,0,0
17478,-4211,0,0
17479,15744,0,0
17480,-782,0,0
17481,8633,0,0
17482,9242,0,0
17483,-19111,0,0
17484,18991,0,0
17485,-1813,0,0
17486,18890,0,0
17487,-6708,0,0
17488,3517,0,0
17489,-4175,0,0
17490,19487,0,0
17491,14128,0,0
17492,-6850,0,0
17493,5966,0,0
17494,10502,0,0
17495,1993,0,0
17496,6082,0,0
17497,21814,0,0
17498,7261,0,0
17499,-9480,0,0
17500,11420,0,0
17501,22474,0,0
17502,13481,0,0
17503,6012,0,0
17504,14401,0,0
17505,-6795,0,0
17506,16479,0,0
17507,-37,0,0
17508,15673,0,0
17509,13224,0,0
17510,13801,0,0
17511,9483,0,0
17512,8447,0,0
17513,21985,0,0
17514,-13321,0,0
17515,-10128,0,0
17516,15580,0,0
17517,6756,0,0
17518,13117,0,0
17519,16682,0,0
17520,4288,0,0
17521,19689,0,0
17522,13233,0,0
17523,13069,0,0
17524,16450,0,0
17525,0,0,0
17526,16382,0,0
17527,21101,0,0
17528,-683,0,0
17529,4118,0,0
17530,17909,0,0
17531,2836,0,0
17532,18609,0,0
17533,14403,15000,0
17534,16824,0,0
17535,-11933,0,0
17536,16936,0,0
17537,10883,0,0
17538,17444,0,0
17539,22171,0,0
17540,-14623,0,0
17541,2651,0,0
17542,6973,0,0
17543,17231,0,0
17544,21180,0,0
17545,7525,0,0
17546,10748,0,0
17547,-12604,0,0
17548,19874,0,0
17549,16466,0,0
17550,16698,0,0
17551,15121,0,0
17552,10492,0,0
17553,16579,0,0
17554,6063,0,0
17555,16811,0,0
17556,16313,0,0
17557,15187,0,0
17558,7438,0,0
17559,20087,0,0
17560,-19245,0,0
17561,673,0,0
17562,13838,0,0
17563,13835,0,0
17564,8079,0,0
17565,17142,0,0
17566,17396,0,0
17567,15956,0,0
17568,22474,0,0
17569,628,0,0
17570,11427,0,0
17571,9951,0,0
17572,813,0,0
17573,15017,0,0
17574,2417,0,0
17575,14907,0,0
17576,-6942,0,0
17577,14840,0,0
17578,14235,0,0
17579,13801,0,0
17580,21939,0,0
17581,12292,0,0
17582,1168,0,0
17583,-12050,0,0
17584,9864,0,0
17585,1398,0,0
17586,-8872,0,0
17587,9658,0,0
17588,13448,0,0
17589,15133,0,0
17590,23105,0,0
17591,15133,0,0
17592,1131,0,0
17593,198,0,0
17594,-11683,0,0
17595,16255,0,0
17596,-6610,0,0
17597,16115,0,0
17598,12253,0,0
17599,16341,0,0
17600,1312,0,0
17601,8363,0,0
17602,4230,0,0
17603,16181,0,0
17604,13954,0,0
17605,12262,0,0
17606,-847,0,0
17607,1447,0,0
17608,5242,0,0
17609,-16383,0,0
17610,-1204,0,0
17611,13540,0,0
17612,-5890,0,0
17613,16382,0,0
17614,9080,0,0
17615,16779,0,0
17616,-8340,0,0
17617,-15560,0,0
17618,11560,0,0
17619,8800,0,0
17620,10498,0,0
17621,17047,0,0
17622,1568,0,0
17623,-5023,0,0
17624,9039,0,0
17625,747,0,0
17626,-19093,0,0
17627,8229,0,0
17628,2188,0,0
17629,-18657,0,0
17630,8386,0,0
17631,4382,0,0
17632,3059,0,0
17633,10620,0,0
17634,22171,0,0
17635,20694,0,0
17636,8337,0,0
17637,8333,0,0
17638,10510,0,0
17639,-1981,0,0
17640,15229,0,0
17641,-507,0,0
17642,-191,0,0
17643,20943,0,0
17644,-13967,0,0
17645,738,0,0
17646,-10270,0,0
17647,-7847,0,0
17648,5874,0,0
17649,13085,0,0
17650,13188,0,0
17651,-4356,0,0
17652,13295,0,0
17653,2701,0,0
17654,13982,0,0
17655,-12242,0,0
17656,5376,0,0
17657,2500,0,0
17658,-15532,0,0
17659,-17131,0,0
17660,15949,0,0
17661,23161,0,-15000
17662,2767,0,0
17663,-6196,0,0
17664,-8371,0,0
17665,13900,0,0
17666,19264,0,0
17667,-13441,0,0
17668,17526,0,0
17669,22170,0,0
17670,1275,0,0
17671,-20245,0,0
17672,14334,0,0
17673,12805,0,0
17674,-7060,0,0
17675,16762,0,0
17676,12051,0,0
17677,12871,0,0
17678,22917,0,0
17679,14254,0,0
17680,-2857,0,0
17681,10233,0,0
17682,10457,0,0
17683,12356,0,0
17684,-1,0,0
17685,16157,0,0
17686,15156,0,0
17687,17543,0,0
17688,8062,0,0
17689,14509,0,0
17690,9230,0,0
17691,-8686,0,0
17692,12471,0,0
17693,11737,0,0
17694,4714,0,0
17695,418,0,0
17696,16320,0,0
17697,-17490,0,0
17698,20646,0,0
17699,-4296,0,0
17700,6179,0,0
17701,20877,0,0
17702,4045,0,0
17703,-18273,0,0
17704,10921,0,0
17705,12004,0,0
17706,19872,0,0
17707,-19089,0,0
17708,6230,0,0
17709,12809,0,0
17710,15987,0,0
17711,23057,0,0
17712,10373,0,0
17713,4572,0,0
17714,16237,0,0
17715,2077,0,0
17716,-5980,0,0
17717,22589,0,0
17718,2842,0,0
17719,16120,0,0
17720,3142,0,0
17721,20086,0,0
17722,-15608,0,0
17723,-12571,0,0
17724,10032,0,0
17725,6620,0,0
17726,10417,0,0
17727,14150,0,0
17728,10,0,0
17729,13955,0,0
17730,12540,0,0
17731,-15939,0,0
17732,9875,0,0
17733,13432,0,0
17734,10403,0,0
17735,4224,0,0
17736,12483,0,0
17737,-7396,0,0
17738,3896,0,0
17739,12564,0,0
17740,15956,0,0
17741,12623,0,0
17742,-4520,0,0
17743,-1052,0,0
17744,-2717,0,0
17745,7025,0,0
17746,-6820,0,0
17747,16097,0,0
17748,9551,0,0
17749,13801,0,0
17750,4417,0,0
17751,14868,0,0
17752,13171,0,0
17753,-4057,0,0
17754,-2193,0,0
17755,18264,0,0
17756,-12193,0,0
17757,-3952,0,0
17758,19508,0,0
17759,1028,0,0
17760,5319,0,0
17761,16624,0,0
17762,-5682,0,0
17763,-4005,0,0
17764,-11562,0,0
17765,-4493,0,0
17766,22565,0,0
17767,-3321,0,0
17768,15068,0,0
17769,16779,0,0
17770,15299,0,0
17771,15559,0,0
17772,-4131,0,0
17773,8477,0,0
17774,22994,0,0
17775,13801,0,0
17776,17531,0,0
17777,8680,0,0
17778,-2947,0,0
17779,7238,0,0
17780,12713,0,0
17781,-6315,0,0
17782,19448,0,0
17783,6618,0,0
17784,-2507,0,0
17785,18630,0,0
17786,21814,0,0
17787,-3224,0,0
17788,21405,0,0
17789,16684,15000,0
17790,18468,0,0
17791,13764,0,0
17792,11209,0,0
17793,1193,0,0
17794,13340,0,0
17795,11064,0,0
17796,15683,0,0
17797,5880,0,0
17798,16383,0,0
17799,7608,0,0
17800,15688,0,0
17801,9547,0,0
17802,17203,0,0
17803,15352,0,0
17804,8506,0,0
17805,2228,0,0
17806,15087,0,0
17807,75,0,0
17808,18726,0,0
17809,8190,0,0
17810,15925,0,0
17811,21181,0,0
17812,-2472,0,0
17813,16458,0,0
17814,13442,0,0
17815,10989,0,0
17816,1688,0,0
17817,13117,0,0
17818,22994,0,0
17819,9255,0,0
17820,18130,0,0
17821,16536,0,0
17822,-569,0,0
17823,16325,0,0
17824,-7124,0,0
17825,14090,0,0
17826,-12090,0,0
17827,-18400,0,0
17828,17545,0,0
17829,10988,0,0
17830,21180,0,0
17831,-4138,0,0
17832,-7457,0,0
17833,-3587,0,0
17834,17500,0,0
17835,525,0,0
17836,16245,0,0
17837,1136,0,0
17838,16382,0,0
17839,-8383,0,0
17840,-17544,0,0
17841,21082,0,0
17842,4142,0,0
17843,4717,0,0
17844,2974,0,0
17845,4241,0,0
17846,-1682,0,0
17847,208,0,0
17848,-6087,0,0
17849,1340,0,0
17850,3406,0,0
17851,18964,0,0
17852,6725,0,0
17853,-1664,0,0
17854,13585,0,0
17855,-5965,0,0
17856,5629,0,0
17857,16277,0,0
17858,704,0,0
17859,-6989,0,0
17860,-12947,0,0
17861,-5708,0,0
17862,16756,0,0
17863,-15397,0,0
17864,7636,0,0
17865,-14698,0,0
17866,21116,0,0
17867,15895,0,0
17868,-2825,0,0
17869,11396,0,0
17870,2023,0,0
17871,-15765,0,0
17872,8325,0,0
17873,3784,0,0
17874,-1775,0,0
17875,3792,0,0
17876,-9311,0,0
17877,-9774,0,0
17878,-4521,0,0
17879,6784,0,0
17880,-5461,0,0
17881,-6153,0,0
17882,5254,0,0
17883,3624,0,0
17884,3765,0,0
17885,7804,0,0
17886,-12759,0,0
17887,-12173,0,0
17888,-4244,0,0
17889,2620,0,0
17890,-3422,0,0
17891,3399,0,0
17892,-14699,0,0
17893,4001,0,0
17894,-11576,0,0
17895,-5447,0,0
17896,2022,0,0
17897,9050,0,0
17898,15611,0,0
17899,-3469,0,0
17900,-9557,0,0
17901,-5220,0,0
17902,-18943,0,0
17903,-2235,0,0
17904,-9581,0,0
17905,-2724,0,0
17906,-44,0,0
17907,-18518,0,0
17908,20432,0,0
17909,7982,0,0
17910,-10634,0,0
17911,-7627,0,0
17912,4853,0,0
17913,-11498,0,0
17914,17511,0,0
17915,-12460,0,0
17916,-7806,0,0
17917,10416,0,-15000
17918,-20398,0,0
17919,5772,0,0
17920,7482,0,0
17921,-17345,0,0
17922,-22724,0,0
17923,-2391,0,0
17924,-7973,0,0
17925,14254,0,0
17926,-2290,0,0
17927,-16693,0,0
17928,-6805,0,0
17929,-16770,0,0
17930,-1167,0,0
17931,16518,0,0
17932,1136,0,0
17933,17542,0,0
17934,2270,0,0
17935,12714,0,0
17936,3048,0,0
17937,5595,0,0
17938,5629,0,0
17939,3828,0,0
17940,-2899,0,0
17941,20870,0,0
17942,-1032,0,0
17943,-802,0,0
17944,20694,0,0
17945,5816,0,0
17946,11419,0,0
17947,9282,0,0
17948,12871,0,0
17949,-2408,0,0
17950,5110,0,0
17951,-2837,0,0
17952,11496,0,0
17953,6302,0,0
17954,16859,0,0
17955,-569,0,0
17956,7643,0,0
17957,3018,0,0
17958,10927,0,0
17959,15112,0,0
17960,-17455,0,0
17961,15591,0,0
17962,-14907,0,0
17963,7933,0,0
17964,5015,0,0
17965,-12983,0,0
17966,19574,0,0
17967,8706,0,0
17968,19580,0,0
17969,16400,0,0
17970,-7047,0,0
17971,13251,0,0
17972,5153,0,0
17973,5092,0,0
17974,-10661,0,0
17975,6722,0,0
17976,-5268,0,0
17977,10542,0,0
17978,15780,0,0
17979,20694,0,0
17980,22170,0,0
17981,-11995,0,0
17982,-13053,0,0
17983,17674,0,0
17984,-15790,0,0
17985,-7453,0,0
17986,12724,0,0
17987,14962,0,0
17988,-1144,0,0
17989,4006,0,0
17990,14426,0,0
17991,16467,0,0
17992,22508,0,0
17993,16779,0,0
17994,14064,0,0
17995,17390,0,0
17996,19807,0,0
17997,17909,0,0
17998,17904,0,0
17999,-14006,0,0
18000,6512,0,0
18001,16421,0,0
18002,8758,0,0
18003,14432,0,0
18004,10830,0,0
18005,19264,0,0
18006,-2738,0,0
18007,18391,0,0
18008,-18085,0,0
18009,4465,0,0
18010,22329,0,0
18011,16400,0,0
18012,-8538,0,0
18013,20694,0,0
18014,-8189,0,0
18015,8186,0,0
18016,11727,0,0
18017,15522,0,0
18018,2816,0,0
18019,21616,0,0
18020,9906,0,0
18021,-7935,0,0
18022,4973,0,0
18023,-11728,0,0
18024,13568,0,0
18025,-6180,0,0
18026,17700,0,0
18027,10554,0,0
18028,15232,0,0
18029,19719,0,0
18030,14664,0,0
18031,2664,0,0
18032,17969,0,0
18033,17787,0,0
18034,13340,0,0
18035,234,0,0
18036,9480,0,0
18037,-199,0,0
18038,-9551,0,0
18039,19764,0,0
18040,14989,0,0
18041,-3080,0,0
18042,15879,0,0
18043,-5092,0,0
18044,-2598,0,0
18045,-6935,15000,0
18046,-16778,0,0
18047,14808,0,0
18048,-16156,0,0
18049,9135,0,0
18050,16749,0,0
18051,-12079,0,0
18052,-16554,0,0
18053,-569,0,0
18054,15976,0,0
18055,-396,0,0
18056,-16780,0,0
18057,15004,0,0
18058,15975,0,0
18059,-4342,0,0
18060,16170,0,0
18061,22200,0,0
18062,14444,0,0
18063,14443,0,0
18064,14697,0,0
18065,6650,0,0
18066,16696,0,0
18067,12739,0,0
18068,2578,0,0
18069,13874,0,0
18070,13801,0,0
18071,-14542,0,0
18072,13801,0,0
18073,-13083,0,0
18074,-6246,0,0
18075,-3400,0,0
18076,7485,0,0
18077,-8190,0,0
18078,1620,0,0
18079,19870,0,0
18080,13710,0,0
18081,13216,0,0
18082,16040,0,0
18083,3996,0,0
18084,12123,0,0
18085,-15327,0,0
18086,14042,0,0
18087,5643,0,0
18088,-3168,0,0
18089,-3962,0,0
18090,-4036,0,0
18091,-3961,0,0
18092,3602,0,0
18093,17768,0,0
18094,12395,0,0
18095,-5630,0,0
18096,-17193,0,0
18097,-11991,0,0
18098,-20434,0,0
18099,-2055,0,0
18100,-10117,0,0
18101,4439,0,0
18102,-2060,0,0
18103,-8873,0,0
18104,7731,0,0
18105,-11403,0,0
18106,-19736,0,0
18107,4199,0,0
18108,-21405,0,0
18109,-8867,0,0
18110,-17068,0,0
18111,-5439,0,0
18112,-542,0,0
18113,-9907,0,0
18114,-21220,0,0
18115,-15756,0,0
18116,-8799,0,0
18117,-8243,0,0
18118,6179,0,0
18119,-10227,0,0
18120,-17609,0,0
18121,-3930,0,0
18122,13763,0,0
18123,-1117,0,0
18124,-2394,0,0
18125,-1909,0,0
18126,1547,0,0
18127,-14316,0,0
18128,-18206,0,0
18129,2529,0,0
18130,-6903,0,0
18131,15893,0,0
18132,-11574,0,0
18133,-19264,0,0
18134,10129,0,0
18135,4539,0,0
18136,9674,0,0
18137,-11608,0,0
18138,7339,0,0
18139,-4793,0,0
18140,-12228,0,0
18141,-13245,0,0
18142,-5201,0,0
18143,-11787,0,0
18144,-3691,0,0
18145,-6960,0,0
18146,-14275,0,0
18147,-15995,0,0
18148,-2485,0,0
18149,-16475,0,0
18150,-16672,0,0
18151,-8699,0,0
18152,-22762,0,0
18153,-15134,0,0
18154,-7515,0,0
18155,-15134,0,0
18156,-5631,0,0
18157,-17334,0,0
18158,-23141,0,0
18159,-15767,0,0
18160,12515,0,0
18161,-8043,0,0
18162,5676,0,0
18163,8099,0,0
18164,-386,0,0
18165,-15856,0,0
18166,-23106,0,0
18167,-16186,0,0
18168,5080,0,0
18169,12026,0,0
18170,-8657,0,0
18171,380,0,0
18172,2850,0,0
18173,17322,0,-15000
18174,-2783,0,0
18175,-17910,0,0
18176,4080,0,0
18177,15947,0,0
18178,-296,0,0
18179,17505,0,0
18180,15750,0,0
18181,6139,0,0
18182,14398,0,0
18183,16601,0,0
18184,-1472,0,0
18185,15241,0,0
18186,15814,0,0
18187,-379,0,0
18188,1001,0,0
18189,17543,0,0
18190,21945,0,0
18191,17543,0,0
18192,1703,0,0
18193,17909,0,0
18194,1633,0,0
18195,17319,0,0
18196,-1379,0,0
18197,-4880,0,0
18198,5910,0,0
18199,-13802,0,0
18200,13887,0,0
18201,-13342,0,0
18202,7204,0,0
18203,-3654,0,0
18204,13478,0,0
18205,19264,0,0
18206,-15409,0,0
18207,-12884,0,0
18208,15660,0,0
18209,-6837,0,0
18210,18450,0,0
18211,4512,0,0
18212,12908,0,0
18213,-13341,0,0
18214,932,0,0
18215,18257,0,0
18216,15254,0,0
18217,18608,0,0
18218,3005,0,0
18219,-14700,0,0
18220,15454,0,0
18221,16868,0,0
18222,9892,0,0
18223,-5106,0,0
18224,22994,0,0
18225,17097,0,0
18226,18683,0,0
18227,17528,0,0
18228,-1734,0,0
18229,-7245,0,0
18230,16172,0,0
18231,3976,0,0
18232,16099,0,0
18233,-5895,0,0
18234,14387,0,0
18235,16235,0,0
18236,9280,0,0
18237,14380,0,0
18238,-2013,0,0
18239,-13253,0,0
18240,9491,0,0
18241,-16384,0,0
18242,3608,0,0
18243,6294,0,0
18244,0,0,0
18245,-2974,0,0
18246,-1264,0,0
18247,-7302,0,0
18248,-12424,0,0
18249,-15757,0,0
18250,-297,0,0
18251,10964,0,0
18252,-2271,0,0
18253,14690,0,0
18254,11751,0,0
18255,-16951,0,0
18256,5714,0,0
18257,12529,0,0
18258,-3516,0,0
18259,8281,0,0
18260,-22606,0,0
18261,-18321,0,0
18262,-14847,0,0
18263,-11404,0,0
18264,-6180,0,0
18265,-15568,0,0
18266,6130,0,0
18267,-4190,0,0
18268,-7268,0,0
18269,3777,0,0
18270,-11081,0,0
18271,-21181,0,0
18272,-5590,0,0
18273,-9482,0,0
18274,-17791,0,0
18275,-3637,0,0
18276,-12978,0,0
18277,-21767,0,0
18278,-14281,0,0
18279,1332,0,0
18280,-5892,0,0
18281,-6889,0,0
18282,20158,0,0
18283,-15252,0,0
18284,-18707,0,0
18285,-9740,0,0
18286,-15761,0,0
18287,-3428,0,0
18288,-14918,0,0
18289,-9052,0,0
18290,-14194,0,0
18291,-6600,0,0
18292,-4797,0,0
18293,-3400,0,0
18294,-13802,0,0
18295,-6162,0,0
18296,-17259,0,0
18297,-12692,0,0
18298,-10833,0,0
18299,-22995,0,0
18300,6853,0,0
18301,-5655,15000,0
18302,-17492,0,0
18303,-5455,0,0
18304,-4981,0,0
18305,-12020,0,0
18306,-16382,0,0
18307,-16063,0,0
18308,-15715,0,0
18309,-8688,0,0
18310,-16398,0,0
18311,-6445,0,0
18312,-16383,0,0
18313,-4926,0,0
18314,-16780,0,0
18315,-19310,0,0
18316,-12775,0,0
18317,-22214,0,0
18318,-16270,0,0
18319,-4577,0,0
18320,-16112,0,0
18321,-16907,0,0
18322,-16769,0,0
18323,549,0,0
18324,-16312,0,0
18325,-7575,0,0
18326,-15297,0,0
18327,-4905,0,0
18328,-14904,0,0
18329,-12570,0,0
18330,-15134,0,0
18331,-17103,0,0
18332,-15666,0,0
18333,13710,0,0
18334,-14698,0,0
18335,-21324,0,0
18336,6844,0,0
18337,-5104,0,0
18338,-13853,0,0
18339,-11050,0,0
18340,-17782,0,0
18341,454,0,0
18342,-10810,0,0
18343,-7831,0,0
18344,-12477,0,0
18345,-20983,0,0
18346,13612,0,0
18347,-15265,0,0
18348,-537,0,0
18349,8872,0,0
18350,-56,0,0
18351,7805,0,0
18352,-10690,0,0
18353,-15809,0,0
18354,-7195,0,0
18355,8561,0,0
18356,21404,0,0
18357,-5322,0,0
18358,-15696,0,0
18359,4993,0,0
18360,-14937,0,0
18361,-4347,0,0
18362,-11178,0,0
18363,9905,0,0
18364,-9294,0,0
18365,5452,0,0
18366,16606,0,0
18367,-10077,0,0
18368,679,0,0
18369,13890,0,0
18370,5256,0,0
18371,-7645,0,0
18372,6464,0,0
18373,8575,0,0
18374,15355,0,0
18375,-9614,0,0
18376,-6447,0,0
18377,-10965,0,0
18378,-2837,0,0
18379,3644,0,0
18380,8884,0,0
18381,15552,0,0
18382,-5253,0,0
18383,15133,0,0
18384,-1330,0,0
18385,15881,0,0
18386,-1137,0,0
18387,10575,0,0
18388,16886,0,0
18389,-1659,0,0
18390,5569,0,0
18391,11337,0,0
18392,15522,0,0
18393,14254,0,0
18394,16360,0,0
18395,-6968,0,0
18396,-3401,0,0
18397,5961,0,0
18398,6473,0,0
18399,13341,0,0
18400,13060,0,0
18401,268,0,0
18402,1495,0,0
18403,16560,0,0
18404,4966,0,0
18405,408,0,0
18406,13557,0,0
18407,6806,0,0
18408,9187,0,0
18409,20433,0,0
18410,14932,0,0
18411,10416,0,0
18412,-7269,0,0
18413,11007,0,0
18414,19887,0,0
18415,-9883,0,0
18416,14435,0,0
18417,2440,0,0
18418,-7806,0,0
18419,-9205,0,0
18420,7950,0,0
18421,-6612,0,0
18422,10177,0,0
18423,-5412,0,0
18424,-6537,0,0
18425,-7103,0,0
18426,-13119,0,0
18427,-470,0,0
18428,-20945,0,0
18429,2043,0,-15000
18430,4455,0,0
18431,-4805,0,0
18432,-14593,0,0
18433,-10117,0,0
18434,11910,0,0
18435,-7861,0,0
18436,-18811,0,0
18437,-6271,0,0
18438,14780,0,0
18439,-13,0,0
18440,11681,0,0
18441,-21800,0,0
18442,6082,0,0
18443,-15391,0,0
18444,-1126,0,0
18445,-11033,0,0
18446,5016,0,0
18447,-10974,0,0
18448,-791,0,0
18449,-9081,0,0
18450,-15677,0,0
18451,-2521,0,0
18452,-19453,0,0
18453,-5077,0,0
18454,-19213,0,0
18455,-7447,0,0
18456,-13520,0,0
18457,7897,0,0
18458,-17066,0,0
18459,-21954,0,0
18460,-19873,0,0
18461,-10140,0,0
18462,-16862,0,0
18463,-13928,0,0
18464,-4808,0,0
18465,-9586,0,0
18466,-1284,0,0
18467,-17089,0,0
18468,-14198,0,0
18469,8724,0,0
18470,-9906,0,0
18471,-1279,0,0
18472,-8789,0,0
18473,-10321,0,0
18474,-3119,0,0
18475,-8867,0,0
18476,-3009,0,0
18477,-11232,0,0
18478,-2651,0,0
18479,-17156,0,0
18480,-3588,0,0
18481,-913,0,0
18482,-13911,0,0
18483,7634,0,0
18484,3196,0,0
18485,-16699,0,0
18486,-22171,0,0
18487,-8966,0,0
18488,-8293,0,0
18489,-20945,0,0
18490,-21815,0,0
18491,5351,0,0
18492,-17183,0,0
18493,-10068,0,0
18494,-12446,0,0
18495,-6877,0,0
18496,-20731,0,0
18497,-21815,0,0
18498,-5251,0,0
18499,-20626,0,0
18500,-17051,0,0
18501,-16347,0,0
18502,10921,0,0
18503,-5046,0,0
18504,-5368,0,0
18505,2947,0,0
18506,-16543,0,0
18507,-12955,0,0
18508,-12515,0,0
18509,-4233,0,0
18510,-16210,0,0
18511,-16805,0,0
18512,-18943,0,0
18513,-22918,0,0
18514,-13802,0,0
18515,-18466,0,0
18516,-7276,0,0
18517,-2905,0,0
18518,5969,0,0
18519,-1957,0,0
18520,-12931,0,0
18521,-15806,0,0
18522,138,0,0
18523,-5190,0,0
18524,8212,0,0
18525,-3210,0,0
18526,-2996,0,0
18527,10260,0,0
18528,12771,0,0
18529,-7032,0,0
18530,-16577,0,0
18531,-4456,0,0
18532,-9917,0,0
18533,-23106,0,0
18534,-15469,0,0
18535,-11342,0,0
18536,-16572,0,0
18537,-8819,0,0
18538,6420,0,0
18539,-22724,0,0
18540,-7256,0,0
18541,-6180,0,0
18542,-20433,0,0
18543,-7268,0,0
18544,-21181,0,0
18545,-13465,0,0
18546,-14682,0,0
18547,-19798,0,0
18548,-12834,0,0
18549,-10922,0,0
18550,-11703,0,0
18551,-19574,0,0
18552,-22828,0,0
18553,8135,0,0
18554,-19118,0,0
18555,-16662,0,0
18556,-10245,0,0
18557,-16383,15000,0
18558,-21782,0,0
18559,-11323,0,0
18560,-12128,0,0
18561,-16847,0,0
18562,-10675,0,0
18563,12703,0,0
18564,-14826,0,0
18565,7031,0,0
18566,-5629,0,0
18567,-8847,0,0
18568,-12472,0,0
18569,-10418,0,0
18570,-12215,0,0
18571,-12809,0,0
18572,8866,0,0
18573,-13973,0,0
18574,-4312,0,0
18575,3378,0,0
18576,14690,0,0
18577,-15151,0,0
18578,-10788,0,0
18579,-6486,0,0
18580,-12787,0,0
18581,1704,0,0
18582,8212,0,0
18583,-7140,0,0
18584,-6105,0,0
18585,-7395,0,0
18586,-4522,0,0
18587,-8475,0,0
18588,-14698,0,0
18589,-11404,0,0
18590,-10766,0,0
18591,-4521,0,0
18592,-12056,0,0
18593,-22330,0,0
18594,-10418,0,0
18595,-9867,0,0
18596,494,0,0
18597,-10235,0,0
18598,13659,0,0
18599,2953,0,0
18600,-15007,0,0
18601,-13511,0,0
18602,4324,0,0
18603,-1640,0,0
18604,1312,0,0
18605,-16762,0,0
18606,1764,0,0
18607,-15991,0,0
18608,-23058,0,0
18609,3252,0,0
18610,-5518,0,0
18611,-16646,0,0
18612,15445,0,0
18613,-16701,0,0
18614,3403,0,0
18615,-18091,0,0
18616,-4974,0,0
18617,-14199,0,0
18618,15667,0,0
18619,-5970,0,0
18620,6573,0,0
18621,568,0,0
18622,7177,0,0
18623,3399,0,0
18624,-13283,0,0
18625,10425,0,0
18626,-12232,0,0
18627,-21181,0,0
18628,-9096,0,0
18629,13239,0,0
18630,-16306,0,0
18631,-13034,0,0
18632,5238,0,0
18633,14153,0,0
18634,3085,0,0
18635,15124,0,0
18636,19168,0,0
18637,9713,0,0
18638,-7980,0,0
18639,6179,0,0
18640,4078,0,0
18641,20804,0,0
18642,15559,0,0
18643,23161,0,0
18644,12651,0,0
18645,7790,0,0
18646,16783,0,0
18647,6837,0,0
18648,15137,0,0
18649,15873,0,0
18650,22605,0,0
18651,16162,0,0
18652,15611,0,0
18653,16779,0,0
18654,23140,0,0
18655,6744,0,0
18656,873,0,0
18657,-4217,0,0
18658,-9340,0,0
18659,17757,0,0
18660,15188,0,0
18661,12999,0,0
18662,18743,0,0
18663,7879,0,0
18664,18265,0,0
18665,4624,0,0
18666,16382,0,0
18667,15527,0,0
18668,16644,0,0
18669,18628,0,0
18670,1355,0,0
18671,-13467,0,0
18672,-12175,0,0
18673,10749,0,0
18674,-13372,0,0
18675,-16474,0,0
18676,-8290,0,0
18677,12796,0,0
18678,14465,0,0
18679,3268,0,0
18680,5550,0,0
18681,16779,0,0
18682,6874,0,0
18683,14070,0,0
18684,-8943,0,0
18685,18873,0,-15000
18686,6950,0,0
18687,16830,0,0
18688,6111,0,0
18689,-15475,0,0
18690,-14897,0,0
18691,-20740,0,0
18692,-5267,0,0
18693,-1704,0,0
18694,-10406,0,0
18695,8674,0,0
18696,-14190,0,0
18697,-101,0,0
18698,-12399,0,0
18699,-10635,0,0
18700,13740,0,0
18701,18779,0,0
18702,-12266,0,0
18703,4459,0,0
18704,1596,0,0
18705,12971,0,0
18706,2407,0,0
18707,15276,0,0
18708,15096,0,0
18709,17128,0,0
18710,16361,0,0
18711,-473,0,0
18712,11577,0,0
18713,14628,0,0
18714,4960,0,0
18715,5412,0,0
18716,4848,0,0
18717,-16296,0,0
18718,16826,0,0
18719,-1309,0,0
18720,14532,0,0
18721,22474,0,0
18722,13080,0,0
18723,21508,0,0
18724,13801,0,0
18725,5838,0,0
18726,15133,0,0
18727,-14147,0,0
18728,16382,0,0
18729,15199,0,0
18730,9039,0,0
18731,1704,0,0
18732,18265,0,0
18733,-5572,0,0
18734,12158,0,0
18735,8367,0,0
18736,11419,0,0
18737,11777,0,0
18738,6277,0,0
18739,-4385,0,0
18740,21405,0,0
18741,11054,0,0
18742,21166,0,0
18743,15165,0,0
18744,-673,0,0
18745,10921,0,0
18746,20863,0,0
18747,2154,0,0
18748,22474,0,0
18749,15535,0,0
18750,20604,0,0
18751,-4926,0,0
18752,9627,0,0
18753,-3152,0,0
18754,22723,0,0
18755,12871,0,0
18756,17645,0,0
18757,18024,0,0
18758,16156,0,0
18759,6196,0,0
18760,22994,0,0
18761,11059,0,0
18762,10394,0,0
18763,-3724,0,0
18764,14841,0,0
18765,17542,0,0
18766,9333,0,0
18767,15889,0,0
18768,8342,0,0
18769,16683,0,0
18770,19845,0,0
18771,16779,0,0
18772,-858,0,0
18773,16086,0,0
18774,5909,0,0
18775,16145,0,0
18776,14540,0,0
18777,18464,0,0
18778,15322,0,0
18779,19264,0,0
18780,4117,0,0
18781,7219,0,0
18782,14975,0,0
18783,18759,0,0
18784,12503,0,0
18785,20433,0,0
18786,11541,0,0
18787,16538,0,0
18788,16026,0,0
18789,8601,0,0
18790,17561,0,0
18791,14473,0,0
18792,-12393,0,0
18793,10452,0,0
18794,12904,0,0
18795,-2913,0,0
18796,14010,0,0
18797,8862,0,0
18798,4205,0,0
18799,22329,0,0
18800,19735,0,0
18801,3561,0,0
18802,11420,0,0
18803,2493,0,0
18804,11910,0,0
18805,9094,0,0
18806,17613,0,0
18807,20447,0,0
18808,15979,0,0
18809,1535,0,0
18810,17909,0,0
18811,12682,0,0
18812,7489,0,0
18813,23140,15000,0
18814,7082,0,0
18815,23161,0,0
18816,15976,0,0
18817,1995,0,0
18818,7188,0,0
18819,21685,0,0
18820,-1122,0,0
18821,474,0,0
18822,10341,0,0
18823,17415,0,0
18824,16224,0,0
18825,-555,0,0
18826,-15134,0,0
18827,23105,0,0
18828,3482,0,0
18829,15993,0,0
18830,13801,0,0
18831,-22828,0,0
18832,13896,0,0
18833,11958,0,0
18834,-8739,0,0
18835,17863,0,0
18836,-13840,0,0
18837,9006,0,0
18838,8349,0,0
18839,6582,0,0
18840,20944,0,0
18841,11943,0,0
18842,21405,0,0
18843,19578,0,0
18844,-3241,0,0
18845,12578,0,0
18846,16840,0,0
18847,9692,0,0
18848,21999,0,0
18849,10417,0,0
18850,20791,0,0
18851,10416,0,0
18852,-7269,0,0
18853,18597,0,0
18854,22170,0,0
18855,13483,0,0
18856,22171,0,0
18857,13645,0,0
18858,21946,0,0
18859,8166,0,0
18860,-1444,0,0
18861,17433,0,0
18862,4419,0,0
18863,20433,0,0
18864,19825,0,0
18865,-16619,0,0
18866,-21632,0,0
18867,10679,0,0
18868,-18840,0,0
18869,10921,0,0
18870,21835,0,0
18871,-6048,0,0
18872,17601,0,0
18873,10417,0,0
18874,636,0,0
18875,4031,0,0
18876,22329,0,0
18877,11419,0,0
18878,-6180,0,0
18879,-475,0,0
18880,22474,0,0
18881,11420,0,0
18882,-10072,0,0
18883,-6034,0,0
18884,22329,0,0
18885,-1629,0,0
18886,994,0,0
18887,12868,0,0
18888,-9858,0,0
18889,473,0,0
18890,-8219,0,0
18891,-8568,0,0
18892,18431,0,0
18893,-55,0,0
18894,15463,0,0
18895,-7972,0,0
18896,-5011,0,0
18897,9713,0,0
18898,14601,0,0
18899,-8185,0,0
18900,-5635,0,0
18901,6382,0,0
18902,6030,0,0
18903,-17466,0,0
18904,-1939,0,0
18905,13801,0,0
18906,10601,0,0
18907,-11338,0,0
18908,-8640,0,0
18909,7400,0,0
18910,7239,0,0
18911,-10763,0,0
18912,23106,0,0
18913,-15302,0,0
18914,-4443,0,0
18915,14697,0,0
18916,15133,0,0
18917,7821,0,0
18918,4465,0,0
18919,13504,0,0
18920,-1704,0,0
18921,1110,0,0
18922,-2372,0,0
18923,-14699,0,0
18924,-1273,0,0
18925,-6417,0,0
18926,-1015,0,0
18927,-897,0,0
18928,-6804,0,0
18929,13195,0,0
18930,8237,0,0
18931,-3619,0,0
18932,-584,0,0
18933,898,0,0
18934,18052,0,0
18935,19574,0,0
18936,-546,0,0
18937,8631,0,0
18938,-16799,0,0
18939,-3701,0,0
18940,6253,0,0
18941,-19575,0,-15000
18942,13622,0,0
18943,12871,0,0
18944,22723,0,0
18945,15764,0,0
18946,-17604,0,0
18947,-18064,0,0
18948,-22724,0,0
18949,-12415,0,0
18950,15517,0,0
18951,-10367,0,0
18952,-16706,0,0
18953,-3573,0,0
18954,2692,0,0
18955,-19575,0,0
18956,22723,0,0
18957,12356,0,0
18958,-2385,0,0
18959,12395,0,0
18960,-5076,0,0
18961,-19574,0,0
18962,-12995,0,0
18963,-14405,0,0
18964,9402,0,0
18965,-12286,0,0
18966,-19728,0,0
18967,-16611,0,0
18968,2122,0,0
18969,-20159,0,0
18970,2581,0,0
18971,-20159,0,0
18972,-22330,0,0
18973,-17717,0,0
18974,-1938,0,0
18975,-17969,0,0
18976,-11762,0,0
18977,18014,0,0
18978,10835,0,0
18979,-20434,0,0
18980,-15191,0,0
18981,-9749,0,0
18982,-3232,0,0
18983,6573,0,0
18984,11960,0,0
18985,10977,0,0
18986,-5928,0,0
18987,-17705,0,0
18988,-11163,0,0
18989,-11912,0,0
18990,-15279,0,0
18991,-5860,0,0
18992,-18457,0,0
18993,-18191,0,0
18994,-6914,0,0
18995,14558,0,0
18996,-22606,0,0
18997,-15572,0,0
18998,-12292,0,0
18999,-16776,0,0
19000,-9278,0,0
19001,-16461,0,0
19002,-15183,0,0
19003,-5751,0,0
19004,-21315,0,0
19005,-16321,0,0
19006,-11312,0,0
19007,-19873,0,0
19008,1102,0,0
19009,-6049,0,0
19010,-16309,0,0
19011,3314,0,0
19012,-15971,0,0
19013,-16163,0,0
19014,-4789,0,0
19015,-19264,0,0
19016,-22724,0,0
19017,-19176,0,0
19018,-130,0,0
19019,-16981,0,0
19020,-16775,0,0
19021,-17788,0,0
19022,-10067,0,0
19023,-17022,0,0
19024,-2126,0,0
19025,-9337,0,0
19026,-6243,0,0
19027,-12186,0,0
19028,-3701,0,0
19029,-6031,0,0
19030,-9077,0,0
19031,-17543,0,0
19032,-1139,0,0
19033,-3617,0,0
19034,-15734,0,0
19035,-15278,0,0
19036,-11481,0,0
19037,-16390,0,0
19038,20409,0,0
19039,-9333,0,0
19040,-22684,0,0
19041,-17069,0,0
19042,-2271,0,0
19043,-15163,0,0
19044,14192,0,0
19045,-4071,0,0
19046,-18262,0,0
19047,-15541,0,0
19048,-14787,0,0
19049,9008,0,0
19050,-22828,0,0
19051,-16612,0,0
19052,9472,0,0
19053,-19575,0,0
19054,-20550,0,0
19055,-20068,0,0
19056,-5603,0,0
19057,-20433,0,0
19058,-20918,0,0
19059,-12217,0,0
19060,-22000,0,0
19061,-9907,0,0
19062,-6036,0,0
19063,-6292,0,0
19064,-10215,0,0
19065,-2716,0,0
19066,-21181,0,0
19067,-21815,0,0
19068,2299,0,0
19069,-7269,15000,0
19070,-20695,0,0
19071,-14466,0,0
19072,-20433,0,0
19073,-6628,0,0
19074,6103,0,0
19075,-15964,0,0
19076,-2747,0,0
19077,-15659,0,0
19078,374,0,0
19079,2238,0,0
19080,6775,0,0
19081,-3400,0,0
19082,5843,0,0
19083,-8571,0,0
19084,-6651,0,0
19085,-2926,0,0
19086,12787,0,0
19087,846,0,0
19088,-17910,0,0
19089,-16966,0,0
19090,-17910,0,0
19091,1107,0,0
19092,3192,0,0
19093,11978,0,0
19094,70,0,0
19095,-17694,0,0
19096,15976,0,0
19097,-15455,0,0
19098,11356,0,0
19099,15979,0,0
19100,9113,0,0
19101,2270,0,0
19102,1890,0,0
19103,8236,0,0
19104,-13791,0,0
19105,6711,0,0
19106,-520,0,0
19107,21489,0,0
19108,15499,0,0
19109,8395,0,0
19110,-8867,0,0
19111,9388,0,0
19112,-5487,0,0
19113,-10417,0,0
19114,10275,0,0
19115,11680,0,0
19116,-2350,0,0
19117,12871,0,0
19118,7297,0,0
19119,13844,0,0
19120,8360,0,0
19121,-5089,0,0
19122,16795,0,0
19123,12810,0,0
19124,12534,0,0
19125,13825,0,0
19126,19658,0,0
19127,14513,0,0
19128,14984,0,0
19129,3854,0,0
19130,10898,0,0
19131,-4509,0,0
19132,707,0,0
19133,16999,0,0
19134,12469,0,0
19135,-9662,0,0
19136,4930,0,0
19137,9836,0,0
19138,15743,0,0
19139,15911,0,0
19140,21777,0,0
19141,9549,0,0
19142,4453,0,0
19143,-3520,0,0
19144,-8392,0,0
19145,1396,0,0
19146,10888,0,0
19147,18595,0,0
19148,12783,0,0
19149,15360,0,0
19150,16409,0,0
19151,-5658,0,0
19152,19741,0,0
19153,21999,0,0
19154,10921,0,0
19155,13902,0,0
19156,-11604,0,0
19157,8869,0,0
19158,-8618,0,0
19159,22723,0,0
19160,-8274,0,0
19161,6654,0,0
19162,18942,0,0
19163,3400,0,0
19164,16408,0,0
19165,-3103,0,0
19166,15068,0,0
19167,22994,0,0
19168,16542,0,0
19169,4555,0,0
19170,17462,0,0
19171,-1799,0,0
19172,17071,0,0
19173,22333,0,0
19174,-8430,0,0
19175,3597,0,0
19176,-15307,0,0
19177,2270,0,0
19178,17909,0,0
19179,3500,0,0
19180,17909,0,0
19181,15626,0,0
19182,14850,0,0
19183,-12232,0,0
19184,16078,0,0
19185,1703,0,0
19186,-15574,0,0
19187,11812,0,0
19188,17543,0,0
19189,18308,0,0
19190,12242,0,0
19191,-11283,0,0
19192,-16992,0,0
19193,13270,0,0
19194,-13673,0,0
19195,16007,0,0
19196,12357,0,-15000
19197,16705,0,0
19198,5460,0,0
19199,-4515,0,0
19200,18608,0,0
19201,724,0,0
19202,-8945,0,0
19203,4567,0,0
19204,14632,0,0
19205,-7880,0,0
19206,6608,0,0
19207,6713,0,0
19208,-2212,0,0
19209,10449,0,0
19210,6222,0,0
19211,13737,0,0
19212,1090,0,0
19213,15104,0,0
19214,-602,0,0
19215,8866,0,0
19216,8145,0,0
19217,3614,0,0
19218,-7268,0,0
19219,-11869,0,0
19220,5740,0,0
19221,17537,0,0
19222,7723,0,0
19223,2357,0,0
19224,4205,0,0
19225,7287,0,0
19226,-22918,0,0
19227,5053,0,0
19228,56,0,0
19229,375,0,0
19230,-569,0,0
19231,16779,0,0
19232,2737,0,0
19233,978,0,0
19234,3467,0,0
19235,7356,0,0
19236,-4417,0,0
19237,-15427,0,0
19238,11614,0,0
19239,-12396,0,0
19240,13405,0,0
19241,8295,0,0
19242,18729,0,0
19243,20694,0,0
19244,-6213,0,0
19245,8367,0,0
19246,18619,0,0
19247,-12281,0,0
19248,10231,0,0
19249,-6426,0,0
19250,10921,0,0
19251,-392,0,0
19252,-5850,0,0
19253,18396,0,0
19254,3797,0,0
19255,-3961,0,0
19256,13887,0,0
19257,22994,0,0
19258,14254,0,0
19259,-1940,0,0
19260,7290,0,0
19261,15580,0,0
19262,-13748,0,0
19263,23105,0,0
19264,9980,0,0
19265,12349,0,0
19266,-2872,0,0
19267,20119,0,0
19268,14229,0,0
19269,5388,0,0
19270,16382,0,0
19271,2007,0,0
19272,3482,0,0
19273,3184,0,0
19274,1635,0,0
19275,-22436,0,0
19276,18229,0,0
19277,3960,0,0
19278,13706,0,0
19279,15447,0,0
19280,852,0,0
19281,16134,0,0
19282,10848,0,0
19283,8417,0,0
19284,7355,0,0
19285,6960,0,0
19286,5225,0,0
19287,15083,0,0
19288,19137,0,0
19289,13341,0,0
19290,20182,0,0
19291,14254,0,0
19292,11051,0,0
19293,-3447,0,0
19294,23161,0,0
19295,12083,0,0
19296,12682,0,0
19297,-12760,0,0
19298,1136,0,0
19299,7363,0,0
19300,12815,0,0
19301,9849,0,0
19302,18593,0,0
19303,19264,0,0
19304,22605,0,0
19305,-5857,0,0
19306,11389,0,0
19307,20432,0,0
19308,7267,0,0
19309,915,0,0
19310,18453,0,0
19311,7259,0,0
19312,-2331,0,0
19313,22171,0,0
19314,13418,0,0
19315,22329,0,0
19316,13650,0,0
19317,14203,0,0
19318,5086,0,0
19319,14507,0,0
19320,13801,0,0
19321,-2057,0,0
19322,-5619,0,0
19323,22984,0,0
19324,15133,15000,0
19325,-7583,0,0
19326,15559,0,0
19327,7939,0,0
19328,13410,0,0
19329,6214,0,0
19330,16779,0,0
19331,18679,0,0
19332,16507,0,0
19333,10743,0,0
19334,-16324,0,0
19335,22918,0,0
19336,480,0,0
19337,-5077,0,0
19338,10100,0,0
19339,20571,0,0
19340,13289,0,0
19341,13365,0,0
19342,21999,0,0
19343,541,0,0
19344,-6449,0,0
19345,19573,0,0
19346,12114,0,0
19347,-2481,0,0
19348,22545,0,0
19349,15739,0,0
19350,23141,0,0
19351,-229,0,0
19352,-1810,0,0
19353,7110,0,0
19354,15640,0,0
19355,17542,0,0
19356,6854,0,0
19357,15187,0,0
19358,3214,0,0
19359,17606,0,0
19360,22723,0,0
19361,15584,0,0
19362,500,0,0
19363,5959,0,0
19364,9822,0,0
19365,20694,0,0
19366,5696,0,0
19367,14601,0,0
19368,16702,0,0
19369,16012,0,0
19370,17391,0,0
19371,10336,0,0
19372,3427,0,0
19373,19268,0,0
19374,7380,0,0
19375,5210,0,0
19376,-8629,0,0
19377,21368,0,0
19378,14905,0,0
19379,22474,0,0
19380,19574,0,0
19381,22605,0,0
19382,14939,0,0
19383,22605,0,0
19384,15263,0,0
19385,12846,0,0
19386,16015,0,0
19387,-23,0,0
19388,14577,0,0
19389,-7169,0,0
19390,20944,0,0
19391,9016,0,0
19392,11185,0,0
19393,10374,0,0
19394,19676,0,0
19395,17407,0,0
19396,3450,0,0
19397,-4818,0,0
19398,12094,0,0
19399,16949,0,0
19400,21404,0,0
19401,280,0,0
19402,15679,0,0
19403,3668,0,0
19404,11954,0,0
19405,13207,0,0
19406,17304,0,0
19407,21999,0,0
19408,13465,0,0
19409,-64,0,0
19410,15555,0,0
19411,5214,0,0
19412,15124,0,0
19413,13855,0,0
19414,9922,0,0
19415,9231,0,0
19416,-4579,0,0
19417,-6180,0,0
19418,-5591,0,0
19419,18018,0,0
19420,-1515,0,0
19421,6938,0,0
19422,-19516,0,0
19423,8837,0,0
19424,-14261,0,0
19425,-196,0,0
19426,14270,0,0
19427,18938,0,0
19428,-2726,0,0
19429,-5667,0,0
19430,10134,0,0
19431,18069,0,0
19432,14535,0,0
19433,-3627,0,0
19434,-7727,0,0
19435,-2723,0,0
19436,14828,0,0
19437,23057,0,0
19438,-498,0,0
19439,3695,0,0
19440,-10754,0,0
19441,4271,0,0
19442,-15242,0,0
19443,4013,0,0
19444,16553,0,0
19445,2586,0,0
19446,-14239,0,0
19447,22828,0,0
19448,-4317,0,0
19449,21850,0,0
19450,15118,0,0
19451,19747,0,0
19452,-6683,0,-15000
19453,-3574,0,0
19454,11306,0,0
19455,-1693,0,0
19456,-462,0,0
19457,-14233,0,0
19458,-13315,0,0
19459,9827,0,0
19460,2189,0,0
19461,18445,0,0
19462,-15359,0,0
19463,11303,0,0
19464,9010,0,0
19465,-13258,0,0
19466,13069,0,0
19467,-6268,0,0
19468,9969,0,0
19469,3171,0,0
19470,624,0,0
19471,5745,0,0
19472,-10059,0,0
19473,-813,0,0
19474,-17572,0,0
19475,-14702,0,0
19476,-4005,0,0
19477,1766,0,0
19478,1137,0,0
19479,3291,0,0
19480,-7883,0,0
19481,17166,0,0
19482,-4346,0,0
19483,-6198,0,0
19484,710,0,0
19485,-16383,0,0
19486,16006,0,0
19487,-16780,0,0
19488,-21503,0,0
19489,7693,0,0
19490,-23142,0,0
19491,7345,0,0
19492,-19269,0,0
19493,10554,0,0
19494,-11714,0,0
19495,-18265,0,0
19496,-14840,0,0
19497,-18610,0,0
19498,3885,0,0
19499,13562,0,0
19500,2086,0,0
19501,-2868,0,0
19502,9811,0,0
19503,-13892,0,0
19504,-14114,0,0
19505,14294,0,0
19506,-18328,0,0
19507,-13058,0,0
19508,-11880,0,0
19509,-15791,0,0
19510,-17456,0,0
19511,-16635,0,0
19512,-6155,0,0
19513,-10922,0,0
19514,-5720,0,0
19515,-13389,0,0
19516,-14929,0,0
19517,-20695,0,0
19518,21894,0,0
19519,-17205,0,0
19520,-367,0,0
19521,-11239,0,0
19522,-16135,0,0
19523,-19886,0,0
19524,-12057,0,0
19525,-14126,0,0
19526,-14196,0,0
19527,-20695,0,0
19528,-15566,0,0
19529,-3720,0,0
19530,-17248,0,0
19531,1063,0,0
19532,-10858,0,0
19533,-11911,0,0
19534,-20533,0,0
19535,-18169,0,0
19536,-7804,0,0
19537,-19265,0,0
19538,9474,0,0
19539,-14135,0,0
19540,-7849,0,0
19541,-15858,0,0
19542,3961,0,0
19543,-7026,0,0
19544,-916,0,0
19545,-6828,0,0
19546,-14746,0,0
19547,-3313,0,0
19548,-13192,0,0
19549,-13852,0,0
19550,-20807,0,0
19551,-18567,0,0
19552,-19189,0,0
19553,-18167,0,0
19554,-22606,0,0
19555,-15575,0,0
19556,12346,0,0
19557,-15468,0,0
19558,-22180,0,0
19559,12624,0,0
19560,-17257,0,0
19561,-20695,0,0
19562,4253,0,0
19563,-10400,0,0
19564,-11283,0,0
19565,-9906,0,0
19566,6053,0,0
19567,-1768,0,0
19568,-17588,0,0
19569,3884,0,0
19570,-8867,0,0
19571,1243,0,0
19572,-5057,0,0
19573,1663,0,0
19574,-3572,0,0
19575,-13284,0,0
19576,-6713,0,0
19577,-14350,0,0
19578,3595,0,0
19579,-7967,0,0
19580,-20434,15000,0
19581,-22171,0,0
19582,-3384,0,0
19583,-9364,0,0
19584,-10589,0,0
19585,10621,0,0
19586,13745,0,0
19587,-3497,0,0
19588,14203,0,0
19589,-14808,0,0
19590,12364,0,0
19591,-5629,0,0
19592,-19025,0,0
19593,-4525,0,0
19594,11769,0,0
19595,-22475,0,0
19596,-4813,0,0
19597,-10331,0,0
19598,-17738,0,0
19599,1797,0,0
19600,566,0,0
19601,-15002,0,0
19602,-20159,0,0
19603,2992,0,0
19604,10059,0,0
19605,-5077,0,0
19606,4541,0,0
19607,8173,0,0
19608,-7708,0,0
19609,12210,0,0
19610,1213,0,0
19611,9953,0,0
19612,14254,0,0
19613,18347,0,0
19614,14698,0,0
19615,1807,0,0
19616,15307,0,0
19617,2713,0,0
19618,-5508,0,0
19619,20453,0,0
19620,16752,0,0
19621,-15768,0,0
19622,4465,0,0
19623,9714,0,0
19624,724,0,0
19625,23161,0,0
19626,17166,0,0
19627,14903,0,0
19628,7829,0,0
19629,2319,0,0
19630,18609,0,0
19631,22738,0,0
19632,15074,0,0
19633,13011,0,0
19634,19872,0,0
19635,6178,0,0
19636,-2805,0,0
19637,-12393,0,0
19638,15078,0,0
19639,21616,0,0
19640,21405,0,0
19641,-21181,0,0
19642,21814,0,0
19643,10416,0,0
19644,-6727,0,0
19645,4026,0,0
19646,11295,0,0
19647,13530,0,0
19648,14643,0,0
19649,15437,0,0
19650,10275,0,0
19651,18264,0,0
19652,9173,0,0
19653,17229,0,0
19654,10713,0,0
19655,16550,0,0
19656,11131,0,0
19657,16383,0,0
19658,6737,0,0
19659,-4013,0,0
19660,19128,0,0
19661,-8587,0,0
19662,23056,0,0
19663,-1983,0,0
19664,18990,0,0
19665,13767,0,0
19666,14047,0,0
19667,12526,0,0
19668,-1950,0,0
19669,11180,0,0
19670,6781,0,0
19671,15140,0,0
19672,-1948,0,0
19673,13374,0,0
19674,-12396,0,0
19675,22723,0,0
19676,-3794,0,0
19677,2836,0,0
19678,-5385,0,0
19679,1703,0,0
19680,-15560,0,0
19681,-11338,0,0
19682,3125,0,0
19683,8047,0,0
19684,-814,0,0
19685,-15287,0,0
19686,10222,0,0
19687,20702,0,0
19688,-12470,0,0
19689,-3400,0,0
19690,-5513,0,0
19691,-8734,0,0
19692,-10049,0,0
19693,-4560,0,0
19694,-5031,0,0
19695,15617,0,0
19696,-13018,0,0
19697,2816,0,0
19698,-17735,0,0
19699,6455,0,0
19700,-1976,0,0
19701,3035,0,0
19702,-3062,0,0
19703,-17168,0,0
19704,-1681,0,0
19705,-16674,0,0
19706,-16317,0,0
19707,16240,0,-15000
19708,-1648,0,0
19709,-15160,0,0
19710,-5297,0,0
19711,11523,0,0
19712,15240,0,0
19713,8866,0,0
19714,16164,0,0
19715,9522,0,0
19716,-6745,0,0
19717,3416,0,0
19718,11210,0,0
19719,22827,0,0
19720,8277,0,0
19721,19054,0,0
19722,15438,0,0
19723,11953,0,0
19724,-9349,0,0
19725,22335,0,0
19726,16622,0,0
19727,-360,0,0
19728,-15910,0,0
19729,-5664,0,0
19730,14698,0,0
19731,5895,0,0
19732,12961,0,0
19733,-642,0,0
19734,-13912,0,0
19735,18620,0,0
19736,12141,0,0
19737,-2736,0,0
19738,3095,0,0
19739,8459,0,0
19740,3274,0,0
19741,-10707,0,0
19742,22329,0,0
19743,-10783,0,0
19744,20397,0,0
19745,-7867,0,0
19746,-19570,0,0
19747,16991,0,0
19748,-12023,0,0
19749,4697,0,0
19750,-8648,0,0
19751,-2004,0,0
19752,-8554,0,0
19753,-3209,0,0
19754,-18613,0,0
19755,-19264,0,0
19756,-2326,0,0
19757,-3485,0,0
19758,612,0,0
19759,7918,0,0
19760,-1611,0,0
19761,-11061,0,0
19762,-6916,0,0
19763,-9430,0,0
19764,4276,0,0
19765,-6116,0,0
19766,-5359,0,0
19767,-17384,0,0
19768,-15560,0,0
19769,-23162,0,0
19770,-16780,0,0
19771,-8744,0,0
19772,-5785,0,0
19773,-14720,0,0
19774,-18943,0,0
19775,-12831,0,0
19776,-10873,0,0
19777,-21730,0,0
19778,6195,0,0
19779,15525,0,0
19780,-21405,0,0
19781,-1150,0,0
19782,-10270,0,0
19783,2692,0,0
19784,-22606,0,0
19785,-19265,0,0
19786,-3401,0,0
19787,-10387,0,0
19788,-17479,0,0
19789,-502,0,0
19790,6522,0,0
19791,-16376,0,0
19792,-23106,0,0
19793,-14816,0,0
19794,6805,0,0
19795,1476,0,0
19796,-957,0,0
19797,-12474,0,0
19798,6541,0,0
19799,-8338,0,0
19800,-20695,0,0
19801,-1003,0,0
19802,4654,0,0
19803,32,0,0
19804,-12983,0,0
19805,-1704,0,0
19806,-2223,0,0
19807,9836,0,0
19808,10842,0,0
19809,2836,0,0
19810,18942,0,0
19811,10898,0,0
19812,3160,0,0
19813,3957,0,0
19814,21616,0,0
19815,12834,0,0
19816,-6179,0,0
19817,2681,0,0
19818,14518,0,0
19819,9314,0,0
19820,10350,0,0
19821,16382,0,0
19822,-16909,0,0
19823,14698,0,0
19824,21617,0,0
19825,16442,0,0
19826,16695,0,0
19827,20694,0,0
19828,21616,0,0
19829,-238,0,0
19830,-6199,0,0
19831,18267,0,0
19832,10116,0,0
19833,-3803,0,0
19834,17909,0,0
19835,17292,15000,0
19836,16382,0,0
19837,-3891,0,0
19838,2994,0,0
19839,22827,0,0
19840,15817,0,0
19841,1495,0,0
19842,4887,0,0
19843,12552,0,0
19844,5154,0,0
19845,-6601,0,0
19846,12814,0,0
19847,-13591,0,0
19848,-7095,0,0
19849,-12187,0,0
19850,5060,0,0
19851,6772,0,0
19852,-8826,0,0
19853,13801,0,0
19854,16432,0,0
19855,11910,0,0
19856,10397,0,0
19857,-20945,0,0
19858,-4443,0,0
19859,8276,0,0
19860,4799,0,0
19861,-22330,0,0
19862,2722,0,0
19863,-537,0,0
19864,18942,0,0
19865,2657,0,0
19866,-14255,0,0
19867,-15931,0,0
19868,-16558,0,0
19869,-19579,0,0
19870,7032,0,0
19871,-16458,0,0
19872,9627,0,0
19873,-14694,0,0
19874,-12388,0,0
19875,-10840,0,0
19876,-13302,0,0
19877,-13394,0,0
19878,-19638,0,0
19879,-9215,0,0
19880,-21406,0,0
19881,-5524,0,0
19882,315,0,0
19883,-6573,0,0
19884,-16558,0,0
19885,-16830,0,0
19886,-6213,0,0
19887,-15653,0,0
19888,-3890,0,0
19889,-17236,0,0
19890,-14916,0,0
19891,-16780,0,0
19892,-5117,0,0
19893,-15673,0,0
19894,-7768,0,0
19895,-14699,0,0
19896,-6912,0,0
19897,-13342,0,0
19898,1839,0,0
19899,-1005,0,0
19900,-21135,0,0
19901,-13146,0,0
19902,7248,0,0
19903,-11897,0,0
19904,7046,0,0
19905,-22475,0,0
19906,5022,0,0
19907,15655,0,0
19908,-8087,0,0
19909,-2707,0,0
19910,-14123,0,0
19911,0,0,0
19912,12557,0,0
19913,1136,0,0
19914,-12283,0,0
19915,20262,0,0
19916,3945,0,0
19917,6759,0,0
19918,-1786,0,0
19919,5629,0,0
19920,-4535,0,0
19921,12320,0,0
19922,820,0,0
19923,-4866,0,0
19924,16379,0,0
19925,-2449,0,0
19926,11569,0,0
19927,-3744,0,0
19928,7028,0,0
19929,15285,0,0
19930,2270,0,0
19931,10407,0,0
19932,18203,0,0
19933,1670,0,0
19934,10326,0,0
19935,-6485,0,0
19936,17871,0,0
19937,15775,0,0
19938,18649,0,0
19939,19573,0,0
19940,-1218,0,0
19941,5435,0,0
19942,4851,0,0
19943,11686,0,0
19944,1314,0,0
19945,14330,0,0
19946,5817,0,0
19947,1725,0,0
19948,17289,0,0
19949,-1866,0,0
19950,3348,0,0
19951,-22475,0,0
19952,-4540,0,0
19953,-8814,0,0
19954,-18943,0,0
19955,-22919,0,0
19956,15133,0,0
19957,15547,0,0
19958,8311,0,0
19959,13832,0,0
19960,355,0,0
19961,-2482,0,0
19962,-4521,0,0
19963,-20727,0,-15000
19964,11093,0,0
19965,5364,0,0
19966,-501,0,0
19967,6875,0,0
19968,1056,0,0
19969,12127,0,0
19970,6125,0,0
19971,2428,0,0
19972,8250,0,0
19973,-11031,0,0
19974,15734,0,0
19975,6130,0,0
19976,-9782,0,0
19977,10462,0,0
19978,-4419,0,0
19979,5348,0,0
19980,-1815,0,0
19981,-5304,0,0
19982,442,0,0
19983,12871,0,0
19984,-3961,0,0
19985,14851,0,0
19986,12295,0,0
19987,4002,0,0
19988,17657,0,0
19989,15133,0,0
19990,-14242,0,0
19991,16383,0,0
19992,5844,0,0
19993,17093,0,0
19994,-10141,0,0
19995,17909,0,0
19996,19305,0,0
19997,-12949,0,0
19998,2411,0,0
19999,10610,0,0
20000,-5006,0,0
20001,19264,0,0
20002,4520,0,0
20003,3292,0,0
20004,19877,0,0
20005,8662,0,0
20006,21998,0,0
20007,-4017,0,0
20008,12991,0,0
20009,17651,0,0
20010,-10608,0,0
20011,13302,0,0
20012,10416,0,0
20013,6633,0,0
20014,19872,0,0
20015,10264,0,0
20016,11978,0,0
20017,18558,0,0
20018,7056,0,0
20019,6736,0,0
20020,17166,0,0
20021,9221,0,0
20022,16571,0,0
20023,2980,0,0
20024,14000,0,0
20025,-8364,0,0
20026,-13298,0,0
20027,-3961,0,0
20028,-19165,0,0
20029,-3163,0,0
20030,11419,0,0
20031,-17450,0,0
20032,14359,0,0
20033,11899,0,0
20034,8866,0,0
20035,-1108,0,0
20036,-16983,0,0
20037,8874,0,0
20038,10892,0,0
20039,20158,0,0
20040,-22475,0,0
20041,10410,0,0
20042,5374,0,0
20043,-7255,0,0
20044,11515,0,0
20045,18608,0,0
20046,88,0,0
20047,2847,0,0
20048,22742,0,0
20049,17909,0,0
20050,9472,0,0
20051,-1585,0,0
20052,6209,0,0
20053,-16457,0,0
20054,-10309,0,0
20055,-16232,0,0
20056,0,0,0
20057,11322,0,0
20058,12263,0,0
20059,-17167,0,0
20060,-18258,0,0
20061,-11973,0,0
20062,4153,0,0
20063,-17854,0,0
20064,8897,0,0
20065,7325,0,0
20066,8324,0,0
20067,-18609,0,0
20068,-18225,0,0
20069,-10019,0,0
20070,-3962,0,0
20071,-5751,0,0
20072,2276,0,0
20073,-15616,0,0
20074,5535,0,0
20075,3479,0,0
20076,-13411,0,0
20077,12871,0,0
20078,8466,0,0
20079,-8178,0,0
20080,17785,0,0
20081,-19264,0,0
20082,-4520,0,0
20083,-18549,0,0
20084,6696,0,0
20085,-17855,0,0
20086,-4521,0,0
20087,9406,0,0
20088,-5077,0,0
20089,3871,0,0
20090,-22475,0,0
20091,-15101,15000,0
20092,-6726,0,0
20093,-3028,0,0
20094,-7806,0,0
20095,-21182,0,0
20096,-16919,0,0
20097,584,0,0
20098,-15422,0,0
20099,-22171,0,0
20100,-11420,0,0
20101,20347,0,0
20102,-19873,0,0
20103,-21164,0,0
20104,-15730,0,0
20105,-18681,0,0
20106,-12872,0,0
20107,-6394,0,0
20108,-463,0,0
20109,-22829,0,0
20110,-17488,0,0
20111,-14828,0,0
20112,-18943,0,0
20113,-9539,0,0
20114,9318,0,0
20115,-13735,0,0
20116,-3997,0,0
20117,-11545,0,0
20118,-15143,0,0
20119,-7112,0,0
20120,-1945,0,0
20121,-2202,0,0
20122,-16671,0,0
20123,-14988,0,0
20124,-16222,0,0
20125,-569,0,0
20126,16008,0,0
20127,-569,0,0
20128,-16378,0,0
20129,-11289,0,0
20130,-16383,0,0
20131,-4231,0,0
20132,-15397,0,0
20133,-16027,0,0
20134,-1,0,0
20135,-4529,0,0
20136,-18266,0,0
20137,14841,0,0
20138,-18609,0,0
20139,-22828,0,0
20140,-15060,0,0
20141,16034,0,0
20142,6129,0,0
20143,-12437,0,0
20144,-4470,0,0
20145,-20460,0,0
20146,5792,0,0
20147,-10840,0,0
20148,7952,0,0
20149,-16061,0,0
20150,-14510,0,0
20151,-1312,0,0
20152,-19558,0,0
20153,-9626,0,0
20154,-17777,0,0
20155,1126,0,0
20156,-12269,0,0
20157,-283,0,0
20158,-22475,0,0
20159,-13397,0,0
20160,-22606,0,0
20161,14574,0,0
20162,-4671,0,0
20163,5800,0,0
20164,6710,0,0
20165,18608,0,0
20166,-12052,0,0
20167,-15282,0,0
20168,-7201,0,0
20169,-15134,0,0
20170,-13109,0,0
20171,-15560,0,0
20172,-9032,0,0
20173,-5063,0,0
20174,-11571,0,0
20175,-17016,0,0
20176,4138,0,0
20177,-1052,0,0
20178,-9991,0,0
20179,-15444,0,0
20180,-12700,0,0
20181,-1870,0,0
20182,-5139,0,0
20183,-8291,0,0
20184,-21451,0,0
20185,10185,0,0
20186,-6187,0,0
20187,-5103,0,0
20188,-22475,0,0
20189,-4810,0,0
20190,6239,0,0
20191,-9617,0,0
20192,-6971,0,0
20193,-21405,0,0
20194,-21181,0,0
20195,-5998,0,0
20196,-11423,0,0
20197,3564,0,0
20198,-18559,0,0
20199,-11793,0,0
20200,-12872,0,0
20201,3043,0,0
20202,-16762,0,0
20203,-7386,0,0
20204,16479,0,0
20205,-10694,0,0
20206,-16933,0,0
20207,-13474,0,0
20208,-15864,0,0
20209,6036,0,0
20210,-18034,0,0
20211,-6726,0,0
20212,-646,0,0
20213,-21406,0,0
20214,21814,0,0
20215,16706,0,0
20216,15741,0,0
20217,-9949,0,0
20218,4069,0,-15000
20219,14697,0,0
20220,8149,0,0
20221,-155,0,0
20222,-10379,0,0
20223,14787,0,0
20224,-8062,0,0
20225,1962,0,0
20226,13511,0,0
20227,9966,0,0
20228,21814,0,0
20229,-4981,0,0
20230,20694,0,0
20231,5721,0,0
20232,15889,0,0
20233,17236,0,0
20234,17166,0,0
20235,3903,0,0
20236,-5368,0,0
20237,6261,0,0
20238,13940,0,0
20239,-9931,0,0
20240,9563,0,0
20241,-3652,0,0
20242,6618,0,0
20243,12661,0,0
20244,5629,0,0
20245,19264,0,0
20246,-4594,0,0
20247,-13934,0,0
20248,9093,0,0
20249,9922,0,0
20250,-12690,0,0
20251,-11130,0,0
20252,-4580,0,0
20253,-6147,0,0
20254,-3778,0,0
20255,-4830,0,0
20256,8983,0,0
20257,-22330,0,0
20258,-14964,0,0
20259,-8921,0,0
20260,-14698,0,0
20261,1215,0,0
20262,3565,0,0
20263,-1704,0,0
20264,-16527,0,0
20265,-4512,0,0
20266,-297,0,0
20267,-3135,0,0
20268,-1523,0,0
20269,-9728,0,0
20270,-19249,0,0
20271,-11421,0,0
20272,-4213,0,0
20273,-16262,0,0
20274,-12928,0,0
20275,8825,0,0
20276,-9827,0,0
20277,-14071,0,0
20278,-23141,0,0
20279,-18266,0,0
20280,-20177,0,0
20281,-18223,0,0
20282,-11277,0,0
20283,-353,0,0
20284,-21181,0,0
20285,260,0,0
20286,-19873,0,0
20287,-22724,0,0
20288,-17143,0,0
20289,-17527,0,0
20290,-16662,0,0
20291,-9700,0,0
20292,-13914,0,0
20293,-14588,0,0
20294,-14465,0,0
20295,-6670,0,0
20296,-8867,0,0
20297,19030,0,0
20298,-9049,0,0
20299,-13414,0,0
20300,-22918,0,0
20301,-16493,0,0
20302,-9142,0,0
20303,-16057,0,0
20304,-23057,0,0
20305,6346,0,0
20306,-21422,0,0
20307,785,0,0
20308,10201,0,0
20309,2822,0,0
20310,-16591,0,0
20311,15607,0,0
20312,-9012,0,0
20313,-8623,0,0
20314,-15798,0,0
20315,12002,0,0
20316,-10220,0,0
20317,2609,0,0
20318,165,0,0
20319,-17269,0,0
20320,-8136,0,0
20321,9185,0,0
20322,-1480,0,0
20323,3147,0,0
20324,-4719,0,0
20325,-12144,0,0
20326,-12451,0,0
20327,2186,0,0
20328,-2504,0,0
20329,-7538,0,0
20330,17093,0,0
20331,8922,0,0
20332,950,0,0
20333,169,0,0
20334,9805,0,0
20335,23057,0,0
20336,-1334,0,0
20337,7048,0,0
20338,18140,0,0
20339,-4052,0,0
20340,18481,0,0
20341,21999,0,0
20342,11371,0,0
20343,1951,0,0
20344,15451,0,0
20345,10042,0,0
20346,7612,15000,0
20347,8580,0,0
20348,16401,0,0
20349,-1930,0,0
20350,22918,0,0
20351,7989,0,0
20352,22170,0,0
20353,-18705,0,0
20354,6984,0,0
20355,-4732,0,0
20356,11631,0,0
20357,19794,0,0
20358,-16256,0,0
20359,11761,0,0
20360,15316,0,0
20361,-3469,0,0
20362,3428,0,0
20363,505,0,0
20364,11803,0,0
20365,19157,0,0
20366,-656,0,0
20367,4195,0,0
20368,5495,0,0
20369,16779,0,0
20370,-91,0,0
20371,14698,0,0
20372,12173,0,0
20373,10051,0,0
20374,-9044,0,0
20375,-92,0,0
20376,-3858,0,0
20377,-9478,0,0
20378,-14872,0,0
20379,-8914,0,0
20380,6878,0,0
20381,-4066,0,0
20382,-18943,0,0
20383,1576,0,0
20384,-16716,0,0
20385,8016,0,0
20386,-7171,0,0
20387,-13663,0,0
20388,-6508,0,0
20389,-16648,0,0
20390,-2110,0,0
20391,-7592,0,0
20392,-22606,0,0
20393,-16666,0,0
20394,8229,0,0
20395,-21705,0,0
20396,-375,0,0
20397,-10638,0,0
20398,-16348,0,0
20399,-16870,0,0
20400,-15623,0,0
20401,-11000,0,0
20402,-20433,0,0
20403,-1067,0,0
20404,-14080,0,0
20405,-8094,0,0
20406,-17939,0,0
20407,-15915,0,0
20408,-2762,0,0
20409,4605,0,0
20410,-5822,0,0
20411,-16244,0,0
20412,2853,0,0
20413,-16435,0,0
20414,5606,0,0
20415,-10957,0,0
20416,-8169,0,0
20417,14408,0,0
20418,3770,0,0
20419,-19141,0,0
20420,-11391,0,0
20421,11056,0,0
20422,-459,0,0
20423,11003,0,0
20424,-2837,0,0
20425,-16379,0,0
20426,5417,0,0
20427,17097,0,0
20428,19104,0,0
20429,1446,0,0
20430,6988,0,0
20431,21814,0,0
20432,-11615,0,0
20433,-3969,0,0
20434,9667,0,0
20435,1860,0,0
20436,-5536,0,0
20437,23141,0,0
20438,17731,0,0
20439,14174,0,0
20440,808,0,0
20441,18959,0,0
20442,7450,0,0
20443,20694,0,0
20444,2533,0,0
20445,13801,0,0
20446,16788,0,0
20447,16779,0,0
20448,6587,0,0
20449,17489,0,0
20450,20435,0,0
20451,21405,0,0
20452,8652,0,0
20453,9361,0,0
20454,8930,0,0
20455,1703,0,0
20456,16382,0,0
20457,2531,0,0
20458,-3513,0,0
20459,2218,0,0
20460,11420,0,0
20461,2053,0,0
20462,-18441,0,0
20463,-12888,0,0
20464,21178,0,0
20465,19652,0,0
20466,-4251,0,0
20467,-15951,0,0
20468,-9754,0,0
20469,16382,0,0
20470,-1853,0,0
20471,15728,0,0
20472,11936,0,0
20473,-435,0,-15000
20474,-13174,0,0
20475,-9052,0,0
20476,-6452,0,0
20477,3701,0,0
20478,-11093,0,0
20479,3823,0,0
20480,7283,0,0
20481,178,0,0
20482,-12791,0,0
20483,6310,0,0
20484,-16673,0,0
20485,368,0,0
20486,9319,0,0
20487,-18045,0,0
20488,6052,0,0
20489,21,0,0
20490,-20512,0,0
20491,-10739,0,0
20492,-16369,0,0
20493,-9907,0,0
20494,13623,0,0
20495,-11637,0,0
20496,-10846,0,0
20497,-15486,0,0
20498,-22995,0,0
20499,608,0,0
20500,1122,0,0
20501,-15560,0,0
20502,13317,0,0
20503,-16383,0,0
20504,2940,0,0
20505,8357,0,0
20506,-21085,0,0
20507,-15679,0,0
20508,4672,0,0
20509,-14597,0,0
20510,-16337,0,0
20511,-16940,0,0
20512,-875,0,0
20513,-8898,0,0
20514,-5077,0,0
20515,14411,0,0
20516,-19362,0,0
20517,-13811,0,0
20518,-10288,0,0
20519,-21405,0,0
20520,9033,0,0
20521,1450,0,0
20522,-4844,0,0
20523,-2425,0,0
20524,-18167,0,0
20525,-22606,0,0
20526,-11027,0,0
20527,16420,0,0
20528,17474,0,0
20529,2270,0,0
20530,-15134,0,0
20531,5825,0,0
20532,-16457,0,0
20533,-13667,0,0
20534,-11209,0,0
20535,-7004,0,0
20536,-18265,0,0
20537,13659,0,0
20538,8555,0,0
20539,-10510,0,0
20540,-4204,0,0
20541,-13732,0,0
20542,12602,0,0
20543,7015,0,0
20544,-18660,0,0
20545,-12552,0,0
20546,193,0,0
20547,8331,0,0
20548,-13552,0,0
20549,-10922,0,0
20550,-1070,0,0
20551,16332,0,0
20552,-19359,0,0
20553,-14962,0,0
20554,-6551,0,0
20555,-15382,0,0
20556,1136,0,0
20557,-15714,0,0
20558,-15890,0,0
20559,-12872,0,0
20560,-19405,0,0
20561,-2085,0,0
20562,9771,0,0
20563,-9202,0,0
20564,5859,0,0
20565,-15649,0,0
20566,-20226,0,0
20567,5004,0,0
20568,-7188,0,0
20569,5470,0,0
20570,-17698,0,0
20571,-2945,0,0
20572,-3859,0,0
20573,-16383,0,0
20574,10484,0,0
20575,15309,0,0
20576,-12575,0,0
20577,-16219,0,0
20578,-22449,0,0
20579,-6004,0,0
20580,-1993,0,0
20581,14254,0,0
20582,-6959,0,0
20583,-18943,0,0
20584,-11519,0,0
20585,-14914,0,0
20586,-11489,0,0
20587,-19873,0,0
20588,-14388,0,0
20589,-12779,0,0
20590,-18597,0,0
20591,887,0,0
20592,12913,0,0
20593,-21182,0,0
20594,-7938,0,0
20595,-811,0,0
20596,-16260,0,0
20597,-6309,0,0
20598,-20945,0,0
20599,-9229,0,0
20600,-6000,0,0
20601,-14728,15000,0
20602,-12721,0,0
20603,17932,0,0
20604,-1299,0,0
20605,-22237,0,0
20606,-4894,0,0
20607,-7384,0,0
20608,-16506,0,0
20609,-19013,0,0
20610,2853,0,0
20611,-10402,0,0
20612,-4135,0,0
20613,-7537,0,0
20614,8991,0,0
20615,-20211,0,0
20616,-14351,0,0
20617,-12094,0,0
20618,-13733,0,0
20619,-9877,0,0
20620,-19162,0,0
20621,-4890,0,0
20622,11877,0,0
20623,-18974,0,0
20624,9762,0,0
20625,11263,0,0
20626,-15729,0,0
20627,3268,0,0
20628,-18175,0,0
20629,8076,0,0
20630,20433,0,0
20631,-14840,0,0
20632,-11842,0,0
20633,15176,0,0
20634,-15621,0,0
20635,-7268,0,0
20636,-6130,0,0
20637,7268,0,0
20638,-11678,0,0
20639,15072,0,0
20640,-10953,0,0
20641,-4879,0,0
20642,-12968,0,0
20643,7267,0,0
20644,-9589,0,0
20645,-5351,0,0
20646,-658,0,0
20647,-3614,0,0
20648,-10282,0,0
20649,-22172,0,0
20650,-11600,0,0
20651,-9729,0,0
20652,-11244,0,0
20653,-8174,0,0
20654,-12966,0,0
20655,-19020,0,0
20656,-16756,0,0
20657,-5041,0,0
20658,-3585,0,0
20659,-9687,0,0
20660,10980,0,0
20661,6360,0,0
20662,-2907,0,0
20663,-12002,0,0
20664,7782,0,0
20665,-14087,0,0
20666,-11421,0,0
20667,8015,0,0
20668,13258,0,0
20669,13777,0,0
20670,13013,0,0
20671,8938,0,0
20672,-10922,0,0
20673,-22172,0,0
20674,770,0,0
20675,-6312,0,0
20676,15558,0,0
20677,12385,0,0
20678,-7288,0,0
20679,-8078,0,0
20680,17453,0,0
20681,3494,0,0
20682,-9907,0,0
20683,-10868,0,0
20684,5244,0,0
20685,9666,0,0
20686,6036,0,0
20687,-14898,0,0
20688,21616,0,0
20689,-19827,0,0
20690,9425,0,0
20691,6034,0,0
20692,8381,0,0
20693,17071,0,0
20694,9410,0,0
20695,-14909,0,0
20696,22170,0,0
20697,13543,0,0
20698,-12808,0,0
20699,1656,0,0
20700,-10372,0,0
20701,614,0,0
20702,-3450,0,0
20703,20158,0,0
20704,2945,0,0
20705,19060,0,0
20706,1418,0,0
20707,8467,0,0
20708,15765,0,0
20709,-11361,0,0
20710,-3822,0,0
20711,13635,0,0
20712,14440,0,0
20713,15815,0,0
20714,23105,0,0
20715,15133,0,0
20716,12800,0,0
20717,-612,0,0
20718,413,0,0
20719,-7101,0,0
20720,-1704,0,0
20721,-5953,0,0
20722,8140,0,0
20723,17542,0,0
20724,23105,0,0
20725,-12844,0,0
20726,6078,0,0
20727,-7127,0,0
20728,8851,0,-15000
20729,18159,0,0
20730,-12580,0,0
20731,10034,0,0
20732,-4870,0,0
20733,-15654,0,0
20734,2377,0,0
20735,9127,0,0
20736,-9734,0,0
20737,-16645,0,0
20738,-20293,0,0
20739,-11000,0,0
20740,-9724,0,0
20741,-13802,0,0
20742,-15409,0,0
20743,-6085,0,0
20744,-18539,0,0
20745,-17132,0,0
20746,15653,0,0
20747,-13621,0,0
20748,-9344,0,0
20749,-3753,0,0
20750,-8836,0,0
20751,-16487,0,0
20752,-614,0,0
20753,-4458,0,0
20754,-17669,0,0
20755,-16779,0,0
20756,-22828,0,0
20757,-15555,0,0
20758,-22149,0,0
20759,-15010,0,0
20760,-14645,0,0
20761,-9870,0,0
20762,-11596,0,0
20763,-18154,0,0
20764,-21387,0,0
20765,-18737,0,0
20766,-21800,0,0
20767,-15414,0,0
20768,1677,0,0
20769,-16844,0,0
20770,-15300,0,0
20771,-16292,0,0
20772,-11275,0,0
20773,-17863,0,0
20774,-17030,0,0
20775,3269,0,0
20776,-8339,0,0
20777,-1737,0,0
20778,4580,0,0
20779,-12554,0,0
20780,-11668,0,0
20781,11482,0,0
20782,-8867,0,0
20783,-3625,0,0
20784,-13201,0,0
20785,-20987,0,0
20786,-6969,0,0
20787,-8202,0,0
20788,-13006,0,0
20789,-22171,0,0
20790,-11794,0,0
20791,-8673,0,0
20792,-19528,0,0
20793,-21947,0,0
20794,-19643,0,0
20795,-13811,0,0
20796,-16725,0,0
20797,-17836,0,0
20798,-14793,0,0
20799,-6332,0,0
20800,-12872,0,0
20801,-22375,0,0
20802,-13242,0,0
20803,-13956,0,0
20804,-14412,0,0
20805,-22687,0,0
20806,-13802,0,0
20807,-21292,0,0
20808,-8581,0,0
20809,-13325,0,0
20810,-13802,0,0
20811,6910,0,0
20812,1297,0,0
20813,-226,0,0
20814,17865,0,0
20815,-10227,0,0
20816,-18266,0,0
20817,-14914,0,0
20818,-16146,0,0
20819,-22887,0,0
20820,-4968,0,0
20821,-15245,0,0
20822,11947,0,0
20823,-23057,0,0
20824,-17910,0,0
20825,-645,0,0
20826,4226,0,0
20827,-13469,0,0
20828,17298,0,0
20829,-11660,0,0
20830,-16298,0,0
20831,10642,0,0
20832,-10015,0,0
20833,6812,0,0
20834,-11340,0,0
20835,-9498,0,0
20836,-381,0,0
20837,-1964,0,0
20838,12362,0,0
20839,0,0,0
20840,-16780,0,0
20841,-22295,0,0
20842,-8371,0,0
20843,-7754,0,0
20844,11334,0,0
20845,-17405,0,0
20846,-17882,0,0
20847,-3705,0,0
20848,15956,0,0
20849,-7003,0,0
20850,-17141,0,0
20851,-9441,0,0
20852,-4960,0,0
20853,7714,0,0
20854,-18662,0,0
20855,-15552,0,0
20856,11265,15000,0
20857,-15389,0,0
20858,-6301,0,0
20859,-4815,0,0
20860,12276,0,0
20861,-5613,0,0
20862,-18779,0,0
20863,-17621,0,0
20864,-22330,0,0
20865,-17275,0,0
20866,-10733,0,0
20867,-15248,0,0
20868,8073,0,0
20869,-18943,0,0
20870,-13565,0,0
20871,-15136,0,0
20872,-18676,0,0
20873,11988,0,0
20874,-15011,0,0
20875,-16823,0,0
20876,-7611,0,0
20877,-16383,0,0
20878,-3233,0,0
20879,735,0,0
20880,-3779,0,0
20881,-16549,0,0
20882,4568,0,0
20883,-16958,0,0
20884,-18564,0,0
20885,-15999,0,0
20886,12212,0,0
20887,-18610,0,0
20888,-15530,0,0
20889,-17032,0,0
20890,3960,0,0
20891,405,0,0
20892,-3042,0,0
20893,-16683,0,0
20894,-12872,0,0
20895,12132,0,0
20896,17527,0,0
20897,-7664,0,0
20898,-9465,0,0
20899,-11354,0,0
20900,-9295,0,0
20901,-20271,0,0
20902,-20387,0,0
20903,-1415,0,0
20904,-624,0,0
20905,-16579,0,0
20906,9043,0,0
20907,6996,0,0
20908,-12396,0,0
20909,-10282,0,0
20910,-6227,0,0
20911,593,0,0
20912,374,0,0
20913,6280,0,0
20914,-16973,0,0
20915,-20431,0,0
20916,-15134,0,0
20917,-20813,0,0
20918,-7296,0,0
20919,-17383,0,0
20920,-15532,0,0
20921,-8671,0,0
20922,8969,0,0
20923,-1101,0,0
20924,-15134,0,0
20925,-19706,0,0
20926,1899,0,0
20927,-10973,0,0
20928,-10779,0,0
20929,-6479,0,0
20930,-15861,0,0
20931,17526,0,0
20932,1993,0,0
20933,-17560,0,0
20934,9907,0,0
20935,-11523,0,0
20936,-14699,0,0
20937,-7203,0,0
20938,5358,0,0
20939,-13618,0,0
20940,-9132,0,0
20941,-16712,0,0
20942,-15398,0,0
20943,-23107,0,0
20944,-16788,0,0
20945,6688,0,0
20946,-14206,0,0
20947,5874,0,0
20948,-15205,0,0
20949,-951,0,0
20950,-409,0,0
20951,4427,0,0
20952,-14379,0,0
20953,1255,0,0
20954,-10163,0,0
20955,4520,0,0
20956,19574,0,0
20957,11387,0,0
20958,-8059,0,0
20959,-10906,0,0
20960,-14910,0,0
20961,6725,0,0
20962,-10417,0,0
20963,15252,0,0
20964,15729,0,0
20965,-21617,0,0
20966,7761,0,0
20967,2469,0,0
20968,-8339,0,0
20969,-10916,0,0
20970,13700,0,0
20971,-349,0,0
20972,-7805,0,0
20973,8922,0,0
20974,-11607,0,0
20975,-13730,0,0
20976,-8353,0,0
20977,14588,0,0
20978,20981,0,0
20979,8099,0,0
20980,-4304,0,0
20981,15333,0,0
20982,-16199,0,0
20983,16263,0,0
20984,17744,0,-15000
20985,9198,0,0
20986,5526,0,0
20987,-5842,0,0
20988,6855,0,0
20989,11730,0,0
20990,-8462,0,0
20991,-6470,0,0
20992,-16457,0,0
20993,6411,0,0
20994,19389,0,0
20995,13609,0,0
20996,-6179,0,0
20997,-3887,0,0
20998,20011,0,0
20999,-3754,0,0
21000,-5352,0,0
21001,-3090,0,0
21002,12041,0,0
21003,5139,0,0
21004,-440,0,0
21005,10095,0,0
21006,12188,0,0
21007,12186,0,0
21008,2832,0,0
21009,-10651,0,0
21010,-13309,0,0
21011,8866,0,0
21012,6606,0,0
21013,8866,0,0
21014,13322,0,0
21015,13753,0,0
21016,911,0,0
21017,-5100,0,0
21018,-7514,0,0
21019,-8710,0,0
21020,-5777,0,0
21021,10445,0,0
21022,10211,0,0
21023,-16011,0,0
21024,13525,0,0
21025,10416,0,0
21026,5381,0,0
21027,15986,0,0
21028,22171,0,0
21029,4054,0,0
21030,6228,0,0
21031,15398,0,0
21032,14686,0,0
21033,10921,0,0
21034,20777,0,0
21035,13892,0,0
21036,-13010,0,0
21037,11169,0,0
21038,14445,0,0
21039,2572,0,0
21040,8791,0,0
21041,14058,0,0
21042,18435,0,0
21043,11879,0,0
21044,22329,0,0
21045,16296,0,0
21046,-2854,0,0
21047,13841,0,0
21048,6047,0,0
21049,15364,0,0
21050,-3047,0,0
21051,-9118,0,0
21052,-8867,0,0
21053,-2326,0,0
21054,1189,0,0
21055,9234,0,0
21056,10528,0,0
21057,12834,0,0
21058,20621,0,0
21059,-5022,0,0
21060,-9455,0,0
21061,13396,0,0
21062,1597,0,0
21063,19226,0,0
21064,5329,0,0
21065,22170,0,0
21066,19586,0,0
21067,17336,0,0
21068,2850,0,0
21069,14627,0,0
21070,7566,0,0
21071,21280,0,0
21072,19352,0,0
21073,-15841,0,0
21074,8648,0,0
21075,11268,0,0
21076,12395,0,0
21077,9941,0,0
21078,9105,0,0
21079,3871,0,0
21080,19263,0,0
21081,-2931,0,0
21082,17442,0,0
21083,19900,0,0
21084,4462,0,0
21085,-16499,0,0
21086,16154,0,0
21087,23140,0,0
21088,16438,0,0
21089,5982,0,0
21090,16383,0,0
21091,2867,0,0
21092,-5119,0,0
21093,16907,0,0
21094,8098,0,0
21095,17616,0,0
21096,15133,0,0
21097,17214,0,0
21098,17909,0,0
21099,10846,0,0
21100,18265,0,0
21101,13694,0,0
21102,-9192,0,0
21103,10077,0,0
21104,18608,0,0
21105,17031,0,0
21106,18457,0,0
21107,-8668,0,0
21108,-178,0,0
21109,17425,0,0
21110,-11483,0,0
21111,18788,0,0
21112,1423,15000,0
21113,4756,0,0
21114,16959,0,0
21115,-4326,0,0
21116,13226,0,0
21117,2128,0,0
21118,8813,0,0
21119,14108,0,0
21120,16877,0,0
21121,-19532,0,0
21122,12630,0,0
21123,11649,0,0
21124,9744,0,0
21125,14745,0,0
21126,15899,0,0
21127,6534,0,0
21128,3393,0,0
21129,-1464,0,0
21130,11306,0,0
21131,13454,0,0
21132,17361,0,0
21133,-787,0,0
21134,20158,0,0
21135,6178,0,0
21136,16757,0,0
21137,14517,0,0
21138,12007,0,0
21139,6726,0,0
21140,-19590,0,0
21141,15252,0,0
21142,14185,0,0
21143,19585,0,0
21144,1840,0,0
21145,18190,0,0
21146,8866,0,0
21147,-6298,0,0
21148,9728,0,0
21149,20407,0,0
21150,-3433,0,0
21151,14731,0,0
21152,-319,0,0
21153,12377,0,0
21154,12695,0,0
21155,4928,0,0
21156,16092,0,0
21157,-14250,0,0
21158,2126,0,0
21159,-7624,0,0
21160,12497,0,0
21161,15995,0,0
21162,12506,0,0
21163,17141,0,0
21164,19160,0,0
21165,12046,0,0
21166,17609,0,0
21167,14637,0,0
21168,15024,0,0
21169,12174,0,0
21170,17536,0,0
21171,13871,0,0
21172,1824,0,0
21173,7046,0,0
21174,11117,0,0
21175,6141,0,0
21176,21404,0,0
21177,-10953,0,0
21178,21181,0,0
21179,2984,0,0
21180,17933,0,0
21181,-1993,0,0
21182,-16839,0,0
21183,-2693,0,0
21184,11717,0,0
21185,-4288,0,0
21186,17914,0,0
21187,6545,0,0
21188,6406,0,0
21189,13134,0,0
21190,18264,0,0
21191,-10833,0,0
21192,-10704,0,0
21193,-6033,0,0
21194,-9503,0,0
21195,-10566,0,0
21196,16383,0,0
21197,-569,0,0
21198,-16677,0,0
21199,-14838,0,0
21200,-11304,0,0
21201,-7064,0,0
21202,-11343,0,0
21203,13169,0,0
21204,-13173,0,0
21205,-22330,0,0
21206,-10432,0,0
21207,-11919,0,0
21208,-21182,0,0
21209,-8263,0,0
21210,-13071,0,0
21211,-17030,0,0
21212,-14528,0,0
21213,-20159,0,0
21214,-5352,0,0
21215,-3522,0,0
21216,-19573,0,0
21217,-13802,0,0
21218,-15155,0,0
21219,-6715,0,0
21220,13716,0,0
21221,-10864,0,0
21222,-10216,0,0
21223,-15627,0,0
21224,15272,0,0
21225,-17663,0,0
21226,-14614,0,0
21227,4337,0,0
21228,-9875,0,0
21229,-2098,0,0
21230,635,0,0
21231,2008,0,0
21232,-14998,0,0
21233,12995,0,0
21234,-2210,0,0
21235,825,0,0
21236,16190,0,0
21237,2653,0,0
21238,2843,0,0
21239,568,0,-15000
21240,2581,0,0
21241,-10908,0,0
21242,-974,0,0
21243,8962,0,0
21244,18265,0,0
21245,-16250,0,0
21246,-14459,0,0
21247,17268,0,0
21248,-6091,0,0
21249,9332,0,0
21250,3767,0,0
21251,-1978,0,0
21252,6055,0,0
21253,18254,0,0
21254,6726,0,0
21255,-16482,0,0
21256,15484,0,0
21257,-14344,0,0
21258,3399,0,0
21259,7689,0,0
21260,-20284,0,0
21261,15057,0,0
21262,1137,0,0
21263,17167,0,0
21264,-357,0,0
21265,16779,0,0
21266,-7302,0,0
21267,-16384,0,0
21268,-23169,0,0
21269,11024,0,0
21270,-12195,0,0
21271,-16437,0,0
21272,-18708,0,0
21273,-14144,0,0
21274,-8488,0,0
21275,8192,0,0
21276,12744,0,0
21277,-17010,0,0
21278,-17073,0,0
21279,-14154,0,0
21280,13509,0,0
21281,-109,0,0
21282,-14549,0,0
21283,576,0,0
21284,-18075,0,0
21285,-21209,0,0
21286,-9858,0,0
21287,768,0,0
21288,-13872,0,0
21289,-19053,0,0
21290,-16005,0,0
21291,-22724,0,0
21292,-18164,0,0
21293,-16280,0,0
21294,-15145,0,0
21295,-22995,0,0
21296,-17587,0,0
21297,-15913,0,0
21298,-15776,0,0
21299,-15186,0,0
21300,-17127,0,0
21301,-19363,0,0
21302,-8209,0,0
21303,-19114,0,0
21304,6768,0,0
21305,-19381,0,0
21306,-15977,0,0
21307,-15770,0,0
21308,-4535,0,0
21309,-10222,0,0
21310,-15560,0,0
21311,-23141,0,0
21312,-16396,0,0
21313,13048,0,0
21314,-14699,0,0
21315,-22995,0,0
21316,-18610,0,0
21317,10000,0,0
21318,15104,0,0
21319,4636,0,0
21320,-13857,0,0
21321,-1592,0,0
21322,-19757,0,0
21323,6660,0,0
21324,-11519,0,0
21325,13458,0,0
21326,-16825,0,0
21327,-1613,0,0
21328,-13222,0,0
21329,-11343,0,0
21330,21998,0,0
21331,10416,0,0
21332,-339,0,0
21333,-15410,0,0
21334,-14487,0,0
21335,-17259,0,0
21336,11654,0,0
21337,-15688,0,0
21338,10596,0,0
21339,-19265,0,0
21340,-7100,0,0
21341,13801,0,0
21342,-14946,0,0
21343,-1588,0,0
21344,-2811,0,0
21345,15757,0,0
21346,-5864,0,0
21347,15559,0,0
21348,11950,0,0
21349,-16549,0,0
21350,-23162,0,0
21351,-16780,0,0
21352,-569,0,0
21353,16356,0,0
21354,-12444,0,0
21355,-16179,0,0
21356,23140,0,0
21357,-5596,0,0
21358,-3430,0,0
21359,2419,0,0
21360,15741,0,0
21361,-3445,0,0
21362,-3400,0,0
21363,2101,0,0
21364,-3962,0,0
21365,3904,0,0
21366,-9844,0,0
21367,10259,15000,0
21368,18530,0,0
21369,17305,0,0
21370,-156,0,0
21371,-15867,0,0
21372,-5164,0,0
21373,11855,0,0
21374,-13486,0,0
21375,8814,0,0
21376,22329,0,0
21377,6810,0,0
21378,-2667,0,0
21379,-10205,0,0
21380,15884,0,0
21381,-20434,0,0
21382,3059,0,0
21383,14012,0,0
21384,-4402,0,0
21385,-2066,0,0
21386,-4748,0,0
21387,-147,0,0
21388,11464,0,0
21389,10921,0,0
21390,12333,0,0
21391,10921,0,0
21392,-3334,0,0
21393,12486,0,0
21394,-6726,0,0
21395,-13081,0,0
21396,285,0,0
21397,13412,0,0
21398,9705,0,0
21399,10417,0,0
21400,3266,0,0
21401,18882,0,0
21402,22170,0,0
21403,-1302,0,0
21404,13357,0,0
21405,-9550,0,0
21406,21999,0,0
21407,10603,0,0
21408,-3386,0,0
21409,-8897,0,0
21410,-10493,0,0
21411,9905,0,0
21412,9060,0,0
21413,11379,0,0
21414,5288,0,0
21415,9388,0,0
21416,8556,0,0
21417,11622,0,0
21418,15661,0,0
21419,9905,0,0
21420,21814,0,0
21421,16515,0,0
21422,16199,0,0
21423,-3658,0,0
21424,9684,0,0
21425,11147,0,0
21426,21404,0,0
21427,8948,0,0
21428,21404,0,0
21429,8422,0,0
21430,18912,0,0
21431,-365,0,0
21432,9569,0,0
21433,18172,0,0
21434,17000,0,0
21435,14546,0,0
21436,7149,0,0
21437,-1642,0,0
21438,-8299,0,0
21439,22723,0,0
21440,13829,0,0
21441,-9069,0,0
21442,-5711,0,0
21443,2836,0,0
21444,-14255,0,0
21445,11016,0,0
21446,17063,0,0
21447,-3584,0,0
21448,689,0,0
21449,5424,0,0
21450,16597,0,0
21451,17332,0,0
21452,15559,0,0
21453,11951,0,0
21454,8255,0,0
21455,3565,0,0
21456,-10828,0,0
21457,2307,0,0
21458,13340,0,0
21459,18194,0,0
21460,12395,0,0
21461,21050,0,0
21462,-953,0,0
21463,19848,0,0
21464,10417,0,0
21465,-5754,0,0
21466,1025,0,0
21467,19849,0,0
21468,17402,0,0
21469,18733,0,0
21470,18437,0,0
21471,-13341,0,0
21472,2836,0,0
21473,3125,0,0
21474,-11569,0,0
21475,10388,0,0
21476,23140,0,0
21477,1606,0,0
21478,4761,0,0
21479,17748,0,0
21480,-5630,0,0
21481,10921,0,0
21482,-3184,0,0
21483,-13254,0,0
21484,-1328,0,0
21485,21999,0,0
21486,-4023,0,0
21487,10523,0,0
21488,-864,0,0
21489,-12862,0,0
21490,-15209,0,0
21491,14495,0,0
21492,9591,0,0
21493,-13184,0,0
21494,13657,0,0
21495,23168,0,-15000
21496,6698,0,0
21497,-6928,0,0
21498,9728,0,0
21499,2210,0,0
21500,-6622,0,0
21501,4338,0,0
21502,7198,0,0
21503,-17783,0,0
21504,2418,0,0
21505,9905,0,0
21506,-4922,0,0
21507,11911,0,0
21508,17181,0,0
21509,-18475,0,0
21510,10652,0,0
21511,15133,0,0
21512,-9381,0,0
21513,-2606,0,0
21514,7414,0,0
21515,9827,0,0
21516,6420,0,0
21517,5712,0,0
21518,10433,0,0
21519,-303,0,0
21520,-5015,0,0
21521,18712,0,0
21522,8423,0,0
21523,10116,0,0
21524,1421,0,0
21525,20682,0,0
21526,-433,0,0
21527,7357,0,0
21528,13262,0,0
21529,3960,0,0
21530,13801,0,0
21531,17241,0,0
21532,16446,0,0
21533,11425,0,0
21534,16412,0,0
21535,10330,0,0
21536,14241,0,0
21537,15033,0,0
21538,15976,0,0
21539,-4190,0,0
21540,15976,0,0
21541,-8011,0,0
21542,-500,0,0
21543,-12678,0,0
21544,-7506,0,0
21545,2827,0,0
21546,7045,0,0
21547,10310,0,0
21548,9371,0,0
21549,1703,0,0
21550,14022,0,0
21551,22994,0,0
21552,18942,0,0
21553,-14025,0,0
21554,6079,0,0
21555,5132,0,0
21556,14707,0,0
21557,14507,0,0
21558,12443,0,0
21559,19463,0,0
21560,16843,0,0
21561,19983,0,0
21562,-2721,0,0
21563,230,0,0
21564,6198,0,0
21565,15618,0,0
21566,20383,0,0
21567,9583,0,0
21568,1355,0,0
21569,-9921,0,0
21570,-15145,0,0
21571,15133,0,0
21572,7628,0,0
21573,16615,0,0
21574,-6424,0,0
21575,-3310,0,0
21576,3430,0,0
21577,14254,0,0
21578,20118,0,0
21579,16202,0,0
21580,14692,0,0
21581,9640,0,0
21582,19623,0,0
21583,14438,0,0
21584,18877,0,0
21585,18196,0,0
21586,16548,0,0
21587,18695,0,0
21588,21404,0,0
21589,21616,0,0
21590,20139,0,0
21591,-2848,0,0
21592,15340,0,0
21593,22329,0,0
21594,2351,0,0
21595,10169,0,0
21596,19573,0,0
21597,11098,0,0
21598,19263,0,0
21599,-3757,0,0
21600,5237,0,0
21601,18503,0,0
21602,-6707,0,0
21603,23056,0,0
21604,15999,0,0
21605,6886,0,0
21606,-3447,0,0
21607,6574,0,0
21608,16257,0,0
21609,-273,0,0
21610,-1601,0,0
21611,4667,0,0
21612,-15977,0,0
21613,23161,0,0
21614,15769,0,0
21615,23161,0,0
21616,13827,0,0
21617,9765,0,0
21618,16532,0,0
21619,7254,0,0
21620,15975,0,0
21621,17032,0,0
21622,-4464,0,0
21623,9160,15000,0
21624,6728,0,0
21625,14581,0,0
21626,9407,0,0
21627,9437,0,0
21628,16037,0,0
21629,12189,0,0
21630,16291,0,0
21631,18743,0,0
21632,16398,0,0
21633,-5513,0,0
21634,-4388,0,0
21635,17279,0,0
21636,16611,0,0
21637,-10317,0,0
21638,8545,0,0
21639,5152,0,0
21640,-2423,0,0
21641,13483,0,0
21642,15986,0,0
21643,-6268,0,0
21644,8173,0,0
21645,5977,0,0
21646,7333,0,0
21647,16324,0,0
21648,16354,0,0
21649,12851,0,0
21650,15993,0,0
21651,-5007,0,0
21652,15160,0,0
21653,7847,0,0
21654,3326,0,0
21655,3965,0,0
21656,-5204,0,0
21657,-18185,0,0
21658,12871,0,0
21659,9540,0,0
21660,-19265,0,0
21661,-1860,0,0
21662,-18535,0,0
21663,22705,0,0
21664,-10372,0,0
21665,13035,0,0
21666,7236,0,0
21667,-6348,0,0
21668,2203,0,0
21669,16310,0,0
21670,2815,0,0
21671,22605,0,0
21672,12395,0,0
21673,8393,0,0
21674,4355,0,0
21675,8508,0,0
21676,-12140,0,0
21677,-2149,0,0
21678,-10827,0,0
21679,-3349,0,0
21680,14149,0,0
21681,7732,0,0
21682,-9443,0,0
21683,-6646,0,0
21684,-488,0,0
21685,8,0,0
21686,-20695,0,0
21687,-10565,0,0
21688,10417,0,0
21689,5580,0,0
21690,4512,0,0
21691,-7705,0,0
21692,-13144,0,0
21693,-7269,0,0
21694,-9863,0,0
21695,-7268,0,0
21696,-20695,0,0
21697,7087,0,0
21698,9906,0,0
21699,-15897,0,0
21700,-3536,0,0
21701,-7269,0,0
21702,10107,0,0
21703,-5752,0,0
21704,9906,0,0
21705,-1030,0,0
21706,1187,0,0
21707,-12734,0,0
21708,21404,0,0
21709,-8867,0,0
21710,-16251,0,0
21711,-18611,0,0
21712,-7175,0,0
21713,-3656,0,0
21714,-11830,0,0
21715,-12512,0,0
21716,-99,0,0
21717,425,0,0
21718,-9535,0,0
21719,2475,0,0
21720,-1915,0,0
21721,-11900,0,0
21722,-1137,0,0
21723,-16704,0,0
21724,-19374,0,0
21725,-16384,0,0
21726,-23170,0,0
21727,429,0,0
21728,-23141,0,0
21729,-16065,0,0
21730,-7121,0,0
21731,-14519,0,0
21732,-6721,0,0
21733,7146,0,0
21734,-22214,0,0
21735,-19438,0,0
21736,-22330,0,0
21737,-16512,0,0
21738,-12407,0,0
21739,-8867,0,0
21740,-21181,0,0
21741,-6319,0,0
21742,12745,0,0
21743,-12141,0,0
21744,14901,0,0
21745,2411,0,0
21746,4411,0,0
21747,4442,0,0
21748,-14698,0,0
21749,-1704,0,0
21750,-16689,0,0
21751,18027,0,-15000
21752,-5312,0,0
21753,8320,0,0
21754,5809,0,0
21755,7089,0,0
21756,-13019,0,0
21757,-14974,0,0
21758,10141,0,0
21759,2200,0,0
21760,-6190,0,0
21761,14941,0,0
21762,4503,0,0
21763,-7805,0,0
21764,-9378,0,0
21765,15306,0,0
21766,7805,0,0
21767,-10418,0,0
21768,-3341,0,0
21769,-11912,0,0
21770,5076,0,0
21771,12866,0,0
21772,-11762,0,0
21773,12511,0,0
21774,-5828,0,0
21775,-13234,0,0
21776,1136,0,0
21777,4321,0,0
21778,-10157,0,0
21779,2606,0,0
21780,-3643,0,0
21781,-15882,0,0
21782,-11543,0,0
21783,595,0,0
21784,-18288,0,0
21785,-16397,0,0
21786,-8984,0,0
21787,-8166,0,0
21788,-5528,0,0
21789,9438,0,0
21790,-15134,0,0
21791,-20434,0,0
21792,-20266,0,0
21793,-20945,0,0
21794,11836,0,0
21795,-10362,0,0
21796,1462,0,0
21797,-21999,0,0
21798,-17434,0,0
21799,-9306,0,0
21800,8298,0,0
21801,-22724,0,0
21802,-15135,0,0
21803,-7804,0,0
21804,-15594,0,0
21805,9117,0,0
21806,-6267,0,0
21807,-4329,0,0
21808,8093,0,0
21809,-10225,0,0
21810,-16757,0,0
21811,-4867,0,0
21812,-13072,0,0
21813,-11245,0,0
21814,-16376,0,0
21815,-7267,0,0
21816,-16268,0,0
21817,-6909,0,0
21818,-8824,0,0
21819,-19897,0,0
21820,-12657,0,0
21821,-2678,0,0
21822,-7030,0,0
21823,-15378,0,0
21824,56,0,0
21825,13089,0,0
21826,-12395,0,0
21827,-14615,0,0
21828,-18523,0,0
21829,-21181,0,0
21830,-15587,0,0
21831,-20695,0,0
21832,1285,0,0
21833,-18408,0,0
21834,-8075,0,0
21835,-18681,0,0
21836,-2529,0,0
21837,-18265,0,0
21838,5373,0,0
21839,-15263,0,0
21840,10078,0,0
21841,-14482,0,0
21842,15125,0,0
21843,264,0,0
21844,-18701,0,0
21845,14688,0,0
21846,6614,0,0
21847,-1218,0,0
21848,3110,0,0
21849,-315,0,0
21850,8337,0,0
21851,19894,0,0
21852,13768,0,0
21853,13462,0,0
21854,14378,0,0
21855,17043,0,0
21856,5816,0,0
21857,-1086,0,0
21858,-167,0,0
21859,601,0,0
21860,-11685,0,0
21861,15641,0,0
21862,4209,0,0
21863,161,0,0
21864,-16071,0,0
21865,-3113,0,0
21866,16965,0,0
21867,-8209,0,0
21868,-16538,0,0
21869,4051,0,0
21870,629,0,0
21871,5890,0,0
21872,18382,0,0
21873,13617,0,0
21874,17742,0,0
21875,2477,0,0
21876,12024,0,0
21877,15327,0,0
21878,17401,0,0
21879,4050,15000,0
21880,14340,0,0
21881,20610,0,0
21882,15342,0,0
21883,-1780,0,0
21884,17730,0,0
21885,8121,0,0
21886,12172,0,0
21887,-7641,0,0
21888,-5717,0,0
21889,3325,0,0
21890,8576,0,0
21891,20097,0,0
21892,15910,0,0
21893,14834,0,0
21894,14280,0,0
21895,1993,0,0
21896,9563,0,0
21897,18577,0,0
21898,17867,0,0
21899,15078,0,0
21900,3701,0,0
21901,3472,0,0
21902,7960,0,0
21903,-9334,0,0
21904,22286,0,0
21905,8846,0,0
21906,4102,0,0
21907,-601,0,0
21908,22537,0,0
21909,17542,0,0
21910,13281,0,0
21911,3542,0,0
21912,568,0,0
21913,-6397,0,0
21914,20500,0,0
21915,15975,0,0
21916,12662,0,0
21917,-17168,0,0
21918,-10212,0,0
21919,14698,0,0
21920,16562,0,0
21921,5087,0,0
21922,22918,0,0
21923,649,0,0
21924,7871,0,0
21925,-7211,0,0
21926,548,0,0
21927,-3882,0,0
21928,6388,0,0
21929,13731,0,0
21930,-22330,0,0
21931,9324,0,0
21932,9711,0,0
21933,-10287,0,0
21934,-4881,0,0
21935,-17190,0,0
21936,-8867,0,0
21937,-2544,0,0
21938,14300,0,0
21939,-22000,0,0
21940,-10922,0,0
21941,-14596,0,0
21942,-7084,0,0
21943,-22606,0,0
21944,-11760,0,0
21945,3883,0,0
21946,18609,0,0
21947,368,0,0
21948,-14255,0,0
21949,-23058,0,0
21950,-15233,0,0
21951,-10795,0,0
21952,-17340,0,0
21953,-12414,0,0
21954,-555,0,0
21955,-12041,0,0
21956,-14722,0,0
21957,-13840,0,0
21958,-5391,0,0
21959,-20638,0,0
21960,-2766,0,0
21961,-13721,0,0
21962,-16162,0,0
21963,568,0,0
21964,-5576,0,0
21965,-7580,0,0
21966,-11948,0,0
21967,-23133,0,0
21968,-690,0,0
21969,-23141,0,0
21970,-15922,0,0
21971,-19693,0,0
21972,-16116,0,0
21973,-3109,0,0
21974,-13342,0,0
21975,-19469,0,0
21976,-14415,0,0
21977,-22475,0,0
21978,-12611,0,0
21979,7418,0,0
21980,-10418,0,0
21981,-9496,0,0
21982,-7858,0,0
21983,-19119,0,0
21984,-16707,0,0
21985,10316,0,0
21986,-7806,0,0
21987,-15994,0,0
21988,-7269,0,0
21989,-11225,0,0
21990,-16150,0,0
21991,-14634,0,0
21992,6564,0,0
21993,-18523,0,0
21994,-14491,0,0
21995,-19575,0,0
21996,-17409,0,0
21997,-2258,0,0
21998,-7916,0,0
21999,-4188,0,0
22000,-22918,0,0
22001,-16063,0,0
22002,-1343,0,0
22003,-5289,0,0
22004,-18784,0,0
22005,-10556,0,0
22006,1658,0,0
22007,17726,0,-15000
22008,10251,0,0
22009,8617,0,0
22010,-1922,0,0
22011,11535,0,0
22012,17750,0,0
22013,-9048,0,0
22014,-12071,0,0
22015,102,0,0
22016,2194,0,0
22017,-16017,0,0
22018,2336,0,0
22019,17102,0,0
22020,10472,0,0
22021,11450,0,0
22022,16604,0,0
22023,15840,0,0
22024,10629,0,0
22025,6960,0,0
22026,20382,0,0
22027,8499,0,0
22028,9770,0,0
22029,15316,0,0
22030,10876,0,0
22031,9310,0,0
22032,-7565,0,0
22033,13884,0,0
22034,18202,0,0
22035,10416,0,0
22036,-7240,0,0
22037,-3273,0,0
22038,5405,0,0
22039,17538,0,0
22040,532,0,0
22041,12151,0,0
22042,20944,0,0
22043,7804,0,0
22044,15108,0,0
22045,21726,0,0
22046,-8599,0,0
22047,5165,0,0
22048,20694,0,0
22049,17674,0,0
22050,13742,0,0
22051,20368,0,0
22052,15525,0,0
22053,-9515,0,0
22054,9526,0,0
22055,15347,0,0
22056,11905,0,0
22057,12590,0,0
22058,-3443,0,0
22059,5075,0,0
22060,891,0,0
22061,5076,0,0
22062,19390,0,0
22063,722,0,0
22064,-1889,0,0
22065,7061,0,0
22066,-2405,0,0
22067,-9269,0,0
22068,19872,0,0
22069,14916,0,0
22070,13283,0,0
22071,8410,0,0
22072,18843,0,0
22073,20944,0,0
22074,1196,0,0
22075,22605,0,0
22076,15374,0,0
22077,-12311,0,0
22078,13741,0,0
22079,22006,0,0
22080,20433,0,0
22081,10554,0,0
22082,-14939,0,0
22083,21814,0,0
22084,21180,0,0
22085,4511,0,0
22086,11766,0,0
22087,18990,0,0
22088,14479,0,0
22089,13057,0,0
22090,17188,0,0
22091,20694,0,0
22092,6178,0,0
22093,1159,0,0
22094,5550,0,0
22095,19831,0,0
22096,14241,0,0
22097,1494,0,0
22098,-16122,0,0
22099,9631,0,0
22100,22723,0,0
22101,17361,0,0
22102,5076,0,0
22103,14978,0,0
22104,20499,0,0
22105,14209,0,0
22106,22474,0,0
22107,15831,0,0
22108,21499,0,0
22109,11814,0,0
22110,19391,0,0
22111,20915,0,0
22112,2416,0,0
22113,13181,0,0
22114,-1200,0,0
22115,21265,0,0
22116,11395,0,0
22117,19468,0,0
22118,2043,0,0
22119,21999,0,0
22120,3410,0,0
22121,-414,0,0
22122,4132,0,0
22123,649,0,0
22124,16666,0,0
22125,7201,0,0
22126,-17410,0,0
22127,-5357,0,0
22128,-5452,0,0
22129,-16103,0,0
22130,17980,0,0
22131,5844,0,0
22132,10416,0,0
22133,-4167,0,0
22134,7600,0,0
22135,12294,15000,0
22136,19310,0,0
22137,-2953,0,0
22138,12871,0,0
22139,-4521,0,0
22140,13270,0,0
22141,7069,0,0
22142,13341,0,0
22143,-8511,0,0
22144,17319,0,0
22145,22994,0,0
22146,14254,0,0
22147,-11879,0,0
22148,15799,0,0
22149,-7145,0,0
22150,407,0,0
22151,-104,0,0
22152,14698,0,0
22153,8227,0,0
22154,-5510,0,0
22155,4015,0,0
22156,-10268,0,0
22157,19241,0,0
22158,6746,0,0
22159,10753,0,0
22160,14553,0,0
22161,12820,0,0
22162,16323,0,0
22163,5940,0,0
22164,6289,0,0
22165,-5250,0,0
22166,18265,0,0
22167,3894,0,0
22168,2875,0,0
22169,11194,0,0
22170,-4863,0,0
22171,8786,0,0
22172,19263,0,0
22173,2235,0,0
22174,17262,0,0
22175,11207,0,0
22176,3275,0,0
22177,14713,0,0
22178,15535,0,0
22179,11608,0,0
22180,-2821,0,0
22181,20441,0,0
22182,4449,0,0
22183,13368,0,0
22184,19067,0,0
22185,14505,0,0
22186,814,0,0
22187,10921,0,0
22188,16743,0,0
22189,8119,0,0
22190,-5365,0,0
22191,13651,0,0
22192,-6437,0,0
22193,9159,0,0
22194,2039,0,0
22195,-5102,0,0
22196,18782,0,0
22197,-1539,0,0
22198,6259,0,0
22199,-10291,0,0
22200,17011,0,0
22201,8286,0,0
22202,-3771,0,0
22203,16128,0,0
22204,5187,0,0
22205,9087,0,0
22206,13420,0,0
22207,-570,0,0
22208,1079,0,0
22209,17909,0,0
22210,5034,0,0
22211,18264,0,0
22212,16780,0,0
22213,14445,0,0
22214,4520,0,0
22215,19574,0,0
22216,7458,0,0
22217,13183,0,0
22218,6725,0,0
22219,20944,0,0
22220,-1876,0,0
22221,21405,0,0
22222,-14127,0,0
22223,-4563,0,0
22224,20238,0,0
22225,-1534,0,0
22226,14199,0,0
22227,10791,0,0
22228,10378,0,0
22229,13323,0,0
22230,18712,0,0
22231,-7440,0,0
22232,13801,0,0
22233,-2837,0,0
22234,14855,0,0
22235,6481,0,0
22236,-7291,0,0
22237,23161,0,0
22238,16219,0,0
22239,-569,0,0
22240,16382,0,0
22241,574,0,0
22242,16382,0,0
22243,17326,0,0
22244,1371,0,0
22245,11923,0,0
22246,17543,0,0
22247,2270,0,0
22248,-16070,0,0
22249,10170,0,0
22250,14670,0,0
22251,22605,0,0
22252,1032,0,0
22253,14541,0,0
22254,-4059,0,0
22255,15948,0,0
22256,8384,0,0
22257,-6555,0,0
22258,16740,0,0
22259,-15067,0,0
22260,11101,0,0
22261,12742,0,0
22262,7706,0,0
22263,-11711,0,-15000
22264,11589,0,0
22265,6427,0,0
22266,11582,0,0
22267,1657,0,0
22268,7316,0,0
22269,16320,0,0
22270,-667,0,0
22271,6460,0,0
22272,17615,0,0
22273,9123,0,0
22274,-16320,0,0
22275,8280,0,0
22276,4045,0,0
22277,-10839,0,0
22278,2124,0,0
22279,18653,0,0
22280,15061,0,0
22281,-5091,0,0
22282,12767,0,0
22283,13977,0,0
22284,-3603,0,0
22285,15428,0,0
22286,20694,0,0
22287,22170,0,0
22288,-3960,0,0
22289,20053,0,0
22290,18466,0,0
22291,22828,0,0
22292,-4801,0,0
22293,4358,0,0
22294,8000,0,0
22295,12255,0,0
22296,16898,0,0
22297,7275,0,0
22298,15733,0,0
22299,14148,0,0
22300,9096,0,0
22301,1099,0,0
22302,16517,0,0
22303,13472,0,0
22304,15418,0,0
22305,6172,0,0
22306,7928,0,0
22307,19971,0,0
22308,15538,0,0
22309,16858,0,0
22310,13066,0,0
22311,6056,0,0
22312,19872,0,0
22313,18144,0,0
22314,6029,0,0
22315,9071,0,0
22316,18089,0,0
22317,-13166,0,0
22318,13509,0,0
22319,13778,0,0
22320,-2563,0,0
22321,7805,0,0
22322,-16770,0,0
22323,-5731,0,0
22324,15356,0,0
22325,3569,0,0
22326,6850,0,0
22327,14256,0,0
22328,10499,0,0
22329,11251,0,0
22330,6179,0,0
22331,-11911,0,0
22332,14114,0,0
22333,11424,0,0
22334,19247,0,0
22335,17308,0,0
22336,15438,0,0
22337,17909,0,0
22338,23106,0,0
22339,6224,0,0
22340,19634,0,0
22341,16382,0,0
22342,2117,0,0
22343,1202,0,0
22344,11817,0,0
22345,10857,0,0
22346,12468,0,0
22347,-2813,0,0
22348,22329,0,0
22349,10416,0,0
22350,21616,0,0
22351,18176,0,0
22352,20694,0,0
22353,17985,0,0
22354,3098,0,0
22355,7509,0,0
22356,-3454,0,0
22357,2836,0,0
22358,5794,0,0
22359,1846,0,0
22360,-2598,0,0
22361,2530,0,0
22362,-15976,0,0
22363,23168,0,0
22364,-1077,0,0
22365,-5372,0,0
22366,4612,0,0
22367,3467,0,0
22368,12808,0,0
22369,9683,0,0
22370,17319,0,0
22371,-9773,0,0
22372,2644,0,0
22373,21998,0,0
22374,9905,0,0
22375,-18780,0,0
22376,13703,0,0
22377,21181,0,0
22378,10084,0,0
22379,10921,0,0
22380,2409,0,0
22381,-944,0,0
22382,6086,0,0
22383,18942,0,0
22384,-12367,0,0
22385,16906,0,0
22386,-6198,0,0
22387,-14202,0,0
22388,7243,0,0
22389,16017,0,0
22390,14577,0,0
22391,-16979,15000,0
22392,19774,0,0
22393,4008,0,0
22394,-3332,0,0
22395,12676,0,0
22396,10931,0,0
22397,11529,0,0
22398,7698,0,0
22399,13468,0,0
22400,3142,0,0
22401,6119,0,0
22402,-17903,0,0
22403,-13405,0,0
22404,17753,0,0
22405,20847,0,0
22406,-14255,0,0
22407,2271,0,0
22408,17317,0,0
22409,-19082,0,0
22410,-15977,0,0
22411,-6685,0,0
22412,-1557,0,0
22413,-1137,0,0
22414,-17700,0,0
22415,9045,0,0
22416,-18943,0,0
22417,15892,0,0
22418,-13124,0,0
22419,-6180,0,0
22420,18730,0,0
22421,-6253,0,0
22422,8866,0,0
22423,12443,0,0
22424,213,0,0
22425,10486,0,0
22426,-8272,0,0
22427,-1690,0,0
22428,5076,0,0
22429,-5773,0,0
22430,4526,0,0
22431,-3693,0,0
22432,-18352,0,0
22433,15208,0,0
22434,568,0,0
22435,4730,0,0
22436,-8903,0,0
22437,3122,0,0
22438,-9396,0,0
22439,-13157,0,0
22440,-8882,0,0
22441,14254,0,0
22442,-4154,0,0
22443,-18943,0,0
22444,-17068,0,0
22445,-4839,0,0
22446,-22330,0,0
22447,1501,0,0
22448,12800,0,0
22449,-1084,0,0
22450,-15763,0,0
22451,7805,0,0
22452,11631,0,0
22453,-6633,0,0
22454,-6174,0,0
22455,4196,0,0
22456,15785,0,0
22457,-12416,0,0
22458,5036,0,0
22459,-22481,0,0
22460,15476,0,0
22461,-22002,0,0
22462,-399,0,0
22463,12751,0,0
22464,-15134,0,0
22465,-4248,0,0
22466,-6616,0,0
22467,2371,0,0
22468,-16383,0,0
22469,-11148,0,0
22470,-16634,0,0
22471,-1137,0,0
22472,-11789,0,0
22473,-12234,0,0
22474,-2806,0,0
22475,-2238,0,0
22476,-14916,0,0
22477,-5870,0,0
22478,1755,0,0
22479,1439,0,0
22480,2011,0,0
22481,-19534,0,0
22482,-5794,0,0
22483,-8867,0,0
22484,9503,0,0
22485,-9906,0,0
22486,-20235,0,0
22487,-9355,0,0
22488,-22475,0,0
22489,-11879,0,0
22490,4520,0,0
22491,-18943,0,0
22492,-17295,0,0
22493,-13802,0,0
22494,-21051,0,0
22495,14315,0,0
22496,3598,0,0
22497,5699,0,0
22498,8054,0,0
22499,-12660,0,0
22500,-2732,0,0
22501,-10190,0,0
22502,-21142,0,0
22503,-1623,0,0
22504,-6808,0,0
22505,-15977,0,0
22506,-16853,0,0
22507,-16383,0,0
22508,-5293,0,0
22509,-10599,0,0
22510,-14522,0,0
22511,12916,0,0
22512,-11607,0,0
22513,17542,0,0
22514,2723,0,0
22515,-14293,0,0
22516,-3437,0,0
22517,4663,0,0
22518,-3200,0,0
22519,-16026,0,-15000
22520,9309,0,0
22521,7532,0,0
22522,-7914,0,0
22523,-14680,0,0
22524,-9860,0,0
22525,-3746,0,0
22526,10423,0,0
22527,15925,0,0
22528,-5283,0,0
22529,-13805,0,0
22530,-9535,0,0
22531,-3002,0,0
22532,9906,0,0
22533,19293,0,0
22534,9612,0,0
22535,10921,0,0
22536,-4012,0,0
22537,5621,0,0
22538,6982,0,0
22539,-3060,0,0
22540,12871,0,0
22541,-7909,0,0
22542,13801,0,0
22543,22917,0,0
22544,16567,0,0
22545,-17759,0,0
22546,676,0,0
22547,-1137,0,0
22548,-11179,0,0
22549,-569,0,0
22550,7341,0,0
22551,23168,0,0
22552,16474,0,0
22553,-18996,0,0
22554,-8520,0,0
22555,1761,0,0
22556,-7645,0,0
22557,10378,0,0
22558,16977,0,0
22559,18702,0,0
22560,8174,0,0
22561,10029,0,0
22562,-2740,0,0
22563,12844,0,0
22564,13337,0,0
22565,9266,0,0
22566,4270,0,0
22567,9144,0,0
22568,2156,0,0
22569,8338,0,0
22570,21405,0,0
22571,5891,0,0
22572,21616,0,0
22573,12132,0,0
22574,16164,0,0
22575,13722,0,0
22576,18550,0,0
22577,4333,0,0
22578,5212,0,0
22579,2865,0,0
22580,-3666,0,0
22581,-13201,0,0
22582,9707,0,0
22583,19225,0,0
22584,22329,0,0
22585,-14386,0,0
22586,13269,0,0
22587,5314,0,0
22588,-11733,0,0
22589,14011,0,0
22590,20629,0,0
22591,11208,0,0
22592,22605,0,0
22593,15592,0,0
22594,-8539,0,0
22595,11911,0,0
22596,2411,0,0
22597,-17787,0,0
22598,22474,0,0
22599,-6665,0,0
22600,22474,0,0
22601,-18525,0,0
22602,-5421,0,0
22603,15324,0,0
22604,-5630,0,0
22605,11910,0,0
22606,-2044,0,0
22607,14569,0,0
22608,-1455,0,0
22609,12915,0,0
22610,-4813,0,0
22611,16268,0,0
22612,955,0,0
22613,4767,0,0
22614,713,0,0
22615,7482,0,0
22616,-11267,0,0
22617,10417,0,0
22618,12818,0,0
22619,13294,0,0
22620,-7268,0,0
22621,10416,0,0
22622,1644,0,0
22623,10416,0,0
22624,14965,0,0
22625,-740,0,0
22626,16116,0,0
22627,1409,0,0
22628,9558,0,0
22629,-1814,0,0
22630,-6727,0,0
22631,5419,0,0
22632,10578,0,0
22633,5376,0,0
22634,3557,0,0
22635,1929,0,0
22636,-4575,0,0
22637,7969,0,0
22638,-7806,0,0
22639,1280,0,0
22640,-8339,0,0
22641,3807,0,0
22642,-8846,0,0
22643,-16403,0,0
22644,-7935,0,0
22645,5605,0,0
22646,-12675,0,0
22647,-16757,15000,0
22648,-9907,0,0
22649,-13676,0,0
22650,-4463,0,0
22651,-7744,0,0
22652,-10208,0,0
22653,2159,0,0
22654,-7038,0,0
22655,-22724,0,0
22656,-5680,0,0
22657,-14842,0,0
22658,-18609,0,0
22659,8733,0,0
22660,-11385,0,0
22661,-11163,0,0
22662,-11156,0,0
22663,726,0,0
22664,-6836,0,0
22665,-3723,0,0
22666,-2873,0,0
22667,-18211,0,0
22668,-15995,0,0
22669,636,0,0
22670,-7285,0,0
22671,-13707,0,0
22672,-13015,0,0
22673,-9650,0,0
22674,-5654,0,0
22675,-20198,0,0
22676,-16133,0,0
22677,-15287,0,0
22678,-12634,0,0
22679,-573,0,0
22680,-6467,0,0
22681,1866,0,0
22682,-16780,0,0
22683,-23162,0,0
22684,-16780,0,0
22685,568,0,0
22686,-15665,0,0
22687,-13722,0,0
22688,-17544,0,0
22689,-9420,0,0
22690,40,0,0
22691,1741,0,0
22692,-14255,0,0
22693,-18922,0,0
22694,-8741,0,0
22695,-17136,0,0
22696,12944,0,0
22697,-8945,0,0
22698,-18265,0,0
22699,18088,0,0
22700,-18265,0,0
22701,-16401,0,0
22702,-15489,0,0
22703,22917,0,0
22704,-10782,0,0
22705,-7391,0,0
22706,-3904,0,0
22707,-21769,0,0
22708,-12763,0,0
22709,-12998,0,0
22710,-18221,0,0
22711,-22172,0,0
22712,-13819,0,0
22713,-8750,0,0
22714,1537,0,0
22715,-2102,0,0
22716,367,0,0
22717,-17137,0,0
22718,2729,0,0
22719,7987,0,0
22720,-811,0,0
22721,-18624,0,0
22722,-12861,0,0
22723,-11429,0,0
22724,-7166,0,0
22725,-14943,0,0
22726,-4521,0,0
22727,-18650,0,0
22728,-8533,0,0
22729,-2431,0,0
22730,21230,0,0
22731,-18265,0,0
22732,-2271,0,0
22733,-17910,0,0
22734,9412,0,0
22735,-17498,0,0
22736,-5101,0,0
22737,13905,0,0
22738,-4111,0,0
22739,-3091,0,0
22740,-22046,0,0
22741,6140,0,0
22742,-21278,0,0
22743,2944,0,0
22744,-14397,0,0
22745,-2467,0,0
22746,-1704,0,0
22747,-9548,0,0
22748,318,0,0
22749,3653,0,0
22750,9461,0,0
22751,14254,0,0
22752,-11972,0,0
22753,-691,0,0
22754,1419,0,0
22755,-17219,0,0
22756,-2271,0,0
22757,7381,0,0
22758,4891,0,0
22759,-3088,0,0
22760,-1433,0,0
22761,-9366,0,0
22762,5801,0,0
22763,13341,0,0
22764,-13724,0,0
22765,-10248,0,0
22766,-2693,0,0
22767,-502,0,0
22768,-15073,0,0
22769,358,0,0
22770,-1286,0,0
22771,7004,0,0
22772,-13649,0,0
22773,17311,0,0
22774,-9092,0,-15000
22775,7749,0,0
22776,16350,0,0
22777,13953,0,0
22778,-21405,0,0
22779,-6694,0,0
22780,5026,0,0
22781,-1931,0,0
22782,17590,0,0
22783,-21815,0,0
22784,11192,0,0
22785,20325,0,0
22786,-10417,0,0
22787,-5269,0,0
22788,-860,0,0
22789,-6245,0,0
22790,-9047,0,0
22791,5628,0,0
22792,3125,0,0
22793,8779,0,0
22794,14201,0,0
22795,9408,0,0
22796,1582,0,0
22797,7085,0,0
22798,14554,0,0
22799,7465,0,0
22800,-10602,0,0
22801,-14608,0,0
22802,-18727,0,0
22803,9657,0,0
22804,-17366,0,0
22805,7822,0,0
22806,-1319,0,0
22807,13903,0,0
22808,18233,0,0
22809,2119,0,0
22810,-2596,0,0
22811,4503,0,0
22812,8271,0,0
22813,3372,0,0
22814,16792,0,0
22815,1136,0,0
22816,12021,0,0
22817,6032,0,0
22818,17543,0,0
22819,9955,0,0
22820,-15134,0,0
22821,-8024,0,0
22822,10874,0,0
22823,15996,0,0
22824,16173,0,0
22825,1635,0,0
22826,17909,0,0
22827,10104,0,0
22828,463,0,0
22829,6385,0,0
22830,-11540,0,0
22831,7373,0,0
22832,17542,0,0
22833,4412,0,0
22834,15253,0,0
22835,-16675,0,0
22836,16631,0,0
22837,2270,0,0
22838,18264,0,0
22839,1627,0,0
22840,18608,0,0
22841,3493,0,0
22842,14172,0,0
22843,4520,0,0
22844,16652,0,0
22845,8855,0,0
22846,10850,0,0
22847,-8178,0,0
22848,15494,0,0
22849,8750,0,0
22850,15879,0,0
22851,-308,0,0
22852,19664,0,0
22853,7857,0,0
22854,22170,0,0
22855,5391,0,0
22856,22329,0,0
22857,9079,0,0
22858,22329,0,0
22859,2416,0,0
22860,15928,0,0
22861,10374,0,0
22862,11738,0,0
22863,20432,0,0
22864,474,0,0
22865,15705,0,0
22866,8295,0,0
22867,12228,0,0
22868,9584,0,0
22869,14627,0,0
22870,13483,0,0
22871,19872,0,0
22872,-7953,0,0
22873,18380,0,0
22874,2120,0,0
22875,12871,0,0
22876,10740,0,0
22877,16336,0,0
22878,8346,0,0
22879,16813,0,0
22880,-1803,0,0
22881,-9036,0,0
22882,8975,0,0
22883,-13190,0,0
22884,17035,0,0
22885,16779,0,0
22886,16928,0,0
22887,16382,0,0
22888,8738,0,0
22889,15939,0,0
22890,22276,0,0
22891,3518,0,0
22892,20097,0,0
22893,9330,0,0
22894,-4521,0,0
22895,560,0,0
22896,7863,0,0
22897,8555,0,0
22898,21998,0,0
22899,-3963,0,0
22900,-12727,0,0
22901,19246,0,0
22902,-1350,15000,0
22903,15760,0,0
22904,19955,0,0
22905,5488,0,0
22906,4135,0,0
22907,5629,0,0
22908,7043,0,0
22909,-4060,0,0
22910,-12872,0,0
22911,-2386,0,0
22912,18608,0,0
22913,14219,0,0
22914,17405,0,0
22915,-1567,0,0
22916,-5394,0,0
22917,-8775,0,0
22918,-5331,0,0
22919,-11579,0,0
22920,4116,0,0
22921,-4366,0,0
22922,-12503,0,0
22923,-6180,0,0
22924,3589,0,0
22925,2982,0,0
22926,-17157,0,0
22927,-9389,0,0
22928,-7806,0,0
22929,-4693,0,0
22930,-2822,0,0
22931,-18301,0,0
22932,-11023,0,0
22933,-12449,0,0
22934,-6790,0,0
22935,-5845,0,0
22936,-18896,0,0
22937,-15589,0,0
22938,-7806,0,0
22939,-1542,0,0
22940,-19918,0,0
22941,-16764,0,0
22942,-5433,0,0
22943,-1616,0,0
22944,-11412,0,0
22945,4722,0,0
22946,-20002,0,0
22947,-19873,0,0
22948,-14937,0,0
22949,-12407,0,0
22950,-9347,0,0
22951,-1905,0,0
22952,-17081,0,0
22953,14770,0,0
22954,-3934,0,0
22955,-17448,0,0
22956,-3094,0,0
22957,1914,0,0
22958,-13881,0,0
22959,7692,0,0
22960,5282,0,0
22961,-1137,0,0
22962,-16384,0,0
22963,-2455,0,0
22964,3956,0,0
22965,19436,0,0
22966,-5102,0,0
22967,1331,0,0
22968,-9282,0,0
22969,4361,0,0
22970,-12872,0,0
22971,-13019,0,0
22972,3995,0,0
22973,-22330,0,0
22974,-6380,0,0
22975,-9521,0,0
22976,254,0,0
22977,9246,0,0
22978,5650,0,0
22979,5539,0,0
22980,1151,0,0
22981,-8194,0,0
22982,-3855,0,0
22983,-18943,0,0
22984,4071,0,0
22985,10045,0,0
22986,18469,0,0
22987,16213,0,0
22988,-15378,0,0
22989,-15560,0,0
22990,5962,0,0
22991,-1764,0,0
22992,9448,0,0
22993,7185,0,0
22994,17129,0,0
22995,15270,0,0
22996,18733,0,0
22997,14394,0,0
22998,4466,0,0
22999,-774,0,0
23000,-2045,0,0
23001,18421,0,0
23002,-5568,0,0
23003,16738,0,0
23004,11819,0,0
23005,-1891,0,0
23006,15126,0,0
23007,6720,0,0
23008,-14057,0,0
23009,22023,0,0
23010,17061,0,0
23011,19157,0,0
23012,15133,0,0
23013,19562,0,0
23014,4667,0,0
23015,-17912,0,0
23016,9871,0,0
23017,20329,0,0
23018,15133,0,0
23019,7698,0,0
23020,16046,0,0
23021,16491,0,0
23022,-9032,0,0
23023,-11327,0,0
23024,17758,0,0
23025,22723,0,0
23026,1798,0,0
23027,22159,0,0
23028,4089,0,0
23029,15454,0,0
23030,646,0,-15000
23031,3154,0,0
23032,-12773,0,0
23033,-5675,0,0
23034,-17942,0,0
23035,-1786,0,0
23036,7530,0,0
23037,11354,0,0
23038,-15147,0,0
23039,2437,0,0
23040,-17370,0,0
23041,-13432,0,0
23042,6877,0,0
23043,2851,0,0
23044,5229,0,0
23045,5335,0,0
23046,15324,0,0
23047,16274,0,0
23048,17534,0,0
23049,5103,0,0
23050,8226,0,0
23051,-1259,0,0
23052,5674,0,0
23053,-13983,0,0
23054,-2759,0,0
23055,-1421,0,0
23056,-6605,0,0
23057,12110,0,0
23058,-12310,0,0
23059,-2385,0,0
23060,21127,0,0
23061,7338,0,0
23062,-10488,0,0
23063,-8320,0,0
23064,-9731,0,0
23065,5081,0,0
23066,-1389,0,0
23067,-18809,0,0
23068,-18529,0,0
23069,12792,0,0
23070,7390,0,0
23071,6736,0,0
23072,-7720,0,0
23073,15,0,0
23074,-16085,0,0
23075,-6457,0,0
23076,-16963,0,0
23077,1924,0,0
23078,14424,0,0
23079,1842,0,0
23080,-4979,0,0
23081,-5349,0,0
23082,-12932,0,0
23083,-15139,0,0
23084,19872,0,0
23085,-16818,0,0
23086,-12396,0,0
23087,-17968,0,0
23088,-12872,0,0
23089,-15020,0,0
23090,-17382,0,0
23091,-15382,0,0
23092,4624,0,0
23093,881,0,0
23094,10899,0,0
23095,-7603,0,0
23096,-15578,0,0
23097,568,0,0
23098,-15134,0,0
23099,-21392,0,0
23100,-8898,0,0
23101,6886,0,0
23102,-19305,0,0
23103,-6773,0,0
23104,7130,0,0
23105,-6245,0,0
23106,-14411,0,0
23107,-13979,0,0
23108,-16563,0,0
23109,-13229,0,0
23110,-1892,0,0
23111,-19918,0,0
23112,-14267,0,0
23113,-15847,0,0
23114,-1947,0,0
23115,-13376,0,0
23116,-5903,0,0
23117,-15908,0,0
23118,-10415,0,0
23119,-16661,0,0
23120,-4354,0,0
23121,15109,0,0
23122,5081,0,0
23123,4717,0,0
23124,-5898,0,0
23125,-6939,0,0
23126,-8306,0,0
23127,-2796,0,0
23128,16665,0,0
23129,5280,0,0
23130,3399,0,0
23131,662,0,0
23132,4552,0,0
23133,5092,0,0
23134,-12884,0,0
23135,-2692,0,0
23136,6848,0,0
23137,13582,0,0
23138,6522,0,0
23139,21999,0,0
23140,4707,0,0
23141,2303,0,0
23142,6606,0,0
23143,16813,0,0
23144,-9449,0,0
23145,1589,0,0
23146,-17544,0,0
23147,19983,0,0
23148,16456,0,0
23149,23141,0,0
23150,17471,0,0
23151,-64,0,0
23152,-2185,0,0
23153,12642,0,0
23154,-16830,0,0
23155,-1220,0,0
23156,21405,0,0
23157,21181,0,0
23158,18886,15000,0
23159,19272,0,0
23160,1078,0,0
23161,13709,0,0
23162,11645,0,0
23163,-11723,0,0
23164,13973,0,0
23165,-797,0,0
23166,22112,0,0
23167,4768,0,0
23168,9643,0,0
23169,-384,0,0
23170,11114,0,0
23171,-11351,0,0
23172,-4487,0,0
23173,9796,0,0
23174,22171,0,0
23175,20181,0,0
23176,-12724,0,0
23177,7805,0,0
23178,-9128,0,0
23179,-7050,0,0
23180,16097,0,0
23181,5175,0,0
23182,7869,0,0
23183,14336,0,0
23184,3901,0,0
23185,407,0,0
23186,-14624,0,0
23187,-11174,0,0
23188,7315,0,0
23189,-861,0,0
23190,9124,0,0
23191,6376,0,0
23192,13421,0,0
23193,-5077,0,0
23194,-2395,0,0
23195,-2954,0,0
23196,9388,0,0
23197,-13057,0,0
23198,-8042,0,0
23199,-3797,0,0
23200,-17597,0,0
23201,990,0,0
23202,-7197,0,0
23203,-15404,0,0
23204,-11020,0,0
23205,-8834,0,0
23206,-11000,0,0
23207,-12316,0,0
23208,4843,0,0
23209,-10764,0,0
23210,-19008,0,0
23211,-14135,0,0
23212,-12631,0,0
23213,-17315,0,0
23214,-16082,0,0
23215,2890,0,0
23216,5398,0,0
23217,-8321,0,0
23218,-15251,0,0
23219,-22475,0,0
23220,-15207,0,0
23221,-22724,0,0
23222,-18943,0,0
23223,-11848,0,0
23224,-14255,0,0
23225,-23057,0,0
23226,-7224,0,0
23227,6500,0,0
23228,-17146,0,0
23229,2180,0,0
23230,-3602,0,0
23231,9984,0,0
23232,-16383,0,0
23233,0,0,0
23234,-3771,0,0
23235,2095,0,0
23236,5113,0,0
23237,3623,0,0
23238,-7062,0,0
23239,-1467,0,0
23240,-16780,0,0
23241,-14304,0,0
23242,5702,0,0
23243,-10358,0,0
23244,-16384,0,0
23245,7456,0,0
23246,-16165,0,0
23247,-17745,0,0
23248,-15560,0,0
23249,1704,0,0
23250,12450,0,0
23251,-11367,0,0
23252,-13626,0,0
23253,3399,0,0
23254,2423,0,0
23255,-143,0,0
23256,771,0,0
23257,-6203,0,0
23258,-9707,0,0
23259,-6339,0,0
23260,1900,0,0
23261,-2210,0,0
23262,-14310,0,0
23263,-5975,0,0
23264,-14517,0,0
23265,-13931,0,0
23266,-2346,0,0
23267,-1250,0,0
23268,-6726,0,0
23269,3364,0,0
23270,-3897,0,0
23271,-18429,0,0
23272,22329,0,0
23273,-8857,0,0
23274,-5427,0,0
23275,17561,0,0
23276,-7214,0,0
23277,-19873,0,0
23278,-18102,0,0
23279,12801,0,0
23280,-8223,0,0
23281,14553,0,0
23282,18973,0,0
23283,14891,0,0
23284,10740,0,0
23285,2588,0,0
23286,-5998,0,-15000
23287,8332,0,0
23288,4702,0,0
23289,19677,0,0
23290,-11781,0,0
23291,3634,0,0
23292,-22000,0,0
23293,-14229,0,0
23294,-12611,0,0
23295,12950,0,0
23296,13749,0,0
23297,-1410,0,0
23298,425,0,0
23299,5716,0,0
23300,-10159,0,0
23301,-11111,0,0
23302,10926,0,0
23303,16442,0,0
23304,-19564,0,0
23305,908,0,0
23306,3431,0,0
23307,-7806,0,0
23308,8439,0,0
23309,-7269,0,0
23310,-11680,0,0
23311,-2996,0,0
23312,-2935,0,0
23313,-6179,0,0
23314,-19838,0,0
23315,-19817,0,0
23316,11910,0,0
23317,-6325,0,0
23318,-19499,0,0
23319,-6759,0,0
23320,-9771,0,0
23321,16853,0,0
23322,-19873,0,0
23323,-13457,0,0
23324,12395,0,0
23325,-14796,0,0
23326,-19265,0,0
23327,-4810,0,0
23328,-15981,0,0
23329,-15517,0,0
23330,15036,0,0
23331,-18550,0,0
23332,6312,0,0
23333,-6276,0,0
23334,-3279,0,0
23335,13874,0,0
23336,-11860,0,0
23337,-23169,0,0
23338,-16383,0,0
23339,-2571,0,0
23340,-13122,0,0
23341,-2133,0,0
23342,-15977,0,0
23343,6834,0,0
23344,-4281,0,0
23345,-1650,0,0
23346,-11022,0,0
23347,-2780,0,0
23348,-15607,0,0
23349,-1767,0,0
23350,3107,0,0
23351,-16596,0,0
23352,-16288,0,0
23353,-17319,0,0
23354,-5473,0,0
23355,568,0,0
23356,-15977,0,0
23357,4616,0,0
23358,11862,0,0
23359,-22318,0,0
23360,-16264,0,0
23361,16372,0,0
23362,-14255,0,0
23363,-1209,0,0
23364,-15993,0,0
23365,-22724,0,0
23366,-13406,0,0
23367,5182,0,0
23368,-11420,0,0
23369,-13346,0,0
23370,-15629,0,0
23371,-20813,0,0
23372,-5303,0,0
23373,-16391,0,0
23374,-15207,0,0
23375,-3341,0,0
23376,3834,0,0
23377,-5624,0,0
23378,-985,0,0
23379,-10323,0,0
23380,-9571,0,0
23381,11183,0,0
23382,-10520,0,0
23383,-2672,0,0
23384,7958,0,0
23385,1818,0,0
23386,11054,0,0
23387,2520,0,0
23388,-4621,0,0
23389,-17544,0,0
23390,-13888,0,0
23391,-16231,0,0
23392,-23169,0,0
23393,8369,0,0
23394,-23162,0,0
23395,2511,0,0
23396,-23098,0,0
23397,-5069,0,0
23398,9597,0,0
23399,-8044,0,0
23400,9247,0,0
23401,-10832,0,0
23402,-10065,0,0
23403,-16385,0,0
23404,-12079,0,0
23405,-14070,0,0
23406,-20678,0,0
23407,-40,0,0
23408,-5781,0,0
23409,-22724,0,0
23410,13190,0,0
23411,-2837,0,0
23412,-17867,0,0
23413,-11778,0,0
23414,-1872,15000,0
23415,-9879,0,0
23416,16383,0,0
23417,-6072,0,0
23418,1431,0,0
23419,8009,0,0
23420,-1455,0,0
23421,-16935,0,0
23422,-13802,0,0
23423,-17658,0,0
23424,6595,0,0
23425,-19417,0,0
23426,-14200,0,0
23427,-15250,0,0
23428,-19575,0,0
23429,5629,0,0
23430,564,0,0
23431,11260,0,0
23432,781,0,0
23433,9558,0,0
23434,19644,0,0
23435,-9044,0,0
23436,19666,0,0
23437,2723,0,0
23438,-8419,0,0
23439,-2852,0,0
23440,-9908,0,0
23441,-20301,0,0
23442,-9389,0,0
23443,3770,0,0
23444,-19576,0,0
23445,8647,0,0
23446,6065,0,0
23447,2329,0,0
23448,-10185,0,0
23449,14954,0,0
23450,-14830,0,0
23451,-21182,0,0
23452,-348,0,0
23453,-374,0,0
23454,4825,0,0
23455,-9278,0,0
23456,-12034,0,0
23457,16206,0,0
23458,10317,0,0
23459,10416,0,0
23460,-10590,0,0
23461,-20695,0,0
23462,-6211,0,0
23463,4266,0,0
23464,-8637,0,0
23465,7078,0,0
23466,-22172,0,0
23467,-14298,0,0
23468,-8508,0,0
23469,13408,0,0
23470,-13367,0,0
23471,-12132,0,0
23472,-8589,0,0
23473,-5923,0,0
23474,-20745,0,0
23475,7612,0,0
23476,-4896,0,0
23477,7725,0,0
23478,-8707,0,0
23479,-18255,0,0
23480,-12466,0,0
23481,-21406,0,0
23482,-10875,0,0
23483,-14297,0,0
23484,-19134,0,0
23485,-10731,0,0
23486,-9810,0,0
23487,-6197,0,0
23488,-20473,0,0
23489,-21617,0,0
23490,-9389,0,0
23491,-7703,0,0
23492,-19929,0,0
23493,-21383,0,0
23494,-9906,0,0
23495,-16980,0,0
23496,-10417,0,0
23497,-18507,0,0
23498,-18578,0,0
23499,-3634,0,0
23500,-15884,0,0
23501,-11628,0,0
23502,-17606,0,0
23503,-18056,0,0
23504,1293,0,0
23505,-22330,0,0
23506,5333,0,0
23507,-6813,0,0
23508,-16908,0,0
23509,-6940,0,0
23510,-17522,0,0
23511,-12064,0,0
23512,-511,0,0
23513,-14818,0,0
23514,1060,0,0
23515,1547,0,0
23516,-17039,0,0
23517,-5837,0,0
23518,-5278,0,0
23519,4957,0,0
23520,-13482,0,0
23521,-10659,0,0
23522,-16901,0,0
23523,-21617,0,0
23524,-21406,0,0
23525,-5140,0,0
23526,-15714,0,0
23527,-19498,0,0
23528,-12807,0,0
23529,3826,0,0
23530,-3546,0,0
23531,-2185,0,0
23532,9400,0,0
23533,-11352,0,0
23534,-22724,0,0
23535,-7233,0,0
23536,949,0,0
23537,16568,0,0
23538,13626,0,0
23539,-3882,0,0
23540,-8007,0,0
23541,10695,0,0
23542,-5383,0,-15000
23543,-14972,0,0
23544,-5971,0,0
23545,-2698,0,0
23546,-5435,0,0
23547,9662,0,0
23548,-22467,0,0
23549,10174,0,0
23550,-6874,0,0
23551,-12777,0,0
23552,-15713,0,0
23553,-2114,0,0
23554,-19400,0,0
23555,-16656,0,0
23556,-21775,0,0
23557,-17417,0,0
23558,-19171,0,0
23559,8951,0,0
23560,4959,0,0
23561,-15866,0,0
23562,-22477,0,0
23563,-9719,0,0
23564,-7108,0,0
23565,-12024,0,0
23566,-15161,0,0
23567,-16448,0,0
23568,-11467,0,0
23569,-21182,0,0
23570,-17465,0,0
23571,-21617,0,0
23572,-9389,0,0
23573,1782,0,0
23574,-6219,0,0
23575,4039,0,0
23576,-10560,0,0
23577,-22475,0,0
23578,-11912,0,0
23579,-18723,0,0
23580,-15071,0,0
23581,-20435,0,0
23582,4098,0,0
23583,-22918,0,0
23584,-18610,0,0
23585,-12725,0,0
23586,-16975,0,0
23587,-20508,0,0
23588,-17543,0,0
23589,-1567,0,0
23590,-16603,0,0
23591,-988,0,0
23592,-8735,0,0
23593,-19391,0,0
23594,17909,0,0
23595,-8762,0,0
23596,-15681,0,0
23597,-19839,0,0
23598,-15708,0,0
23599,-6553,0,0
23600,-19061,0,0
23601,13414,0,0
23602,-20434,0,0
23603,7267,0,0
23604,-9906,0,0
23605,-11157,0,0
23606,7586,0,0
23607,-21133,0,0
23608,7303,0,0
23609,-2064,0,0
23610,-4328,0,0
23611,-15800,0,0
23612,4368,0,0
23613,-5543,0,0
23614,-22606,0,0
23615,-11398,0,0
23616,-22606,0,0
23617,-961,0,0
23618,-12291,0,0
23619,-18943,0,0
23620,-21258,0,0
23621,-14965,0,0
23622,-14183,0,0
23623,-14872,0,0
23624,-13127,0,0
23625,13713,0,0
23626,4916,0,0
23627,-1149,0,0
23628,7331,0,0
23629,-15323,0,0
23630,-14595,0,0
23631,-9001,0,0
23632,14465,0,0
23633,-10321,0,0
23634,-19655,0,0
23635,-6007,0,0
23636,-7492,0,0
23637,-16357,0,0
23638,-5866,0,0
23639,-9529,0,0
23640,-12930,0,0
23641,-16740,0,0
23642,-19860,0,0
23643,-18265,0,0
23644,-22995,0,0
23645,-17626,0,0
23646,1125,0,0
23647,-16323,0,0
23648,-8055,0,0
23649,-4684,0,0
23650,-17910,0,0
23651,-17507,0,0
23652,-2377,0,0
23653,-14705,0,0
23654,-1704,0,0
23655,-16481,0,0
23656,9918,0,0
23657,9035,0,0
23658,-11130,0,0
23659,-11420,0,0
23660,-8969,0,0
23661,-12971,0,0
23662,-17019,0,0
23663,-20852,0,0
23664,-10085,0,0
23665,-18062,0,0
23666,-16299,0,0
23667,3098,0,0
23668,-4287,0,0
23669,-18547,0,0
23670,-15510,15000,0
23671,-11089,0,0
23672,-7104,0,0
23673,-20945,0,0
23674,-17575,0,0
23675,-18757,0,0
23676,-7268,0,0
23677,-10417,0,0
23678,-22172,0,0
23679,15460,0,0
23680,-16417,0,0
23681,1371,0,0
23682,-6298,0,0
23683,-20433,0,0
23684,-13851,0,0
23685,-8695,0,0
23686,-8518,0,0
23687,-1021,0,0
23688,-12092,0,0
23689,1712,0,0
23690,-5688,0,0
23691,-20433,0,0
23692,-5081,0,0
23693,-10971,0,0
23694,20125,0,0
23695,-2142,0,0
23696,-22000,0,0
23697,-5065,0,0
23698,104,0,0
23699,-967,0,0
23700,-17545,0,0
23701,13512,0,0
23702,-11945,0,0
23703,-21617,0,0
23704,-10060,0,0
23705,-19319,0,0
23706,10688,0,0
23707,-14840,0,0
23708,-7932,0,0
23709,-72,0,0
23710,-20159,0,0
23711,-22475,0,0
23712,-18187,0,0
23713,7687,0,0
23714,-13378,0,0
23715,-20706,0,0
23716,-18802,0,0
23717,-21189,0,0
23718,-14449,0,0
23719,-11707,0,0
23720,-12872,0,0
23721,-22724,0,0
23722,-12812,0,0
23723,-14111,0,0
23724,-16586,0,0
23725,-20193,0,0
23726,-8823,0,0
23727,-13230,0,0
23728,-12396,0,0
23729,-11847,0,0
23730,-6783,0,0
23731,-4454,0,0
23732,-17769,0,0
23733,-7500,0,0
23734,13509,0,0
23735,-11855,0,0
23736,-14071,0,0
23737,-22919,0,0
23738,-13792,0,0
23739,-21714,0,0
23740,15725,0,0
23741,-22918,0,0
23742,-18610,0,0
23743,1439,0,0
23744,-2117,0,0
23745,-21433,0,0
23746,-15458,0,0
23747,3124,0,0
23748,8861,0,0
23749,3431,0,0
23750,-3170,0,0
23751,683,0,0
23752,16988,0,0
23753,-7374,0,0
23754,-10927,0,0
23755,-762,0,0
23756,-12204,0,0
23757,-10364,0,0
23758,13726,0,0
23759,12086,0,0
23760,-10418,0,0
23761,4956,0,0
23762,12150,0,0
23763,-9496,0,0
23764,6899,0,0
23765,-16867,0,0
23766,-5879,0,0
23767,-12626,0,0
23768,-10922,0,0
23769,12502,0,0
23770,-9308,0,0
23771,8266,0,0
23772,-19956,0,0
23773,-2425,0,0
23774,-3460,0,0
23775,1312,0,0
23776,-13949,0,0
23777,21046,0,0
23778,15009,0,0
23779,1092,0,0
23780,-15019,0,0
23781,-14,0,0
23782,480,0,0
23783,1204,0,0
23784,-10051,0,0
23785,-13719,0,0
23786,-6913,0,0
23787,21999,0,0
23788,-10417,0,0
23789,3267,0,0
23790,-7484,0,0
23791,7065,0,0
23792,3205,0,0
23793,454,0,0
23794,1490,0,0
23795,2329,0,0
23796,4433,0,0
23797,3115,0,0
23798,-3590,0,-15000
23799,369,0,0
23800,-11678,0,0
23801,6362,0,0
23802,-10991,0,0
23803,13218,0,0
23804,-985,0,0
23805,17714,0,0
23806,-13551,0,0
23807,-9447,0,0
23808,2977,0,0
23809,-14699,0,0
23810,11531,0,0
23811,-8092,0,0
23812,8663,0,0
23813,8317,0,0
23814,7807,0,0
23815,15188,0,0
23816,-18228,0,0
23817,14697,0,0
23818,-19086,0,0
23819,-1820,0,0
23820,-15894,0,0
23821,12363,0,0
23822,-2669,0,0
23823,-19575,0,0
23824,-12669,0,0
23825,-20159,0,0
23826,-7373,0,0
23827,-1725,0,0
23828,-3664,0,0
23829,983,0,0
23830,-13071,0,0
23831,-8867,0,0
23832,-9522,0,0
23833,18504,0,0
23834,-9907,0,0
23835,-19122,0,0
23836,-16763,0,0
23837,-13040,0,0
23838,-13290,0,0
23839,-22475,0,0
23840,-15403,0,0
23841,-22475,0,0
23842,-15548,0,0
23843,13344,0,0
23844,-14112,0,0
23845,-4791,0,0
23846,7976,0,0
23847,1995,0,0
23848,-17197,0,0
23849,-11494,0,0
23850,-16237,0,0
23851,-22995,0,0
23852,-14255,0,0
23853,-21188,0,0
23854,8415,0,0
23855,-23057,0,0
23856,-14042,0,0
23857,-23058,0,0
23858,-14255,0,0
23859,-10573,0,0
23860,-12270,0,0
23861,-1289,0,0
23862,-4761,0,0
23863,-3482,0,0
23864,12762,0,0
23865,-22829,0,0
23866,-18943,0,0
23867,-1286,0,0
23868,-11700,0,0
23869,-4860,0,0
23870,-13073,0,0
23871,-21877,0,0
23872,-16419,0,0
23873,-10002,0,0
23874,1769,0,0
23875,3481,0,0
23876,-17441,0,0
23877,-12371,0,0
23878,-11911,0,0
23879,-21893,0,0
23880,-19309,0,0
23881,-7974,0,0
23882,-17680,0,0
23883,-7840,0,0
23884,-10827,0,0
23885,-2220,0,0
23886,-1035,0,0
23887,-1831,0,0
23888,-20159,0,0
23889,-12180,0,0
23890,7616,0,0
23891,-15298,0,0
23892,-17116,0,0
23893,-17522,0,0
23894,7131,0,0
23895,-13563,0,0
23896,-19265,0,0
23897,-22414,0,0
23898,-11284,0,0
23899,-10970,0,0
23900,326,0,0
23901,9148,0,0
23902,3632,0,0
23903,332,0,0
23904,13131,0,0
23905,-2954,0,0
23906,-17311,0,0
23907,-17947,0,0
23908,-6514,0,0
23909,3839,0,0
23910,2485,0,0
23911,568,0,0
23912,-16773,0,0
23913,-5678,0,0
23914,-14841,0,0
23915,-11312,0,0
23916,-13616,0,0
23917,3400,0,0
23918,-15982,0,0
23919,4520,0,0
23920,-5403,0,0
23921,-15435,0,0
23922,-9466,0,0
23923,3123,0,0
23924,-4702,0,0
23925,-18622,0,0
23926,-4491,15000,0
23927,-807,0,0
23928,-1169,0,0
23929,-1841,0,0
23930,-5601,0,0
23931,15069,0,0
23932,15836,0,0
23933,-18348,0,0
23934,-3961,0,0
23935,7730,0,0
23936,-12634,0,0
23937,14254,0,0
23938,2132,0,0
23939,11005,0,0
23940,-566,0,0
23941,-16454,0,0
23942,11013,0,0
23943,-17167,0,0
23944,-569,0,0
23945,16233,0,0
23946,8023,0,0
23947,4700,0,0
23948,3340,0,0
23949,16383,0,0
23950,568,0,0
23951,7801,0,0
23952,10636,0,0
23953,10156,0,0
23954,23056,0,0
23955,9625,0,0
23956,9147,0,0
23957,19264,0,0
23958,14766,0,0
23959,-8851,0,0
23960,5665,0,0
23961,-4961,0,0
23962,11939,0,0
23963,-14244,0,0
23964,14147,0,0
23965,7283,0,0
23966,14298,0,0
23967,3901,0,0
23968,13958,0,0
23969,14966,0,0
23970,18804,0,0
23971,2940,0,0
23972,7684,0,0
23973,22474,0,0
23974,10666,0,0
23975,-5065,0,0
23976,6272,0,0
23977,22723,0,0
23978,5191,0,0
23979,4519,0,0
23980,13946,0,0
23981,-3855,0,0
23982,4737,0,0
23983,10678,0,0
23984,19264,0,0
23985,22827,0,0
23986,14712,0,0
23987,6350,0,0
23988,-834,0,0
23989,15634,0,0
23990,9974,0,0
23991,9112,0,0
23992,18942,0,0
23993,22827,0,0
23994,-10991,0,0
23995,3960,0,0
23996,328,0,0
23997,5021,0,0
23998,10181,0,0
23999,16359,0,0
24000,2357,0,0
24001,14216,0,0
24002,3579,0,0
24003,17804,0,0
24004,6230,0,0
24005,16414,0,0
24006,16828,0,0
24007,20019,0,0
24008,8019,0,0
24009,-1249,0,0
24010,-2420,0,0
24011,-4149,0,0
24012,-13342,0,0
24013,21594,0,0
24014,19264,0,0
24015,3778,0,0
24016,19264,0,0
24017,4520,0,0
24018,19263,0,0
24019,12235,0,0
24020,19423,0,0
24021,-19240,0,0
24022,-10319,0,0
24023,-9526,0,0
24024,-1057,0,0
24025,7540,0,0
24026,3922,0,0
24027,10167,0,0
24028,20158,0,0
24029,13618,0,0
24030,20433,0,0
24031,4882,0,0
24032,15550,0,0
24033,-22172,0,0
24034,3508,0,0
24035,6725,0,0
24036,5815,0,0
24037,20247,0,0
24038,10850,0,0
24039,5862,0,0
24040,-9906,0,0
24041,6823,0,0
24042,9928,0,0
24043,-336,0,0
24044,-2368,0,0
24045,17167,0,0
24046,3670,0,0
24047,8799,0,0
24048,-15796,0,0
24049,-2554,0,0
24050,15133,0,0
24051,-10465,0,0
24052,-8514,0,0
24053,2464,0,0
24054,-12696,0,-15000
24055,-6835,0,0
24056,21238,0,0
24057,9781,0,0
24058,20999,0,0
24059,5589,0,0
24060,2755,0,0
24061,10095,0,0
24062,-6412,0,0
24063,9906,0,0
24064,3600,0,0
24065,9360,0,0
24066,12526,0,0
24067,12124,0,0
24068,11359,0,0
24069,-4401,0,0
24070,18092,0,0
24071,-12186,0,0
24072,4162,0,0
24073,9996,0,0
24074,7617,0,0
24075,788,0,0
24076,21071,0,0
24077,-1302,0,0
24078,-10230,0,0
24079,8638,0,0
24080,17095,0,0
24081,15521,0,0
24082,7287,0,0
24083,16779,0,0
24084,1136,0,0
24085,-10078,0,0
24086,-12713,0,0
24087,18265,0,0
24088,3399,0,0
24089,10484,0,0
24090,18376,0,0
24091,6900,0,0
24092,-1078,0,0
24093,-2022,0,0
24094,21314,0,0
24095,20944,0,0
24096,12994,0,0
24097,12956,0,0
24098,-11394,0,0
24099,636,0,0
24100,16138,0,0
24101,20299,0,0
24102,11787,0,0
24103,3271,0,0
24104,-5745,0,0
24105,6485,0,0
24106,-2525,0,0
24107,-5077,0,0
24108,13161,0,0
24109,-22606,0,0
24110,-871,0,0
24111,13461,0,0
24112,12395,0,0
24113,8318,0,0
24114,4109,0,0
24115,1493,0,0
24116,-15424,0,0
24117,4182,0,0
24118,4488,0,0
24119,3132,0,0
24120,-8638,0,0
24121,-5077,0,0
24122,-10471,0,0
24123,2138,0,0
24124,-1001,0,0
24125,-14200,0,0
24126,12253,0,0
24127,-2996,0,0
24128,14962,0,0
24129,6739,0,0
24130,7076,0,0
24131,-8339,0,0
24132,-17799,0,0
24133,-9389,0,0
24134,-12098,0,0
24135,15076,0,0
24136,7267,0,0
24137,18697,0,0
24138,1598,0,0
24139,-4119,0,0
24140,6179,0,0
24141,-1985,0,0
24142,19634,0,0
24143,-15524,0,0
24144,22474,0,0
24145,-4089,0,0
24146,6651,0,0
24147,14037,0,0
24148,-11912,0,0
24149,-13251,0,0
24150,-8495,0,0
24151,-6504,0,0
24152,5629,0,0
24153,-13116,0,0
24154,12995,0,0
24155,-9768,0,0
24156,306,0,0
24157,8929,0,0
24158,-21219,0,0
24159,-3910,0,0
24160,6970,0,0
24161,-11912,0,0
24162,-11518,0,0
24163,-17608,0,0
24164,-13454,0,0
24165,-1994,0,0
24166,-6174,0,0
24167,-1284,0,0
24168,643,0,0
24169,-12340,0,0
24170,491,0,0
24171,12633,0,0
24172,-21608,0,0
24173,-12880,0,0
24174,-1309,0,0
24175,-19874,0,0
24176,4519,0,0
24177,-18042,0,0
24178,-6727,0,0
24179,-10418,0,0
24180,293,0,0
24181,-14810,0,0
24182,-14657,15000,0
24183,-20009,0,0
24184,-2207,0,0
24185,-20945,0,0
24186,7825,0,0
24187,5455,0,0
24188,-18307,0,0
24189,-14299,0,0
24190,-11219,0,0
24191,-4058,0,0
24192,-22000,0,0
24193,-9907,0,0
24194,-12205,0,0
24195,-17793,0,0
24196,7916,0,0
24197,-13982,0,0
24198,-7789,0,0
24199,-14860,0,0
24200,-13633,0,0
24201,-7980,0,0
24202,-20548,0,0
24203,-10053,0,0
24204,-10055,0,0
24205,-9230,0,0
24206,-10756,0,0
24207,-12508,0,0
24208,-21617,0,0
24209,-21162,0,0
24210,12072,0,0
24211,-21406,0,0
24212,-17554,0,0
24213,2002,0,0
24214,14196,0,0
24215,-11949,0,0
24216,-11489,0,0
24217,-10441,0,0
24218,9636,0,0
24219,-19206,0,0
24220,7805,0,0
24221,-9906,0,0
24222,-13106,0,0
24223,-11806,0,0
24224,-6726,0,0
24225,-17713,0,0
24226,2261,0,0
24227,-17120,0,0
24228,-16025,0,0
24229,-12295,0,0
24230,-18859,0,0
24231,6343,0,0
24232,-5952,0,0
24233,-6885,0,0
24234,-6445,0,0
24235,16207,0,0
24236,-12284,0,0
24237,-15859,0,0
24238,-12173,0,0
24239,-19264,0,0
24240,2921,0,0
24241,297,0,0
24242,-9694,0,0
24243,-14908,0,0
24244,-17486,0,0
24245,-18265,0,0
24246,-1506,0,0
24247,-16310,0,0
24248,994,0,0
24249,-15400,0,0
24250,-1138,0,0
24251,-16780,0,0
24252,1018,0,0
24253,-16548,0,0
24254,-23169,0,0
24255,-2129,0,0
24256,7394,0,0
24257,-15134,0,0
24258,16234,0,0
24259,10528,0,0
24260,18166,0,0
24261,-3847,0,0
24262,-10993,0,0
24263,3012,0,0
24264,-18223,0,0
24265,5492,0,0
24266,12751,0,0
24267,-3694,0,0
24268,-5239,0,0
24269,3374,0,0
24270,7196,0,0
24271,-16944,0,0
24272,-9575,0,0
24273,-15136,0,0
24274,-10617,0,0
24275,-8867,0,0
24276,-21182,0,0
24277,-7695,0,0
24278,15462,0,0
24279,-7268,0,0
24280,-17864,0,0
24281,-6726,0,0
24282,-11159,0,0
24283,3002,0,0
24284,-7119,0,0
24285,17230,0,0
24286,4458,0,0
24287,-1484,0,0
24288,12208,0,0
24289,-3961,0,0
24290,8539,0,0
24291,4015,0,0
24292,15431,0,0
24293,10365,0,0
24294,-8127,0,0
24295,-5358,0,0
24296,15236,0,0
24297,17171,0,0
24298,11536,0,0
24299,-6977,0,0
24300,1650,0,0
24301,10688,0,0
24302,15736,0,0
24303,18172,0,0
24304,17409,0,0
24305,15824,0,0
24306,970,0,0
24307,12809,0,0
24308,-11573,0,0
24309,7892,0,0
24310,2450,0,-15000
24311,22171,0,0
24312,17512,0,0
24313,7805,0,0
24314,14365,0,0
24315,19461,0,0
24316,118,0,0
24317,11253,0,0
24318,11870,0,0
24319,14397,0,0
24320,1768,0,0
24321,18942,0,0
24322,-19344,0,0
24323,17567,0,0
24324,20512,0,0
24325,16382,0,0
24326,23140,0,0
24327,8686,0,0
24328,13051,0,0
24329,4180,0,0
24330,19307,0,0
24331,8759,0,0
24332,16715,0,0
24333,20569,0,0
24334,-13018,0,0
24335,-6758,0,0
24336,19574,0,0
24337,-11513,0,0
24338,13678,0,0
24339,1136,0,0
24340,16762,0,0
24341,-14109,0,0
24342,6587,0,0
24343,-1491,0,0
24344,9539,0,0
24345,-2510,0,0
24346,3041,0,0
24347,-19813,0,0
24348,-13679,0,0
24349,13401,0,0
24350,1651,0,0
24351,-1231,0,0
24352,-8352,0,0
24353,20433,0,0
24354,-6108,0,0
24355,-16396,0,0
24356,-11439,0,0
24357,-6571,0,0
24358,-9223,0,0
24359,3783,0,0
24360,-4871,0,0
24361,-15746,0,0
24362,-13799,0,0
24363,-15695,0,0
24364,-18101,0,0
24365,-17284,0,0
24366,-13574,0,0
24367,-14575,0,0
24368,-17169,0,0
24369,-21815,0,0
24370,-14167,0,0
24371,-21479,0,0
24372,-19873,0,0
24373,-8570,0,0
24374,2984,0,0
24375,-5143,0,0
24376,-17376,0,0
24377,-13602,0,0
24378,9809,0,0
24379,-8349,0,0
24380,-16282,0,0
24381,-10252,0,0
24382,-13990,0,0
24383,-2288,0,0
24384,992,0,0
24385,11963,0,0
24386,-9268,0,0
24387,-14454,0,0
24388,-11701,0,0
24389,-10417,0,0
24390,3913,0,0
24391,4040,0,0
24392,-3962,0,0
24393,-11448,0,0
24394,-5001,0,0
24395,-8313,0,0
24396,-3627,0,0
24397,-15560,0,0
24398,-5832,0,0
24399,1406,0,0
24400,1496,0,0
24401,18942,0,0
24402,-12179,0,0
24403,4523,0,0
24404,-13438,0,0
24405,-13297,0,0
24406,-7305,0,0
24407,13164,0,0
24408,11507,0,0
24409,21998,0,0
24410,-14386,0,0
24411,-2491,0,0
24412,15534,0,0
24413,13669,0,0
24414,16805,0,0
24415,22827,0,0
24416,-16853,0,0
24417,13913,0,0
24418,4156,0,0
24419,-1704,0,0
24420,14546,0,0
24421,22832,0,0
24422,16383,0,0
24423,5224,0,0
24424,15975,0,0
24425,17288,0,0
24426,17288,0,0
24427,11800,0,0
24428,-4249,0,0
24429,18529,0,0
24430,12926,0,0
24431,-3400,0,0
24432,16815,0,0
24433,22723,0,0
24434,12395,0,0
24435,13870,0,0
24436,8772,0,0
24437,12310,0,0
24438,2457,15000,0
24439,-9697,0,0
24440,10505,0,0
24441,18343,0,0
24442,21180,0,0
24443,20086,0,0
24444,-18130,0,0
24445,11910,0,0
24446,7374,0,0
24447,20694,0,0
24448,-12416,0,0
24449,13014,0,0
24450,22329,0,0
24451,-15426,0,0
24452,5076,0,0
24453,19482,0,0
24454,8190,0,0
24455,18942,0,0
24456,336,0,0
24457,14352,0,0
24458,17924,0,0
24459,16107,0,0
24460,-8116,0,0
24461,3361,0,0
24462,11777,0,0
24463,1639,0,0
24464,3662,0,0
24465,17166,0,0
24466,13381,0,0
24467,16779,0,0
24468,14809,0,0
24469,16774,0,0
24470,7130,0,0
24471,7192,0,0
24472,23168,0,0
24473,7409,0,0
24474,17197,0,0
24475,9885,0,0
24476,-7038,0,0
24477,-7303,0,0
24478,13918,0,0
24479,-6327,0,0
24480,11411,0,0
24481,4298,0,0
24482,6822,0,0
24483,1529,0,0
24484,12937,0,0
24485,261,0,0
24486,1704,0,0
24487,2141,0,0
24488,6527,0,0
24489,5654,0,0
24490,-7162,0,0
24491,16545,0,0
24492,16998,0,0
24493,17555,0,0
24494,14329,0,0
24495,8467,0,0
24496,10620,0,0
24497,-15797,0,0
24498,11095,0,0
24499,13177,0,0
24500,11852,0,0
24501,-8376,0,0
24502,5239,0,0
24503,6547,0,0
24504,8956,0,0
24505,22605,0,0
24506,-19265,0,0
24507,13857,0,0
24508,13941,0,0
24509,21678,0,0
24510,14344,0,0
24511,19011,0,0
24512,9455,0,0
24513,7537,0,0
24514,1605,0,0
24515,7941,0,0
24516,1606,0,0
24517,-1137,0,0
24518,15559,0,0
24519,-12071,0,0
24520,-1270,0,0
24521,13275,0,0
24522,5453,0,0
24523,-37,0,0
24524,12563,0,0
24525,7845,0,0
24526,2121,0,0
24527,8674,0,0
24528,2316,0,0
24529,1136,0,0
24530,11616,0,0
24531,5040,0,0
24532,-9487,0,0
24533,22918,0,0
24534,17720,0,0
24535,10587,0,0
24536,17599,0,0
24537,-2762,0,0
24538,-3535,0,0
24539,9352,0,0
24540,-7190,0,0
24541,394,0,0
24542,-6705,0,0
24543,6554,0,0
24544,-2386,0,0
24545,10617,0,0
24546,20518,0,0
24547,-9896,0,0
24548,-5852,0,0
24549,-21181,0,0
24550,9751,0,0
24551,12894,0,0
24552,6450,0,0
24553,-7715,0,0
24554,-7268,0,0
24555,-5935,0,0
24556,6577,0,0
24557,-7345,0,0
24558,8498,0,0
24559,2666,0,0
24560,-15742,0,0
24561,5727,0,0
24562,8422,0,0
24563,-1103,0,0
24564,22550,0,0
24565,-1573,0,-15000
24566,-2756,0,0
24567,6025,0,0
24568,1867,0,0
24569,-2874,0,0
24570,-20013,0,0
24571,14698,0,0
24572,7847,0,0
24573,-4463,0,0
24574,17531,0,0
24575,-2367,0,0
24576,-8833,0,0
24577,596,0,0
24578,568,0,0
24579,-5666,0,0
24580,17412,0,0
24581,17909,0,0
24582,-4355,0,0
24583,5911,0,0
24584,3399,0,0
24585,-1302,0,0
24586,6658,0,0
24587,6274,0,0
24588,12155,0,0
24589,11199,0,0
24590,6179,0,0
24591,-11421,0,0
24592,9631,0,0
24593,2948,0,0
24594,2267,0,0
24595,8634,0,0
24596,-2922,0,0
24597,-10861,0,0
24598,9388,0,0
24599,19317,0,0
24600,14265,0,0
24601,22170,0,0
24602,6265,0,0
24603,7308,0,0
24604,13155,0,0
24605,20267,0,0
24606,5571,0,0
24607,8989,0,0
24608,3474,0,0
24609,-4521,0,0
24610,13341,0,0
24611,-2061,0,0
24612,15195,0,0
24613,2120,0,0
24614,17682,0,0
24615,6450,0,0
24616,-17544,0,0
24617,23140,0,0
24618,-948,0,0
24619,8452,0,0
24620,3295,0,0
24621,0,0,0
24622,4345,0,0
24623,10952,0,0
24624,2894,0,0
24625,-6810,0,0
24626,14895,0,0
24627,-4211,0,0
24628,16527,0,0
24629,1136,0,0
24630,-8053,0,0
24631,16523,0,0
24632,595,0,0
24633,4729,0,0
24634,17909,0,0
24635,15596,0,0
24636,-14255,0,0
24637,7805,0,0
24638,-11604,0,0
24639,3399,0,0
24640,660,0,0
24641,22828,0,0
24642,5197,0,0
24643,8578,0,0
24644,12360,0,0
24645,-1725,0,0
24646,-10418,0,0
24647,9372,0,0
24648,141,0,0
24649,-3196,0,0
24650,-16334,0,0
24651,9849,0,0
24652,-12241,0,0
24653,7225,0,0
24654,-6180,0,0
24655,15343,0,0
24656,14454,0,0
24657,12876,0,0
24658,-11139,0,0
24659,14104,0,0
24660,-8603,0,0
24661,3331,0,0
24662,-9286,0,0
24663,-6514,0,0
24664,-7221,0,0
24665,10933,0,0
24666,7482,0,0
24667,8158,0,0
24668,-2622,0,0
24669,16977,0,0
24670,6492,0,0
24671,15133,0,0
24672,15328,0,0
24673,15976,0,0
24674,4664,0,0
24675,-16220,0,0
24676,-2688,0,0
24677,16889,0,0
24678,2270,0,0
24679,-8017,0,0
24680,11417,0,0
24681,-13341,0,0
24682,-7219,0,0
24683,-9482,0,0
24684,5629,0,0
24685,2507,0,0
24686,12581,0,0
24687,-3533,0,0
24688,7805,0,0
24689,21181,0,0
24690,17422,0,0
24691,15042,0,0
24692,13117,0,0
24693,15501,15000,0
24694,-18251,0,0
24695,-5961,0,0
24696,-3583,0,0
24697,1584,0,0
24698,18747,0,0
24699,6438,0,0
24700,-225,0,0
24701,-13635,0,0
24702,3124,0,0
24703,-3655,0,0
24704,2041,0,0
24705,2003,0,0
24706,5827,0,0
24707,-2856,0,0
24708,11563,0,0
24709,9354,0,0
24710,3621,0,0
24711,559,0,0
24712,-3863,0,0
24713,-1840,0,0
24714,-15728,0,0
24715,8952,0,0
24716,18942,0,0
24717,17438,0,0
24718,-3838,0,0
24719,12409,0,0
24720,14862,0,0
24721,-6726,0,0
24722,-8608,0,0
24723,21814,0,0
24724,12389,0,0
24725,9388,0,0
24726,10239,0,0
24727,12999,0,0
24728,11598,0,0
24729,10627,0,0
24730,22605,0,0
24731,6765,0,0
24732,-565,0,0
24733,14809,0,0
24734,11030,0,0
24735,-10955,0,0
24736,-4249,0,0
24737,-17423,0,0
24738,10312,0,0
24739,-2918,0,0
24740,12282,0,0
24741,16018,0,0
24742,-13486,0,0
24743,-9882,0,0
24744,7836,0,0
24745,-1768,0,0
24746,15894,0,0
24747,17166,0,0
24748,11618,0,0
24749,12082,0,0
24750,20292,0,0
24751,14698,0,0
24752,8334,0,0
24753,2030,0,0
24754,-15415,0,0
24755,18608,0,0
24756,2759,0,0
24757,14862,0,0
24758,8597,0,0
24759,-16408,0,0
24760,355,0,0
24761,10921,0,0
24762,15810,0,0
24763,-7657,0,0
24764,-2209,0,0
24765,21616,0,0
24766,9906,0,0
24767,-9310,0,0
24768,-8046,0,0
24769,13721,0,0
24770,14283,0,0
24771,11779,0,0
24772,13159,0,0
24773,9823,0,0
24774,2767,0,0
24775,2745,0,0
24776,-11201,0,0
24777,-2734,0,0
24778,15559,0,0
24779,-569,0,0
24780,10035,0,0
24781,1702,0,0
24782,16779,0,0
24783,11667,0,0
24784,10962,0,0
24785,-13893,0,0
24786,127,0,0
24787,14054,0,0
24788,8383,0,0
24789,3399,0,0
24790,-13975,0,0
24791,22605,0,0
24792,18050,0,0
24793,14089,0,0
24794,4449,0,0
24795,13050,0,0
24796,20944,0,0
24797,4719,0,0
24798,21181,0,0
24799,21405,0,0
24800,21616,0,0
24801,21119,0,0
24802,8157,0,0
24803,11916,0,0
24804,-1504,0,0
24805,-1841,0,0
24806,22329,0,0
24807,18419,0,0
24808,12439,0,0
24809,5416,0,0
24810,158,0,0
24811,19573,0,0
24812,-2047,0,0
24813,14872,0,0
24814,12563,0,0
24815,11969,0,0
24816,6551,0,0
24817,-15439,0,0
24818,-12086,0,0
24819,2501,0,0
24820,22994,0,0
24821,14254,0,-15000
24822,17971,0,0
24823,14698,0,0
24824,14265,0,0
24825,15413,0,0
24826,-390,0,0
24827,15648,0,0
24828,2270,0,0
24829,14254,0,0
24830,3667,0,0
24831,16018,0,0
24832,22918,0,0
24833,13801,0,0
24834,-11782,0,0
24835,13340,0,0
24836,14507,0,0
24837,-3233,0,0
24838,-7898,0,0
24839,2355,0,0
24840,12568,0,0
24841,-19873,0,0
24842,1291,0,0
24843,7305,0,0
24844,-7298,0,0
24845,11911,0,0
24846,-7813,0,0
24847,14738,0,0
24848,16474,0,0
24849,11910,0,0
24850,2168,0,0
24851,4442,0,0
24852,10774,0,0
24853,12395,0,0
24854,22723,0,0
24855,14124,0,0
24856,1338,0,0
24857,17063,0,0
24858,-5013,0,0
24859,11992,0,0
24860,-13787,0,0
24861,-3144,0,0
24862,23057,0,0
24863,-3817,0,0
24864,4566,0,0
24865,15910,0,0
24866,10240,0,0
24867,16337,0,0
24868,10565,0,0
24869,-1708,0,0
24870,2834,0,0
24871,-16773,0,0
24872,10894,0,0
24873,16382,0,0
24874,-7466,0,0
24875,17166,0,0
24876,7650,0,0
24877,-1143,0,0
24878,8130,0,0
24879,9365,0,0
24880,7870,0,0
24881,17542,0,0
24882,-6289,0,0
24883,4465,0,0
24884,-6841,0,0
24885,-14255,0,0
24886,22994,0,0
24887,18265,0,0
24888,-22919,0,0
24889,11038,0,0
24890,3960,0,0
24891,5771,0,0
24892,10784,0,0
24893,-7134,0,0
24894,-22171,0,0
24895,7478,0,0
24896,7805,0,0
24897,21180,0,0
24898,3946,0,0
24899,19992,0,0
24900,10894,0,0
24901,-97,0,0
24902,1903,0,0
24903,-6906,0,0
24904,-5861,0,0
24905,22278,0,0
24906,11419,0,0
24907,5173,0,0
24908,1529,0,0
24909,19911,0,0
24910,-19264,0,0
24911,-15393,0,0
24912,4109,0,0
24913,-12644,0,0
24914,14254,0,0
24915,-2271,0,0
24916,8599,0,0
24917,-1704,0,0
24918,15718,0,0
24919,-1137,0,0
24920,15559,0,0
24921,-1705,0,0
24922,-17003,0,0
24923,-1704,0,0
24924,12779,0,0
24925,9253,0,0
24926,-5543,0,0
24927,4028,0,0
24928,4107,0,0
24929,767,0,0
24930,10553,0,0
24931,-8530,0,0
24932,-1828,0,0
24933,17310,0,0
24934,15255,0,0
24935,23056,0,0
24936,-17,0,0
24937,-5513,0,0
24938,-11152,0,0
24939,-7593,0,0
24940,-12097,0,0
24941,8645,0,0
24942,2237,0,0
24943,4841,0,0
24944,-4000,0,0
24945,-16103,0,0
24946,4938,0,0
24947,-1548,0,0
24948,5491,0,0
24949,7755,15000,0
24950,-5629,0,0
24951,-5576,0,0
24952,7363,0,0
24953,-6727,0,0
24954,-20434,0,0
24955,-14067,0,0
24956,-3577,0,0
24957,-11439,0,0
24958,6422,0,0
24959,-8338,0,0
24960,-7340,0,0
24961,-12560,0,0
24962,-4858,0,0
24963,-11174,0,0
24964,-21617,0,0
24965,-9906,0,0
24966,8660,0,0
24967,-16251,0,0
24968,12379,0,0
24969,-16942,0,0
24970,-18072,0,0
24971,2166,0,0
24972,-21815,0,0
24973,10784,0,0
24974,-21815,0,0
24975,-520,0,0
24976,4031,0,0
24977,-344,0,0
24978,-18725,0,0
24979,-12692,0,0
24980,-11578,0,0
24981,-7805,0,0
24982,-13486,0,0
24983,-11370,0,0
24984,665,0,0
24985,-13456,0,0
24986,-2044,0,0
24987,-10414,0,0
24988,11420,0,0
24989,-18162,0,0
24990,5407,0,0
24991,-11793,0,0
24992,2016,0,0
24993,-5233,0,0
24994,-10568,0,0
24995,12366,0,0
24996,-18265,0,0
24997,-7626,0,0
24998,-10519,0,0
24999,-10685,0,0
25000,15714,0,0
25001,560,0,0
25002,-7473,0,0
25003,-8295,0,0
25004,11055,0,0
25005,-19253,0,0
25006,-16517,0,0
25007,-11261,0,0
25008,-1094,0,0
25009,1136,0,0
25010,-16402,0,0
25011,-23057,0,0
25012,4629,0,0
25013,-22828,0,0
25014,-9613,0,0
25015,1285,0,0
25016,-13123,0,0
25017,-6257,0,0
25018,-3123,0,0
25019,-4255,0,0
25020,10865,0,0
25021,-6265,0,0
25022,-6726,0,0
25023,-15164,0,0
25024,-6180,0,0
25025,-19873,0,0
25026,-10509,0,0
25027,-19264,0,0
25028,-5036,0,0
25029,18609,0,0
25030,-2837,0,0
25031,-3506,0,0
25032,-23107,0,0
25033,15931,0,0
25034,-5761,0,0
25035,15358,0,0
25036,-12814,0,0
25037,-16462,0,0
25038,14862,0,0
25039,-10249,0,0
25040,6803,0,0
25041,-14475,0,0
25042,-12573,0,0
25043,-16383,0,0
25044,-23169,0,0
25045,-16383,0,0
25046,-15833,0,0
25047,-14691,0,0
25048,13552,0,0
25049,-15977,0,0
25050,10168,0,0
25051,11715,0,0
25052,2579,0,0
25053,-15134,0,0
25054,13510,0,0
25055,-17910,0,0
25056,-2626,0,0
25057,-16517,0,0
25058,-20466,0,0
25059,-15104,0,0
25060,-22663,0,0
25061,-725,0,0
25062,22827,0,0
25063,3654,0,0
25064,3518,0,0
25065,-9882,0,0
25066,-9689,0,0
25067,-10922,0,0
25068,641,0,0
25069,16181,0,0
25070,1173,0,0
25071,-8339,0,0
25072,-1134,0,0
25073,-9523,0,0
25074,-9147,0,0
25075,1821,0,0
25076,-1742,0,0
25077,-16158,0,-15000
25078,3697,0,0
25079,-22829,0,0
25080,-16605,0,0
25081,-13816,0,0
25082,-14591,0,0
25083,-22573,0,0
25084,2067,0,0
25085,9233,0,0
25086,-16412,0,0
25087,-11867,0,0
25088,-16248,0,0
25089,19013,0,0
25090,-16239,0,0
25091,-1501,0,0
25092,17681,0,0
25093,-10674,0,0
25094,-7637,0,0
25095,8369,0,0
25096,2287,0,0
25097,-22542,0,0
25098,-9304,0,0
25099,2948,0,0
25100,-7181,0,0
25101,6179,0,0
25102,-15851,0,0
25103,-12469,0,0
25104,5347,0,0
25105,2861,0,0
25106,-1534,0,0
25107,15290,0,0
25108,22171,0,0
25109,-20159,0,0
25110,-5164,0,0
25111,-6700,0,0
25112,-6349,0,0
25113,10096,0,0
25114,6017,0,0
25115,11388,0,0
25116,-13798,0,0
25117,-17278,0,0
25118,15991,0,0
25119,40,0,0
25120,-21304,0,0
25121,-3107,0,0
25122,-16658,0,0
25123,2864,0,0
25124,6708,0,0
25125,3920,0,0
25126,445,0,0
25127,-335,0,0
25128,2836,0,0
25129,-9580,0,0
25130,4520,0,0
25131,8734,0,0
25132,17752,0,0
25133,20694,0,0
25134,6461,0,0
25135,-9389,0,0
25136,20582,0,0
25137,11107,0,0
25138,15918,0,0
25139,5236,0,0
25140,1590,0,0
25141,-5077,0,0
25142,-194,0,0
25143,6215,0,0
25144,-14438,0,0
25145,-10309,0,0
25146,15133,0,0
25147,6990,0,0
25148,15975,0,0
25149,-1,0,0
25150,-2790,0,0
25151,-18924,0,0
25152,-722,0,0
25153,13169,0,0
25154,-14698,0,0
25155,1574,0,0
25156,6653,0,0
25157,-15952,0,0
25158,17685,0,0
25159,-12526,0,0
25160,-2332,0,0
25161,-22475,0,0
25162,-1876,0,0
25163,-12192,0,0
25164,12093,0,0
25165,-4193,0,0
25166,-8153,0,0
25167,-8814,0,0
25168,-10417,0,0
25169,-9262,0,0
25170,-10313,0,0
25171,-2700,0,0
25172,-9508,0,0
25173,11438,0,0
25174,-18114,0,0
25175,8987,0,0
25176,-1401,0,0
25177,10700,0,0
25178,-6831,0,0
25179,21404,0,0
25180,-1314,0,0
25181,-43,0,0
25182,-8867,0,0
25183,1921,0,0
25184,-9389,0,0
25185,931,0,0
25186,2877,0,0
25187,9085,0,0
25188,-12090,0,0
25189,-13796,0,0
25190,522,0,0
25191,12729,0,0
25192,-14288,0,0
25193,2497,0,0
25194,-13249,0,0
25195,13390,0,0
25196,1590,0,0
25197,8622,0,0
25198,-13221,0,0
25199,17565,0,0
25200,-1405,0,0
25201,-15194,0,0
25202,-2837,0,0
25203,-5497,0,0
25204,4337,0,0
25205,-17168,15000,0
25206,-9706,0,0
25207,-16383,0,0
25208,-1924,0,0
25209,-16117,0,0
25210,1703,0,0
25211,17909,0,0
25212,-18321,0,0
25213,-5844,0,0
25214,301,0,0
25215,404,0,0
25216,-9052,0,0
25217,6,0,0
25218,7805,0,0
25219,-5049,0,0
25220,15608,0,0
25221,-7182,0,0
25222,75,0,0
25223,-7576,0,0
25224,-1599,0,0
25225,-4256,0,0
25226,-8204,0,0
25227,-6344,0,0
25228,-5527,0,0
25229,-9531,0,0
25230,13584,0,0
25231,7454,0,0
25232,-18265,0,0
25233,2551,0,0
25234,12277,0,0
25235,-1170,0,0
25236,-15992,0,0
25237,-2406,0,0
25238,15976,0,0
25239,3212,0,0
25240,15265,0,0
25241,-1288,0,0
25242,17880,0,0
25243,-1237,0,0
25244,5820,0,0
25245,-6225,0,0
25246,-13802,0,0
25247,11511,0,0
25248,-3927,0,0
25249,-5990,0,0
25250,16120,0,0
25251,242,0,0
25252,6653,0,0
25253,-7024,0,0
25254,7,0,0
25255,12003,0,0
25256,-2371,0,0
25257,2108,0,0
25258,-9907,0,0
25259,12535,0,0
25260,-4870,0,0
25261,-15323,0,0
25262,1317,0,0
25263,-20466,0,0
25264,-13146,0,0
25265,9905,0,0
25266,10357,0,0
25267,10416,0,0
25268,-21473,0,0
25269,-523,0,0
25270,13527,0,0
25271,-7827,0,0
25272,-5630,0,0
25273,11910,0,0
25274,3205,0,0
25275,-2148,0,0
25276,-8668,0,0
25277,4898,0,0
25278,4391,0,0
25279,829,0,0
25280,11335,0,0
25281,17213,0,0
25282,-8449,0,0
25283,14791,0,0
25284,21787,0,0
25285,1803,0,0
25286,4773,0,0
25287,-16437,0,0
25288,-2271,0,0
25289,-1683,0,0
25290,-2686,0,0
25291,-15710,0,0
25292,-3400,0,0
25293,2413,0,0
25294,-3934,0,0
25295,13341,0,0
25296,4518,0,0
25297,14497,0,0
25298,17343,0,0
25299,-19575,0,0
25300,-5419,0,0
25301,-3725,0,0
25302,-12721,0,0
25303,-545,0,0
25304,107,0,0
25305,-1465,0,0
25306,20610,0,0
25307,-3,0,0
25308,-8867,0,0
25309,-4261,0,0
25310,-1723,0,0
25311,7890,0,0
25312,-7839,0,0
25313,-21226,0,0
25314,-14243,0,0
25315,-18369,0,0
25316,1056,0,0
25317,143,0,0
25318,-12024,0,0
25319,-5118,0,0
25320,-11420,0,0
25321,10413,0,0
25322,-19239,0,0
25323,-5411,0,0
25324,-6154,0,0
25325,-5337,0,0
25326,-12396,0,0
25327,-2960,0,0
25328,-2241,0,0
25329,-14458,0,0
25330,-17040,0,0
25331,-22919,0,0
25332,-16189,0,0
25333,-14483,0,-15000
25334,-15030,0,0
25335,591,0,0
25336,-15530,0,0
25337,-6467,0,0
25338,-18266,0,0
25339,-36,0,0
25340,-9827,0,0
25341,-3512,0,0
25342,2283,0,0
25343,-8737,0,0
25344,18009,0,0
25345,-22995,0,0
25346,-13802,0,0
25347,-22919,0,0
25348,-13772,0,0
25349,-22828,0,0
25350,-5609,0,0
25351,-14339,0,0
25352,-15433,0,0
25353,4227,0,0
25354,-11912,0,0
25355,-21063,0,0
25356,-9631,0,0
25357,-22171,0,0
25358,-19992,0,0
25359,-20815,0,0
25360,9906,0,0
25361,-1512,0,0
25362,-18988,0,0
25363,-15024,0,0
25364,-7491,0,0
25365,-10721,0,0
25366,-9296,0,0
25367,-20145,0,0
25368,-21405,0,0
25369,-21406,0,0
25370,-2365,0,0
25371,2267,0,0
25372,9589,0,0
25373,-8867,0,0
25374,-8537,0,0
25375,-10673,0,0
25376,1380,0,0
25377,-18851,0,0
25378,-21406,0,0
25379,-9381,0,0
25380,-2117,0,0
25381,-5927,0,0
25382,-11794,0,0
25383,-13406,0,0
25384,8866,0,0
25385,-21617,0,0
25386,-5880,0,0
25387,19061,0,0
25388,-10589,0,0
25389,-13281,0,0
25390,-20771,0,0
25391,-16373,0,0
25392,-7070,0,0
25393,15366,0,0
25394,-19197,0,0
25395,-20331,0,0
25396,643,0,0
25397,-12561,0,0
25398,-15341,0,0
25399,-16305,0,0
25400,-20695,0,0
25401,-17368,0,0
25402,7443,0,0
25403,-5915,0,0
25404,13831,0,0
25405,8250,0,0
25406,2782,0,0
25407,12081,0,0
25408,15701,0,0
25409,-4046,0,0
25410,18010,0,0
25411,-11138,0,0
25412,-16010,0,0
25413,11438,0,0
25414,12778,0,0
25415,-10589,0,0
25416,15626,0,0
25417,22917,0,0
25418,-13802,0,0
25419,-14896,0,0
25420,-18383,0,0
25421,1597,0,0
25422,-13802,0,0
25423,20999,0,0
25424,-15562,0,0
25425,-12368,0,0
25426,7483,0,0
25427,10289,0,0
25428,-16329,0,0
25429,-9852,0,0
25430,-5815,0,0
25431,10782,0,0
25432,18942,0,0
25433,6139,0,0
25434,7011,0,0
25435,4453,0,0
25436,9934,0,0
25437,-3388,0,0
25438,-6376,0,0
25439,-10093,0,0
25440,-14885,0,0
25441,11857,0,0
25442,12871,0,0
25443,-270,0,0
25444,5502,0,0
25445,15503,0,0
25446,-13592,0,0
25447,3834,0,0
25448,17428,0,0
25449,-2745,0,0
25450,-14137,0,0
25451,11284,0,0
25452,-6623,0,0
25453,-18485,0,0
25454,16031,0,0
25455,15887,0,0
25456,9488,0,0
25457,6224,0,0
25458,-14275,0,0
25459,-22724,0,0
25460,-7154,0,0
25461,-15736,15000,0
25462,-4228,0,0
25463,9809,0,0
25464,-1691,0,0
25465,-10136,0,0
25466,11910,0,0
25467,2620,0,0
25468,-14736,0,0
25469,4415,0,0
25470,16077,0,0
25471,22329,0,0
25472,-17171,0,0
25473,7267,0,0
25474,-9907,0,0
25475,9790,0,0
25476,5846,0,0
25477,11247,0,0
25478,-4098,0,0
25479,13309,0,0
25480,-7182,0,0
25481,3555,0,0
25482,12819,0,0
25483,12222,0,0
25484,-15603,0,0
25485,12595,0,0
25486,-8229,0,0
25487,-19264,0,0
25488,10420,0,0
25489,-16820,0,0
25490,626,0,0
25491,6590,0,0
25492,-4459,0,0
25493,11497,0,0
25494,23161,0,0
25495,-17543,0,0
25496,5345,0,0
25497,10432,0,0
25498,15126,0,0
25499,10934,0,0
25500,-6819,0,0
25501,-6388,0,0
25502,10998,0,0
25503,-6570,0,0
25504,-1482,0,0
25505,18989,0,0
25506,-11977,0,0
25507,8725,0,0
25508,17509,0,0
25509,-2837,0,0
25510,16032,0,0
25511,12690,0,0
25512,16247,0,0
25513,2464,0,0
25514,-10749,0,0
25515,-5880,0,0
25516,12222,0,0
25517,9517,0,0
25518,-5944,0,0
25519,18391,0,0
25520,17889,0,0
25521,13713,0,0
25522,-11936,0,0
25523,12750,0,0
25524,442,0,0
25525,21814,0,0
25526,-19392,0,0
25527,-11374,0,0
25528,12447,0,0
25529,20694,0,0
25530,-17288,0,0
25531,-5417,0,0
25532,-18245,0,0
25533,-12161,0,0
25534,-2837,0,0
25535,-17154,0,0
25536,7397,0,0
25537,12527,0,0
25538,-4080,0,0
25539,-16383,0,0
25540,14909,0,0
25541,-2935,0,0
25542,4549,0,0
25543,15220,0,0
25544,-2837,0,0
25545,-17033,0,0
25546,-22828,0,0
25547,-3222,0,0
25548,-15402,0,0
25549,14336,0,0
25550,-7991,0,0
25551,-10598,0,0
25552,6682,0,0
25553,10499,0,0
25554,5166,0,0
25555,-1679,0,0
25556,20433,0,0
25557,5629,0,0
25558,15733,0,0
25559,9080,0,0
25560,17696,0,0
25561,2836,0,0
25562,14522,0,0
25563,-13035,0,0
25564,-16388,0,0
25565,-13305,0,0
25566,-14639,0,0
25567,9314,0,0
25568,6094,0,0
25569,-17615,0,0
25570,17543,0,0
25571,-8362,0,0
25572,-15788,0,0
25573,6074,0,0
25574,-4838,0,0
25575,3753,0,0
25576,1861,0,0
25577,-13922,0,0
25578,-13486,0,0
25579,-6774,0,0
25580,-17014,0,0
25581,-8807,0,0
25582,-4226,0,0
25583,3461,0,0
25584,431,0,0
25585,-6173,0,0
25586,7016,0,0
25587,-15055,0,0
25588,-11297,0,-15000
25589,-3239,0,0
25590,-15798,0,0
25591,-13882,0,0
25592,7765,0,0
25593,16069,0,0
25594,0,0,0
25595,-17167,0,0
25596,-11566,0,0
25597,18264,0,0
25598,-378,0,0
25599,10044,0,0
25600,6007,0,0
25601,-7751,0,0
25602,-7144,0,0
25603,-9389,0,0
25604,-21406,0,0
25605,-13851,0,0
25606,-15008,0,0
25607,-16429,0,0
25608,18639,0,0
25609,-11749,0,0
25610,3560,0,0
25611,3383,0,0
25612,-13854,0,0
25613,1136,0,0
25614,12962,0,0
25615,-887,0,0
25616,-2316,0,0
25617,21318,0,0
25618,-817,0,0
25619,-14101,0,0
25620,-14148,0,0
25621,-7904,0,0
25622,-15477,0,0
25623,-7666,0,0
25624,11909,0,0
25625,8384,0,0
25626,5890,0,0
25627,-3369,0,0
25628,2691,0,0
25629,-5504,0,0
25630,-1034,0,0
25631,783,0,0
25632,16444,0,0
25633,10925,0,0
25634,-13534,0,0
25635,10921,0,0
25636,-5345,0,0
25637,16933,0,0
25638,-9254,0,0
25639,2993,0,0
25640,3991,0,0
25641,2404,0,0
25642,17633,0,0
25643,16382,0,0
25644,174,0,0
25645,-10438,0,0
25646,-10028,0,0
25647,8810,0,0
25648,408,0,0
25649,-14293,0,0
25650,-1268,0,0
25651,1254,0,0
25652,4492,0,0
25653,13451,0,0
25654,-1278,0,0
25655,-5126,0,0
25656,6082,0,0
25657,9136,0,0
25658,16912,0,0
25659,-8667,0,0
25660,16382,0,0
25661,-16944,0,0
25662,15583,0,0
25663,-3108,0,0
25664,7749,0,0
25665,15842,0,0
25666,-16167,0,0
25667,11212,0,0
25668,1643,0,0
25669,17832,0,0
25670,7424,0,0
25671,10970,0,0
25672,-3077,0,0
25673,-18794,0,0
25674,-11303,0,0
25675,7106,0,0
25676,-6717,0,0
25677,16268,0,0
25678,7490,0,0
25679,9087,0,0
25680,-12569,0,0
25681,1258,0,0
25682,10767,0,0
25683,-14543,0,0
25684,-12274,0,0
25685,-12899,0,0
25686,6285,0,0
25687,10633,0,0
25688,15801,0,0
25689,8488,0,0
25690,-10614,0,0
25691,-4690,0,0
25692,-502,0,0
25693,788,0,0
25694,-16420,0,0
25695,21998,0,0
25696,1836,0,0
25697,-9907,0,0
25698,-6193,0,0
25699,-9144,0,0
25700,-8433,0,0
25701,-10127,0,0
25702,1136,0,0
25703,-16384,0,0
25704,4599,0,0
25705,4699,0,0
25706,-12488,0,0
25707,18353,0,0
25708,15788,0,0
25709,20694,0,0
25710,-21617,0,0
25711,13682,0,0
25712,-12965,0,0
25713,2924,0,0
25714,6840,0,0
25715,-15127,0,0
25716,-16227,15000,0
25717,-15538,0,0
25718,-1478,0,0
25719,-9436,0,0
25720,16516,0,0
25721,-6593,0,0
25722,-10774,0,0
25723,-2271,0,0
25724,-18609,0,0
25725,-10461,0,0
25726,-1152,0,0
25727,3630,0,0
25728,-1205,0,0
25729,11429,0,0
25730,-6048,0,0
25731,-1521,0,0
25732,16878,0,0
25733,10656,0,0
25734,-7860,0,0
25735,5519,0,0
25736,8077,0,0
25737,16779,0,0
25738,9436,0,0
25739,-15134,0,0
25740,5015,0,0
25741,-2771,0,0
25742,-10856,0,0
25743,-15381,0,0
25744,4442,0,0
25745,4799,0,0
25746,-9906,0,0
25747,2334,0,0
25748,-1937,0,0
25749,8204,0,0
25750,-6835,0,0
25751,-11243,0,0
25752,11231,0,0
25753,14200,0,0
25754,17909,0,0
25755,-8497,0,0
25756,10128,0,0
25757,6579,0,0
25758,-8080,0,0
25759,-6619,0,0
25760,-16642,0,0
25761,20158,0,0
25762,305,0,0
25763,16506,0,0
25764,-17983,0,0
25765,16382,0,0
25766,-6104,0,0
25767,9692,0,0
25768,-16233,0,0
25769,10745,0,0
25770,-10216,0,0
25771,8176,0,0
25772,16338,0,0
25773,-9297,0,0
25774,19574,0,0
25775,16789,0,0
25776,3444,0,0
25777,13933,0,0
25778,1624,0,0
25779,-3338,0,0
25780,-7164,0,0
25781,14903,0,0
25782,-18398,0,0
25783,7508,0,0
25784,21616,0,0
25785,-7784,0,0
25786,18265,0,0
25787,-7738,0,0
25788,17259,0,0
25789,16618,0,0
25790,23161,0,0
25791,-2795,0,0
25792,10467,0,0
25793,-13156,0,0
25794,-13021,0,0
25795,11516,0,0
25796,10390,0,0
25797,10683,0,0
25798,-8745,0,0
25799,8264,0,0
25800,760,0,0
25801,21552,0,0
25802,18017,0,0
25803,7578,0,0
25804,1073,0,0
25805,21973,0,0
25806,-16611,0,0
25807,-6975,0,0
25808,-2516,0,0
25809,10188,0,0
25810,1668,0,0
25811,-5228,0,0
25812,-16483,0,0
25813,-17949,0,0
25814,-14237,0,0
25815,-4318,0,0
25816,9819,0,0
25817,-13386,0,0
25818,-9122,0,0
25819,9906,0,0
25820,6726,0,0
25821,15998,0,0
25822,-14254,0,0
25823,810,0,0
25824,38,0,0
25825,14697,0,0
25826,-10927,0,0
25827,9504,0,0
25828,4958,0,0
25829,1038,0,0
25830,-1459,0,0
25831,8998,0,0
25832,17201,0,0
25833,13253,0,0
25834,17919,0,0
25835,-20159,0,0
25836,-13455,0,0
25837,1489,0,0
25838,552,0,0
25839,13441,0,0
25840,-1865,0,0
25841,5256,0,0
25842,-16208,0,0
25843,-10092,0,0
25844,-16117,0,-15000
25845,-22828,0,0
25846,17965,0,0
25847,20958,0,0
25848,9520,0,0
25849,-4844,0,0
25850,3826,0,0
25851,-5685,0,0
25852,7237,0,0
25853,18533,0,0
25854,10121,0,0
25855,-10178,0,0
25856,15015,0,0
25857,456,0,0
25858,16666,0,0
25859,-16564,0,0
25860,-10134,0,0
25861,-5363,0,0
25862,14535,0,0
25863,5406,0,0
25864,5383,0,0
25865,3373,0,0
25866,-5761,0,0
25867,-6271,0,0
25868,1536,0,0
25869,-14655,0,0
25870,16309,0,0
25871,10651,0,0
25872,8373,0,0
25873,-1917,0,0
25874,-15950,0,0
25875,11631,0,0
25876,5915,0,0
25877,7463,0,0
25878,-10187,0,0
25879,-20159,0,0
25880,3698,0,0
25881,14606,0,0
25882,2794,0,0
25883,-16575,0,0
25884,22780,0,0
25885,-16216,0,0
25886,-10146,0,0
25887,1103,0,0
25888,3220,0,0
25889,-2702,0,0
25890,772,0,0
25891,-15850,0,0
25892,20098,0,0
25893,10939,0,0
25894,9212,0,0
25895,15671,0,0
25896,-4523,0,0
25897,3583,0,0
25898,568,0,0
25899,-6141,0,0
25900,759,0,0
25901,-16591,0,0
25902,-9691,0,0
25903,-7205,0,0
25904,313,0,0
25905,16742,0,0
25906,-2032,0,0
25907,-15412,0,0
25908,21264,0,0
25909,-16384,0,0
25910,-1,0,0
25911,-16454,0,0
25912,-6805,0,0
25913,-13884,0,0
25914,568,0,0
25915,1950,0,0
25916,-8060,0,0
25917,-16413,0,0
25918,-9686,0,0
25919,4052,0,0
25920,-9623,0,0
25921,-4470,0,0
25922,-11051,0,0
25923,4997,0,0
25924,-2105,0,0
25925,-8257,0,0
25926,-5229,0,0
25927,16213,0,0
25928,-7052,0,0
25929,-2802,0,0
25930,5187,0,0
25931,-15560,0,0
25932,10687,0,0
25933,-2161,0,0
25934,21798,0,0
25935,6551,0,0
25936,3403,0,0
25937,-16686,0,0
25938,14391,0,0
25939,-13233,0,0
25940,-5801,0,0
25941,-2752,0,0
25942,-2859,0,0
25943,13939,0,0
25944,-14249,0,0
25945,16383,0,0
25946,-2449,0,0
25947,-3637,0,0
25948,-9491,0,0
25949,16382,0,0
25950,-6220,0,0
25951,450,0,0
25952,16397,0,0
25953,-7209,0,0
25954,-16666,0,0
25955,9525,0,0
25956,568,0,0
25957,-14319,0,0
25958,-4384,0,0
25959,-1112,0,0
25960,-36,0,0
25961,15192,0,0
25962,-22918,0,0
25963,1805,0,0
25964,19242,0,0
25965,-18101,0,0
25966,9783,0,0
25967,-12870,0,0
25968,-12356,0,0
25969,13548,0,0
25970,-17126,0,0
25971,-14025,0,0
25972,-4601,15000,0
25973,19642,0,0
25974,32,0,0
25975,12009,0,0
25976,2520,0,0
25977,17177,0,0
25978,15404,0,0
25979,-3265,0,0
25980,-10780,0,0
25981,-19839,0,0
25982,4930,0,0
25983,-4033,0,0
25984,-2407,0,0
25985,-2999,0,0
25986,2736,0,0
25987,7385,0,0
25988,-4778,0,0
25989,-556,0,0
25990,20944,0,0
25991,21512,0,0
25992,9410,0,0
25993,-12866,0,0
25994,-2479,0,0
25995,-10113,0,0
25996,7653,0,0
25997,-2533,0,0
25998,3985,0,0
25999,-21617,0,0
26000,15160,0,0
26001,15898,0,0
26002,-9389,0,0
26003,14637,0,0
26004,12880,0,0
26005,16792,0,0
26006,13342,0,0
26007,21616,0,0
26008,-11946,0,0
26009,-605,0,0
26010,2645,0,0
26011,-18705,0,0
26012,19537,0,0
26013,10399,0,0
26014,-397,0,0
26015,7903,0,0
26016,17268,0,0
26017,9264,0,0
26018,-11297,0,0
26019,15763,0,0
26020,8265,0,0
26021,-1023,0,0
26022,164,0,0
26023,5789,0,0
26024,960,0,0
26025,-14808,0,0
26026,-11517,0,0
26027,-14020,0,0
26028,9353,0,0
26029,11381,0,0
26030,22474,0,0
26031,-3266,0,0
26032,-5833,0,0
26033,16729,0,0
26034,-2240,0,0
26035,12865,0,0
26036,2561,0,0
26037,-15530,0,0
26038,21241,0,0
26039,-15988,0,0
26040,7562,0,0
26041,-15840,0,0
26042,7054,0,0
26043,13031,0,0
26044,3960,0,0
26045,-3346,0,0
26046,4419,0,0
26047,-9538,0,0
26048,-18842,0,0
26049,7767,0,0
26050,12831,0,0
26051,-2169,0,0
26052,-34,0,0
26053,747,0,0
26054,14205,0,0
26055,-15356,0,0
26056,-3250,0,0
26057,-3724,0,0
26058,12393,0,0
26059,-14154,0,0
26060,-11019,0,0
26061,16392,0,0
26062,11192,0,0
26063,5076,0,0
26064,-2908,0,0
26065,13013,0,0
26066,-20194,0,0
26067,-17750,0,0
26068,2270,0,0
26069,-5256,0,0
26070,16922,0,0
26071,5289,0,0
26072,-14911,0,0
26073,17464,0,0
26074,-19750,0,0
26075,15145,0,0
26076,-6047,0,0
26077,12253,0,0
26078,-12953,0,0
26079,-13433,0,0
26080,22060,0,0
26081,-18081,0,0
26082,8657,0,0
26083,-2944,0,0
26084,4678,0,0
26085,-262,0,0
26086,15513,0,0
26087,11861,0,0
26088,8541,0,0
26089,7172,0,0
26090,11562,0,0
26091,-11709,0,0
26092,16200,0,0
26093,-477,0,0
26094,11057,0,0
26095,10921,0,0
26096,5626,0,0
26097,1048,0,0
26098,16732,0,0
26099,18345,0,0
26100,12008,0,-15000
26101,8520,0,0
26102,-15314,0,0
26103,-6986,0,0
26104,10048,0,0
26105,-1346,0,0
26106,8002,0,0
26107,-14685,0,0
26108,2152,0,0
26109,15783,0,0
26110,9539,0,0
26111,18007,0,0
26112,8248,0,0
26113,8866,0,0
26114,6858,0,0
26115,8866,0,0
26116,9266,0,0
26117,-5975,0,0
26118,-13874,0,0
26119,-5644,0,0
26120,-283,0,0
26121,-8671,0,0
26122,8282,0,0
26123,-10542,0,0
26124,11270,0,0
26125,-14647,0,0
26126,6324,0,0
26127,5322,0,0
26128,-1971,0,0
26129,-21026,0,0
26130,-2022,0,0
26131,9683,0,0
26132,-17982,0,0
26133,864,0,0
26134,-17424,0,0
26135,-21182,0,0
26136,-3133,0,0
26137,-15189,0,0
26138,-10926,0,0
26139,-12715,0,0
26140,-6403,0,0
26141,11629,0,0
26142,-16717,0,0
26143,-8581,0,0
26144,-22000,0,0
26145,6186,0,0
26146,4498,0,0
26147,13237,0,0
26148,13825,0,0
26149,2833,0,0
26150,16998,0,0
26151,1136,0,0
26152,6179,0,0
26153,16113,0,0
26154,1167,0,0
26155,1172,0,0
26156,-6173,0,0
26157,-7670,0,0
26158,15530,0,0
26159,18680,0,0
26160,-15522,0,0
26161,-10011,0,0
26162,-2363,0,0
26163,19203,0,0
26164,12483,0,0
26165,-15882,0,0
26166,-21867,0,0
26167,-13559,0,0
26168,-2990,0,0
26169,7780,0,0
26170,-8748,0,0
26171,-12640,0,0
26172,-1558,0,0
26173,1409,0,0
26174,2749,0,0
26175,-20434,0,0
26176,931,0,0
26177,-6895,0,0
26178,14816,0,0
26179,-6025,0,0
26180,-10283,0,0
26181,-12304,0,0
26182,-10224,0,0
26183,9195,0,0
26184,1726,0,0
26185,-7088,0,0
26186,-14773,0,0
26187,14216,0,0
26188,-13090,0,0
26189,-21406,0,0
26190,-18489,0,0
26191,14697,0,0
26192,-683,0,0
26193,-4494,0,0
26194,3460,0,0
26195,12793,0,0
26196,-12566,0,0
26197,18219,0,0
26198,-12451,0,0
26199,15389,0,0
26200,19172,0,0
26201,12454,0,0
26202,-15009,0,0
26203,-2555,0,0
26204,16789,0,0
26205,16517,0,0
26206,4597,0,0
26207,-9526,0,0
26208,15232,0,0
26209,21814,0,0
26210,-7236,0,0
26211,15969,0,0
26212,10714,0,0
26213,7805,0,0
26214,11796,0,0
26215,8074,0,0
26216,1975,0,0
26217,-7212,0,0
26218,-16653,0,0
26219,9815,0,0
26220,-17242,0,0
26221,-13989,0,0
26222,14106,0,0
26223,17013,0,0
26224,14696,0,0
26225,-4307,0,0
26226,4029,0,0
26227,-9555,0,0
26228,17443,15000,0
26229,-9389,0,0
26230,-2142,0,0
26231,3900,0,0
26232,8325,0,0
26233,16958,0,0
26234,3220,0,0
26235,1956,0,0
26236,4158,0,0
26237,12395,0,0
26238,-860,0,0
26239,-12784,0,0
26240,14341,0,0
26241,-13488,0,0
26242,10567,0,0
26243,-11258,0,0
26244,23105,0,0
26245,-15700,0,0
26246,-13424,0,0
26247,-13211,0,0
26248,-18219,0,0
26249,-9627,0,0
26250,-9256,0,0
26251,15976,0,0
26252,8149,0,0
26253,-5693,0,0
26254,-3606,0,0
26255,-14745,0,0
26256,21821,0,0
26257,-12932,0,0
26258,-20108,0,0
26259,-13427,0,0
26260,-12686,0,0
26261,18608,0,0
26262,-8045,0,0
26263,3195,0,0
26264,-16645,0,0
26265,14889,0,0
26266,-8561,0,0
26267,17909,0,0
26268,4387,0,0
26269,-4756,0,0
26270,23056,0,0
26271,-6278,0,0
26272,5710,0,0
26273,15463,0,0
26274,23057,0,0
26275,-9466,0,0
26276,-13042,0,0
26277,-3252,0,0
26278,-822,0,0
26279,17016,0,0
26280,-17444,0,0
26281,-3082,0,0
26282,-6211,0,0
26283,-13341,0,0
26284,-3961,0,0
26285,18942,0,0
26286,1397,0,0
26287,-2603,0,0
26288,-10336,0,0
26289,-14,0,0
26290,-12908,0,0
26291,-13770,0,0
26292,-5552,0,0
26293,-18013,0,0
26294,-1754,0,0
26295,9657,0,0
26296,51,0,0
26297,-5166,0,0
26298,19447,0,0
26299,5942,0,0
26300,6145,0,0
26301,10306,0,0
26302,7295,0,0
26303,-21617,0,0
26304,-6673,0,0
26305,-12977,0,0
26306,-13032,0,0
26307,18002,0,0
26308,-2160,0,0
26309,-7577,0,0
26310,-2664,0,0
26311,4493,0,0
26312,-7601,0,0
26313,-10978,0,0
26314,13295,0,0
26315,-18199,0,0
26316,11910,0,0
26317,191,0,0
26318,18168,0,0
26319,9905,0,0
26320,-14255,0,0
26321,262,0,0
26322,-15560,0,0
26323,1284,0,0
26324,16461,0,0
26325,-12577,0,0
26326,5018,0,0
26327,-10112,0,0
26328,-18609,0,0
26329,11984,0,0
26330,7380,0,0
26331,-13696,0,0
26332,18830,0,0
26333,-22475,0,0
26334,-20159,0,0
26335,-9221,0,0
26336,-20695,0,0
26337,14881,0,0
26338,-2828,0,0
26339,19891,0,0
26340,704,0,0
26341,-6743,0,0
26342,-5017,0,0
26343,9869,0,0
26344,16686,0,0
26345,-1301,0,0
26346,4463,0,0
26347,-11421,0,0
26348,-8192,0,0
26349,194,0,0
26350,5556,0,0
26351,18215,0,0
26352,-4113,0,0
26353,18312,0,0
26354,-8375,0,0
26355,17909,0,0
26356,5449,0,-15000
26357,11185,0,0
26358,-17175,0,0
26359,15293,0,0
26360,5255,0,0
26361,-16753,0,0
26362,-14543,0,0
26363,8664,0,0
26364,532,0,0
26365,-14189,0,0
26366,6373,0,0
26367,13487,0,0
26368,11464,0,0
26369,7579,0,0
26370,8119,0,0
26371,-16989,0,0
26372,-10960,0,0
26373,-216,0,0
26374,-2985,0,0
26375,-15175,0,0
26376,3068,0,0
26377,6832,0,0
26378,-10096,0,0
26379,10209,0,0
26380,7271,0,0
26381,-3093,0,0
26382,17450,0,0
26383,9290,0,0
26384,-16202,0,0
26385,8902,0,0
26386,-16780,0,0
26387,-22874,0,0
26388,-10115,0,0
26389,7011,0,0
26390,3200,0,0
26391,7518,0,0
26392,-2240,0,0
26393,9567,0,0
26394,-11645,0,0
26395,410,0,0
26396,14609,0,0
26397,12129,0,0
26398,-20433,0,0
26399,-5280,0,0
26400,14554,0,0
26401,10399,0,0
26402,-6610,0,0
26403,-13505,0,0
26404,-7806,0,0
26405,13403,0,0
26406,-854,0,0
26407,1431,0,0
26408,-7725,0,0
26409,1466,0,0
26410,15615,0,0
26411,-3902,0,0
26412,5076,0,0
26413,-14510,0,0
26414,5387,0,0
26415,-3915,0,0
26416,5692,0,0
26417,8854,0,0
26418,-11018,0,0
26419,-13802,0,0
26420,-3400,0,0
26421,4168,0,0
26422,17035,0,0
26423,-10942,0,0
26424,22994,0,0
26425,8739,0,0
26426,8746,0,0
26427,11156,0,0
26428,10180,0,0
26429,-14417,0,0
26430,-2837,0,0
26431,10853,0,0
26432,-927,0,0
26433,-3751,0,0
26434,-13698,0,0
26435,15488,0,0
26436,-17072,0,0
26437,-16793,0,0
26438,-13159,0,0
26439,5858,0,0
26440,-7992,0,0
26441,11677,0,0
26442,-8542,0,0
26443,9243,0,0
26444,-22094,0,0
26445,7478,0,0
26446,-12644,0,0
26447,-12994,0,0
26448,-11162,0,0
26449,-16162,0,0
26450,9247,0,0
26451,-9297,0,0
26452,-3428,0,0
26453,-15134,0,0
26454,-4475,0,0
26455,-16583,0,0
26456,5138,0,0
26457,12415,0,0
26458,2262,0,0
26459,16649,0,0
26460,-7103,0,0
26461,1132,0,0
26462,14882,0,0
26463,12452,0,0
26464,8637,0,0
26465,-16299,0,0
26466,9352,0,0
26467,16024,0,0
26468,3321,0,0
26469,12769,0,0
26470,-1929,0,0
26471,11254,0,0
26472,16394,0,0
26473,5309,0,0
26474,-1745,0,0
26475,-7714,0,0
26476,-176,0,0
26477,16879,0,0
26478,-7268,0,0
26479,17691,0,0
26480,-2401,0,0
26481,-1201,0,0
26482,-1530,0,0
26483,-5069,0,0
26484,-15429,15000,0
26485,-12638,0,0
26486,10921,0,0
26487,-7616,0,0
26488,13510,0,0
26489,4338,0,0
26490,12395,0,0
26491,-15211,0,0
26492,15821,0,0
26493,-1949,0,0
26494,-18265,0,0
26495,16975,0,0
26496,16696,0,0
26497,2775,0,0
26498,-6911,0,0
26499,-3453,0,0
26500,16824,0,0
26501,-15502,0,0
26502,-3231,0,0
26503,-6244,0,0
26504,-2118,0,0
26505,-4083,0,0
26506,4934,0,0
26507,7199,0,0
26508,14879,0,0
26509,-9484,0,0
26510,-8188,0,0
26511,7930,0,0
26512,1344,0,0
26513,-13405,0,0
26514,9535,0,0
26515,6895,0,0
26516,-8320,0,0
26517,4277,0,0
26518,9695,0,0
26519,2503,0,0
26520,14129,0,0
26521,-10676,0,0
26522,19333,0,0
26523,2839,0,0
26524,11631,0,0
26525,17898,0,0
26526,-3941,0,0
26527,-15059,0,0
26528,-15266,0,0
26529,-11063,0,0
26530,-18772,0,0
26531,-15034,0,0
26532,2909,0,0
26533,14416,0,0
26534,-7704,0,0
26535,-7828,0,0
26536,-2191,0,0
26537,-12106,0,0
26538,189,0,0
26539,-4033,0,0
26540,21616,0,0
26541,-2031,0,0
26542,-10599,0,0
26543,18686,0,0
26544,-13569,0,0
26545,-15290,0,0
26546,-8867,0,0
26547,-9387,0,0
26548,3543,0,0
26549,15028,0,0
26550,11538,0,0
26551,-6121,0,0
26552,17549,0,0
26553,8074,0,0
26554,-15813,0,0
26555,-4640,0,0
26556,1723,0,0
26557,10812,0,0
26558,13432,0,0
26559,-12678,0,0
26560,-13330,0,0
26561,-6541,0,0
26562,-18682,0,0
26563,-5514,0,0
26564,-18640,0,0
26565,-14354,0,0
26566,-8649,0,0
26567,-16264,0,0
26568,-1024,0,0
26569,7783,0,0
26570,10607,0,0
26571,-8972,0,0
26572,-3170,0,0
26573,-11734,0,0
26574,-6407,0,0
26575,-5222,0,0
26576,14525,0,0
26577,19872,0,0
26578,8746,0,0
26579,15520,0,0
26580,992,0,0
26581,-5481,0,0
26582,16697,0,0
26583,-17915,0,0
26584,-2053,0,0
26585,1535,0,0
26586,-9936,0,0
26587,-9647,0,0
26588,-2962,0,0
26589,9410,0,0
26590,22994,0,0
26591,-9805,0,0
26592,17325,0,0
26593,-12539,0,0
26594,-12903,0,0
26595,5157,0,0
26596,-22995,0,0
26597,-10094,0,0
26598,-5068,0,0
26599,5315,0,0
26600,-16279,0,0
26601,10275,0,0
26602,324,0,0
26603,19264,0,0
26604,16462,0,0
26605,-13077,0,0
26606,2566,0,0
26607,-4705,0,0
26608,1235,0,0
26609,-10707,0,0
26610,19341,0,0
26611,-17335,0,0
26612,-5629,0,-15000
26613,11183,0,0
26614,8113,0,0
26615,-6909,0,0
26616,6089,0,0
26617,14325,0,0
26618,-9138,0,0
26619,-6151,0,0
26620,-6766,0,0
26621,-16770,0,0
26622,6724,0,0
26623,11665,0,0
26624,-11790,0,0
26625,-18271,0,0
26626,7567,0,0
26627,18643,0,0
26628,2198,0,0
26629,-6179,0,0
26630,-15190,0,0
26631,1021,0,0
26632,1880,0,0
26633,5956,0,0
26634,17120,0,0
26635,-6887,0,0
26636,5178,0,0
26637,15904,0,0
26638,2310,0,0
26639,-20206,0,0
26640,-7526,0,0
26641,19313,0,0
26642,10505,0,0
26643,13326,0,0
26644,-2275,0,0
26645,-17032,0,0
26646,4680,0,0
26647,-9814,0,0
26648,-17884,0,0
26649,-7612,0,0
26650,8798,0,0
26651,12597,0,0
26652,-16640,0,0
26653,7268,0,0
26654,8709,0,0
26655,16968,0,0
26656,-13000,0,0
26657,-15236,0,0
26658,-14929,0,0
26659,-16408,0,0
26660,14231,0,0
26661,379,0,0
26662,15011,0,0
26663,779,0,0
26664,20193,0,0
26665,17727,0,0
26666,5639,0,0
26667,1941,0,0
26668,4190,0,0
26669,-16842,0,0
26670,14155,0,0
26671,10873,0,0
26672,12821,0,0
26673,15796,0,0
26674,13235,0,0
26675,-19426,0,0
26676,10921,0,0
26677,-6726,0,0
26678,-11189,0,0
26679,-1917,0,0
26680,10416,0,0
26681,-5633,0,0
26682,19566,0,0
26683,16412,0,0
26684,-16772,0,0
26685,-10906,0,0
26686,-20695,0,0
26687,-2779,0,0
26688,-10898,0,0
26689,-1142,0,0
26690,-14764,0,0
26691,-9807,0,0
26692,-5869,0,0
26693,9388,0,0
26694,-2336,0,0
26695,10416,0,0
26696,16853,0,0
26697,-18106,0,0
26698,-7794,0,0
26699,9388,0,0
26700,-8172,0,0
26701,3024,0,0
26702,3399,0,0
26703,-15131,0,0
26704,22057,0,0
26705,-5420,0,0
26706,128,0,0
26707,-6180,0,0
26708,-744,0,0
26709,4262,0,0
26710,18953,0,0
26711,14417,0,0
26712,-9292,0,0
26713,-4251,0,0
26714,5320,0,0
26715,-6714,0,0
26716,-10934,0,0
26717,18265,0,0
26718,1341,0,0
26719,-1267,0,0
26720,-3529,0,0
26721,-15972,0,0
26722,7210,0,0
26723,9092,0,0
26724,-6822,0,0
26725,-2518,0,0
26726,20787,0,0
26727,5479,0,0
26728,-569,0,0
26729,-16498,0,0
26730,174,0,0
26731,16227,0,0
26732,-14102,0,0
26733,16042,0,0
26734,8652,0,0
26735,15960,0,0
26736,-16454,0,0
26737,13948,0,0
26738,11427,0,0
26739,-17368,0,0
26740,-5336,15000,0
26741,2731,0,0
26742,-14874,0,0
26743,-6898,0,0
26744,-10178,0,0
26745,-13488,0,0
26746,-2074,0,0
26747,7853,0,0
26748,-4520,0,0
26749,-3698,0,0
26750,-5630,0,0
26751,-3208,0,0
26752,-13597,0,0
26753,11413,0,0
26754,5770,0,0
26755,-3175,0,0
26756,-13288,0,0
26757,12218,0,0
26758,7626,0,0
26759,-15664,0,0
26760,-3869,0,0
26761,-9164,0,0
26762,4628,0,0
26763,-8579,0,0
26764,-11119,0,0
26765,13460,0,0
26766,-14132,0,0
26767,-15283,0,0
26768,718,0,0
26769,-17066,0,0
26770,20944,0,0
26771,2563,0,0
26772,-4581,0,0
26773,-21001,0,0
26774,-16091,0,0
26775,14669,0,0
26776,-20159,0,0
26777,-5630,0,0
26778,-9844,0,0
26779,7657,0,0
26780,13152,0,0
26781,-15228,0,0
26782,-7844,0,0
26783,-3164,0,0
26784,-18422,0,0
26785,13778,0,0
26786,-8445,0,0
26787,8333,0,0
26788,-15652,0,0
26789,-2271,0,0
26790,-472,0,0
26791,11915,0,0
26792,16008,0,0
26793,-11376,0,0
26794,537,0,0
26795,-8746,0,0
26796,17167,0,0
26797,18687,0,0
26798,13054,0,0
26799,7284,0,0
26800,3083,0,0
26801,-2329,0,0
26802,-5199,0,0
26803,-17590,0,0
26804,-10983,0,0
26805,11632,0,0
26806,15559,0,0
26807,8285,0,0
26808,10183,0,0
26809,1136,0,0
26810,3829,0,0
26811,2139,0,0
26812,15157,0,0
26813,-12765,0,0
26814,7811,0,0
26815,-2320,0,0
26816,9994,0,0
26817,8065,0,0
26818,-13498,0,0
26819,-11725,0,0
26820,-7705,0,0
26821,2088,0,0
26822,11105,0,0
26823,12153,0,0
26824,5860,0,0
26825,1476,0,0
26826,6994,0,0
26827,7141,0,0
26828,8764,0,0
26829,-8844,0,0
26830,-16950,0,0
26831,16261,0,0
26832,-11967,0,0
26833,826,0,0
26834,-13802,0,0
26835,-2837,0,0
26836,16958,0,0
26837,8706,0,0
26838,8944,0,0
26839,4220,0,0
26840,-10242,0,0
26841,14393,0,0
26842,-16575,0,0
26843,1703,0,0
26844,7172,0,0
26845,16769,0,0
26846,-17167,0,0
26847,23161,0,0
26848,-8792,0,0
26849,896,0,0
26850,-16777,0,0
26851,-15401,0,0
26852,16629,0,0
26853,568,0,0
26854,16480,0,0
26855,-8712,0,0
26856,-11607,0,0
26857,1996,0,0
26858,9444,0,0
26859,5601,0,0
26860,-16383,0,0
26861,-5028,0,0
26862,-107,0,0
26863,11282,0,0
26864,13451,0,0
26865,17612,0,0
26866,17166,0,0
26867,-23141,0,0
26868,345,0,-15000
26869,4196,0,0
26870,4329,0,0
26871,-18345,0,0
26872,12305,0,0
26873,9526,0,0
26874,-18943,0,0
26875,-2377,0,0
26876,-11091,0,0
26877,-5076,0,0
26878,-10087,0,0
26879,1515,0,0
26880,-14183,0,0
26881,-6718,0,0
26882,-18909,0,0
26883,5139,0,0
26884,10096,0,0
26885,10689,0,0
26886,-5959,0,0
26887,14122,0,0
26888,-10064,0,0
26889,2219,0,0
26890,7654,0,0
26891,-2908,0,0
26892,-8882,0,0
26893,-3139,0,0
26894,-19910,0,0
26895,-5835,0,0
26896,4664,0,0
26897,-11959,0,0
26898,-10555,0,0
26899,13497,0,0
26900,-11500,0,0
26901,7552,0,0
26902,14081,0,0
26903,12085,0,0
26904,16218,0,0
26905,14697,0,0
26906,-2863,0,0
26907,6264,0,0
26908,2861,0,0
26909,16703,0,0
26910,11343,0,0
26911,-6135,0,0
26912,-4492,0,0
26913,-6940,0,0
26914,2270,0,0
26915,7576,0,0
26916,3960,0,0
26917,5793,0,0
26918,-336,0,0
26919,6209,0,0
26920,-8232,0,0
26921,10653,0,0
26922,-7447,0,0
26923,17167,0,0
26924,-1884,0,0
26925,3594,0,0
26926,16781,0,0
26927,18964,0,0
26928,-12766,0,0
26929,21940,0,0
26930,11905,0,0
26931,11731,0,0
26932,3350,0,0
26933,-22828,0,0
26934,-13490,0,0
26935,22918,0,0
26936,9275,0,0
26937,8266,0,0
26938,-13802,0,0
26939,21404,0,0
26940,16756,0,0
26941,-9919,0,0
26942,-14255,0,0
26943,11074,0,0
26944,7214,0,0
26945,-2271,0,0
26946,-16567,0,0
26947,13181,0,0
26948,-15639,0,0
26949,-1585,0,0
26950,-13661,0,0
26951,5709,0,0
26952,1764,0,0
26953,-4538,0,0
26954,-4761,0,0
26955,1989,0,0
26956,12754,0,0
26957,2362,0,0
26958,-10371,0,0
26959,4331,0,0
26960,575,0,0
26961,-8889,0,0
26962,7932,0,0
26963,11941,0,0
26964,-6030,0,0
26965,18038,0,0
26966,407,0,0
26967,-4086,0,0
26968,-8605,0,0
26969,-14013,0,0
26970,7080,0,0
26971,-19216,0,0
26972,16516,0,0
26973,7386,0,0
26974,-14440,0,0
26975,-16927,0,0
26976,-11741,0,0
26977,-2594,0,0
26978,-20434,0,0
26979,-6983,0,0
26980,-15814,0,0
26981,-4299,0,0
26982,2830,0,0
26983,21405,0,0
26984,9636,0,0
26985,9906,0,0
26986,-18113,0,0
26987,20432,0,0
26988,-927,0,0
26989,1375,0,0
26990,7100,0,0
26991,-12728,0,0
26992,2836,0,0
26993,16874,0,0
26994,24,0,0
26995,-6201,0,0
26996,-3351,15000,0
26997,-16384,0,0
26998,-18679,0,0
26999,-11734,0,0
27000,3692,0,0
27001,-7451,0,0
27002,20087,0,0
27003,11553,0,0
27004,-9559,0,0
27005,-9426,0,0
27006,2279,0,0
27007,-14731,0,0
27008,8381,0,0
27009,5317,0,0
27010,5376,0,0
27011,-12727,0,0
27012,13341,0,0
27013,-560,0,0
27014,19263,0,0
27015,-3400,0,0
27016,-5175,0,0
27017,15358,0,0
27018,-15481,0,0
27019,-6494,0,0
27020,-13706,0,0
27021,-3206,0,0
27022,-16112,0,0
27023,-3400,0,0
27024,-14679,0,0
27025,13030,0,0
27026,-14880,0,0
27027,-7806,0,0
27028,16676,0,0
27029,-18740,0,0
27030,5629,0,0
27031,14487,0,0
27032,9425,0,0
27033,6269,0,0
27034,-13263,0,0
27035,16779,0,0
27036,-1339,0,0
27037,10334,0,0
27038,-1030,0,0
27039,-184,0,0
27040,-14828,0,0
27041,-16340,0,0
27042,-934,0,0
27043,6656,0,0
27044,-18498,0,0
27045,-22000,0,0
27046,-6837,0,0
27047,-36,0,0
27048,-12872,0,0
27049,-20665,0,0
27050,-9541,0,0
27051,9015,0,0
27052,-14659,0,0
27053,12910,0,0
27054,-17168,0,0
27055,-20288,0,0
27056,-15158,0,0
27057,-14742,0,0
27058,4456,0,0
27059,-1299,0,0
27060,11292,0,0
27061,-1577,0,0
27062,-15308,0,0
27063,4186,0,0
27064,5394,0,0
27065,4068,0,0
27066,-9693,0,0
27067,-8367,0,0
27068,2271,0,0
27069,-8323,0,0
27070,7840,0,0
27071,15559,0,0
27072,-3047,0,0
27073,-12826,0,0
27074,-3400,0,0
27075,-18212,0,0
27076,9259,0,0
27077,12277,0,0
27078,14176,0,0
27079,-12230,0,0
27080,-14028,0,0
27081,8094,0,0
27082,5536,0,0
27083,9951,0,0
27084,-446,0,0
27085,-16086,0,0
27086,-4922,0,0
27087,11216,0,0
27088,-14255,0,0
27089,-1817,0,0
27090,-5305,0,0
27091,-7608,0,0
27092,15874,0,0
27093,-7625,0,0
27094,-7590,0,0
27095,13083,0,0
27096,15001,0,0
27097,22329,0,0
27098,3527,0,0
27099,3299,0,0
27100,-21999,0,0
27101,-13190,0,0
27102,-10216,0,0
27103,-9713,0,0
27104,-6394,0,0
27105,6815,0,0
27106,19042,0,0
27107,16382,0,0
27108,4335,0,0
27109,14424,0,0
27110,-6459,0,0
27111,-3486,0,0
27112,-2346,0,0
27113,7275,0,0
27114,639,0,0
27115,-12217,0,0
27116,-9389,0,0
27117,-1173,0,0
27118,8228,0,0
27119,22723,0,0
27120,-18083,0,0
27121,1703,0,0
27122,5744,0,0
27123,-9553,0,0
27124,3060,0,-15000
27125,9861,0,0
27126,-18943,0,0
27127,-3043,0,0
27128,-14572,0,0
27129,-7574,0,0
27130,-4493,0,0
27131,15706,0,0
27132,10559,0,0
27133,15903,0,0
27134,9071,0,0
27135,-2796,0,0
27136,8113,0,0
27137,1906,0,0
27138,6850,0,0
27139,11118,0,0
27140,-22995,0,0
27141,17059,0,0
27142,-3329,0,0
27143,14993,0,0
27144,5884,0,0
27145,-15406,0,0
27146,-20270,0,0
27147,14547,0,0
27148,-14897,0,0
27149,-10138,0,0
27150,5629,0,0
27151,12592,0,0
27152,16925,0,0
27153,-9776,0,0
27154,3528,0,0
27155,3058,0,0
27156,14217,0,0
27157,6468,0,0
27158,-9211,0,0
27159,7316,0,0
27160,16095,0,0
27161,-4082,0,0
27162,2035,0,0
27163,-12753,0,0
27164,-15977,0,0
27165,11081,0,0
27166,16284,0,0
27167,-19821,0,0
27168,11518,0,0
27169,-3400,0,0
27170,9447,0,0
27171,-4291,0,0
27172,854,0,0
27173,-20929,0,0
27174,-20945,0,0
27175,7973,0,0
27176,9756,0,0
27177,14776,0,0
27178,-10650,0,0
27179,10275,0,0
27180,5487,0,0
27181,-180,0,0
27182,-4207,0,0
27183,3689,0,0
27184,-6846,0,0
27185,7525,0,0
27186,-14320,0,0
27187,-6856,0,0
27188,1616,0,0
27189,-8979,0,0
27190,-6180,0,0
27191,1352,0,0
27192,-8339,0,0
27193,255,0,0
27194,20694,0,0
27195,-6179,0,0
27196,11328,0,0
27197,-98,0,0
27198,-17563,0,0
27199,-13005,0,0
27200,-1066,0,0
27201,-23162,0,0
27202,4087,0,0
27203,18436,0,0
27204,18328,0,0
27205,5076,0,0
27206,-16281,0,0
27207,-767,0,0
27208,-21182,0,0
27209,17585,0,0
27210,-20377,0,0
27211,18445,0,0
27212,-2629,0,0
27213,-13061,0,0
27214,-7007,0,0
27215,146,0,0
27216,-2664,0,0
27217,16796,0,0
27218,-15807,0,0
27219,15034,0,0
27220,11773,0,0
27221,-12396,0,0
27222,-22330,0,0
27223,-8614,0,0
27224,19330,0,0
27225,5989,0,0
27226,11471,0,0
27227,-5901,0,0
27228,4446,0,0
27229,-9413,0,0
27230,-6799,0,0
27231,8765,0,0
27232,11780,0,0
27233,-23058,0,0
27234,-1564,0,0
27235,-21014,0,0
27236,17704,0,0
27237,834,0,0
27238,10087,0,0
27239,-12064,0,0
27240,-1892,0,0
27241,-16435,0,0
27242,-3273,0,0
27243,-4529,0,0
27244,-13497,0,0
27245,16326,0,0
27246,-10594,0,0
27247,-13341,0,0
27248,1686,0,0
27249,-2850,0,0
27250,13282,0,0
27251,-9531,0,0
27252,17568,15000,0
27253,1050,0,0
27254,16968,0,0
27255,-13130,0,0
27256,13555,0,0
27257,-12824,0,0
27258,-14127,0,0
27259,-13798,0,0
27260,19540,0,0
27261,2888,0,0
27262,-8596,0,0
27263,-241,0,0
27264,-8909,0,0
27265,-4943,0,0
27266,-23106,0,0
27267,2158,0,0
27268,-7104,0,0
27269,12672,0,0
27270,19235,0,0
27271,6708,0,0
27272,-14218,0,0
27273,10759,0,0
27274,-10030,0,0
27275,6894,0,0
27276,-18991,0,0
27277,1750,0,0
27278,-7268,0,0
27279,6995,0,0
27280,2287,0,0
27281,2473,0,0
27282,-16780,0,0
27283,-1481,0,0
27284,-18610,0,0
27285,-22130,0,0
27286,-5845,0,0
27287,15181,0,0
27288,-2140,0,0
27289,-13457,0,0
27290,6726,0,0
27291,-10788,0,0
27292,-15468,0,0
27293,-3525,0,0
27294,-13741,0,0
27295,16373,0,0
27296,-20989,0,0
27297,-17079,0,0
27298,5936,0,0
27299,5855,0,0
27300,-5077,0,0
27301,-20218,0,0
27302,-18903,0,0
27303,9932,0,0
27304,3619,0,0
27305,11800,0,0
27306,-13558,0,0
27307,13750,0,0
27308,-5050,0,0
27309,3421,0,0
27310,3004,0,0
27311,23105,0,0
27312,18264,0,0
27313,4520,0,0
27314,-7967,0,0
27315,2061,0,0
27316,10695,0,0
27317,10417,0,0
27318,-1537,0,0
27319,2293,0,0
27320,7617,0,0
27321,16576,0,0
27322,4405,0,0
27323,-6926,0,0
27324,11152,0,0
27325,-15984,0,0
27326,3762,0,0
27327,-13552,0,0
27328,9816,0,0
27329,-12950,0,0
27330,-7686,0,0
27331,1665,0,0
27332,11212,0,0
27333,2224,0,0
27334,-3002,0,0
27335,-12796,0,0
27336,-2671,0,0
27337,-10392,0,0
27338,-8632,0,0
27339,-2710,0,0
27340,7118,0,0
27341,16383,0,0
27342,16184,0,0
27343,-13802,0,0
27344,-440,0,0
27345,2992,0,0
27346,21404,0,0
27347,20963,0,0
27348,-10094,0,0
27349,-9868,0,0
27350,2202,0,0
27351,-2931,0,0
27352,-11322,0,0
27353,-9163,0,0
27354,5080,0,0
27355,12504,0,0
27356,-622,0,0
27357,-17236,0,0
27358,6747,0,0
27359,-7151,0,0
27360,-2615,0,0
27361,18265,0,0
27362,7292,0,0
27363,-12163,0,0
27364,-4219,0,0
27365,8192,0,0
27366,-5544,0,0
27367,-20945,0,0
27368,-3739,0,0
27369,-6504,0,0
27370,3390,0,0
27371,724,0,0
27372,-15399,0,0
27373,9613,0,0
27374,2197,0,0
27375,-8107,0,0
27376,16302,0,0
27377,9749,0,0
27378,5911,0,0
27379,-8200,0,0
27380,4682,0,-15000
27381,2352,0,0
27382,22318,0,0
27383,6746,0,0
27384,15491,0,0
27385,7228,0,0
27386,-5076,0,0
27387,-6788,0,0
27388,1141,0,0
27389,18746,0,0
27390,19428,0,0
27391,-1556,0,0
27392,-10315,0,0
27393,7604,0,0
27394,-16383,0,0
27395,-8278,0,0
27396,7568,0,0
27397,10732,0,0
27398,-418,0,0
27399,-8971,0,0
27400,7804,0,0
