SampleIdx,F_990Hz,F_992Hz,F_994Hz,F_996Hz,F_998Hz,F_1000Hz,F_1002Hz,F_1004Hz,F_1006Hz,F_1008Hz,F_1010Hz
16,0.03,0.03,0.03,0.03,0.03,0.03,0.03,0.03,0.03,0.03,0.03
32,0.55,0.56,0.57,0.57,0.58,0.58,0.58,0.59,0.59,0.60,0.60
48,2.11,2.14,2.16,2.19,2.21,2.24,2.26,2.28,2.30,2.32,2.33
64,3.14,3.23,3.32,3.41,3.50,3.58,3.67,3.75,3.83,3.90,3.97
80,10.04,10.30,10.54,10.76,10.96,11.14,11.31,11.45,11.57,11.66,11.73
96,23.84,24.62,25.36,26.05,26.69,27.27,27.78,28.24,28.62,28.92,29.15
112,43.86,45.54,47.13,48.61,49.98,51.22,52.31,53.25,54.03,54.63,55.05
128,74.00,77.05,79.89,82.51,84.87,86.94,88.69,90.09,91.13,91.79,92.06
144,110.06,115.46,120.52,125.17,129.33,132.94,135.95,138.29,139.93,140.83,140.98
160,149.41,157.79,165.63,172.78,179.12,184.53,188.91,192.17,194.23,195.05,194.59
176,166.25,176.28,185.64,194.15,201.64,207.96,212.98,216.58,218.68,219.21,218.16
192,190.61,202.19,212.75,222.05,229.89,236.06,240.44,242.89,243.36,241.81,238.27
208,212.31,224.69,235.59,244.74,251.91,256.92,259.62,259.95,257.89,253.49,246.87
224,246.76,260.26,271.33,279.64,284.93,287.01,285.84,281.47,274.06,263.86,251.22
240,298.02,320.08,338.37,352.10,360.64,363.58,360.70,352.08,338.02,319.07,295.99
256,310.29,339.54,364.87,385.09,399.21,406.44,406.32,398.69,383.81,362.24,334.92
272,313.53,347.73,378.11,403.15,421.53,432.17,434.36,427.79,412.60,389.40,359.23
288,311.69,346.95,378.51,404.78,424.35,436.08,439.16,433.24,418.40,395.24,364.82
304,304.10,335.76,364.13,387.93,406.03,417.45,421.47,417.67,405.99,386.73,360.59
320,311.28,335.30,355.35,370.95,381.79,387.67,388.48,384.17,374.75,360.28,340.91
336,335.34,350.01,358.60,361.79,360.63,356.30,349.91,342.31,333.90,324.57,313.80
352,373.27,378.19,373.53,361.44,344.82,326.87,310.51,297.94,290.20,287.06,287.01
368,440.67,431.21,405.71,368.89,327.05,287.05,255.15,235.93,231.42,240.77,260.39
384,518.99,501.40,459.27,399.46,331.70,267.01,215.77,185.81,180.93,200.19,238.05
400,596.33,578.60,526.57,448.31,356.52,266.44,193.11,148.47,139.04,164.57,218.06
416,632.11,611.69,552.57,463.99,360.59,259.92,179.17,131.83,124.89,157.47,220.93
432,668.18,646.93,581.83,483.20,367.79,255.80,166.98,116.60,112.26,152.27,226.09
448,683.69,650.99,574.16,466.25,346.26,235.49,153.29,113.05,119.51,167.97,245.53
464,659.96,604.35,514.31,406.44,299.78,211.86,155.45,136.38,153.19,198.17,259.49
480,657.29,576.44,468.84,355.99,258.20,190.11,158.07,160.09,187.84,230.06,275.82
496,697.89,589.38,454.17,321.80,218.33,159.71,148.54,175.11,222.16,271.36,309.12
512,705.27,578.81,430.74,294.59,197.33,152.28,156.76,195.04,245.39,288.28,312.58
528,710.08,569.90,412.67,274.94,183.94,150.20,166.27,211.59,261.52,296.72,309.28
544,700.98,545.32,382.53,250.93,174.83,158.24,186.23,233.12,273.76,293.10,290.45
560,685.77,525.86,365.88,242.83,177.17,168.26,197.83,239.70,271.31,282.13,275.64
576,677.69,508.91,347.73,231.35,176.85,178.04,211.69,249.69,271.60,271.98,259.79
592,706.63,529.42,353.67,223.50,162.55,167.43,212.33,262.51,290.48,287.16,263.34
608,724.76,529.20,339.31,205.69,152.88,172.15,228.97,281.53,300.90,283.04,247.29
624,730.67,509.63,308.79,183.32,151.84,192.25,257.10,299.75,297.54,259.97,218.82
640,747.54,506.87,292.94,167.47,147.88,203.75,277.26,316.04,299.96,247.70,200.78
656,785.68,533.24,298.34,155.55,132.54,199.92,290.95,340.49,320.63,252.49,188.56
672,805.26,551.29,306.40,152.03,123.60,194.99,296.05,353.93,334.36,258.10,183.50
688,819.07,558.64,305.39,146.37,119.93,197.93,304.74,362.80,337.51,253.99,176.27
704,810.14,558.80,311.72,152.20,119.75,191.50,297.08,360.02,341.80,261.83,181.24
720,775.42,522.87,295.63,160.27,137.10,196.86,280.57,331.19,321.22,263.30,199.92
736,726.93,453.77,256.30,172.11,177.05,219.09,257.15,276.51,278.64,266.04,241.11
752,703.14,393.50,214.70,181.73,222.17,252.40,244.17,227.43,238.34,271.86,287.72
768,700.44,346.45,177.10,191.41,269.05,290.78,238.07,185.69,205.72,284.95,338.88
784,712.82,319.12,150.10,198.04,306.16,324.34,238.52,158.08,184.36,298.32,380.54
800,687.31,299.04,151.60,215.20,318.41,318.17,221.20,149.36,195.08,318.71,390.59
816,644.12,282.06,166.32,236.50,318.04,294.40,199.26,152.61,218.83,335.35,380.15
832,620.25,270.70,174.37,250.64,320.15,281.55,186.39,154.92,234.00,345.97,373.64
848,620.70,280.75,179.08,243.33,308.74,278.36,193.32,161.42,229.92,333.87,365.71
864,630.25,296.34,180.83,230.19,297.52,282.18,205.73,165.13,218.80,320.60,365.86
880,653.19,312.33,174.87,214.81,295.32,297.16,219.11,160.39,203.44,316.54,381.10
896,675.03,319.71,165.74,206.93,302.65,312.26,224.00,151.19,195.84,324.73,398.51
912,674.56,324.38,167.77,203.32,298.58,313.42,228.51,152.37,191.80,321.23,400.95
928,662.26,325.24,174.77,203.15,289.81,307.38,232.27,158.53,189.44,311.97,396.66
944,637.46,322.18,187.55,206.56,275.68,294.40,236.90,170.43,187.43,295.85,387.55
960,642.02,346.13,192.56,188.41,265.92,310.45,256.00,165.86,170.37,298.35,413.01
976,658.09,372.32,192.15,169.76,264.99,333.82,271.73,154.97,157.39,312.63,441.93
992,660.08,387.45,195.99,159.58,261.32,346.16,283.29,150.67,149.10,320.03,459.96
1008,665.15,398.15,196.46,152.83,262.22,356.19,288.53,145.65,146.20,328.52,469.99
1024,685.67,409.31,188.32,147.28,273.98,368.79,284.02,135.85,151.72,342.49,469.39
1040,713.56,426.31,178.00,139.96,291.23,386.83,277.29,122.69,161.39,362.17,465.68
1056,725.37,447.18,177.34,129.46,299.62,407.19,280.61,111.51,165.14,382.46,471.90
1072,743.03,459.40,171.54,125.81,311.64,417.81,275.09,104.86,173.41,392.19,464.81
1088,776.53,488.65,162.23,117.85,337.25,441.38,263.99,92.15,192.58,411.04,446.55
1104,833.27,517.97,143.20,118.63,377.08,457.17,237.76,85.50,222.56,415.21,406.91
1120,916.90,552.02,116.72,130.06,432.63,465.82,199.16,88.51,262.21,402.66,352.13
1136,1017.62,591.79,89.79,151.76,497.91,469.03,157.33,103.17,305.51,376.63,297.01
1152,1102.25,623.29,70.75,175.74,550.26,466.05,126.78,122.93,336.61,348.47,262.24
1168,1209.13,629.95,45.47,222.54,592.80,426.44,97.36,162.94,344.92,290.96,254.42
1184,1342.98,652.23,23.78,282.89,649.29,387.00,71.47,215.89,355.37,230.15,260.47
1200,1468.53,697.81,12.59,338.20,715.64,368.04,52.50,267.87,375.22,183.73,270.52
1216,1601.86,763.36,8.28,398.55,795.77,359.01,37.94,327.44,401.63,141.40,289.51
1232,1663.98,792.83,7.94,428.68,829.90,352.24,35.01,355.76,408.21,123.75,306.39
1248,1721.50,826.12,9.25,457.79,865.83,348.09,33.11,384.60,415.04,107.47,325.72
1264,1704.13,843.59,12.43,449.47,884.34,368.17,27.19,389.21,437.46,106.07,314.97
1280,1693.23,817.51,9.58,441.78,857.14,358.67,30.94,372.98,423.85,114.49,308.89
1296,1711.71,801.22,6.88,447.42,836.71,342.00,36.54,363.25,405.00,120.30,310.46
1312,1704.94,755.09,3.24,434.95,786.74,328.81,44.37,331.91,388.77,140.00,291.14
1328,1634.01,692.09,3.16,390.46,733.93,348.38,45.77,295.04,410.02,163.06,250.54
1344,1529.16,636.16,8.89,334.25,703.19,395.20,41.77,274.47,462.97,177.48,214.47
1360,1448.51,580.62,17.46,287.29,671.56,439.89,43.03,257.85,515.86,194.37,185.77
1376,1431.44,544.58,21.90,268.53,641.38,456.19,49.18,242.06,539.19,211.13,167.50
1392,1455.13,542.73,19.91,275.59,629.15,444.88,53.48,232.75,529.70,219.41,161.36
1408,1468.91,549.10,18.06,282.69,628.69,435.85,54.65,230.44,520.08,221.27,160.87
1424,1452.08,550.36,19.24,278.54,638.12,441.72,51.39,237.29,522.34,214.64,166.37
1440,1466.38,562.18,16.73,288.72,639.39,429.04,53.13,233.63,509.24,218.83,163.98
1456,1476.30,580.55,14.01,301.80,646.10,413.20,54.73,230.81,491.25,223.76,161.73
1472,1434.25,623.89,13.67,318.46,697.13,394.77,48.90,248.17,448.39,216.67,175.19
1488,1394.39,692.17,14.91,353.81,760.39,360.79,50.50,262.21,389.11,226.25,182.98
1504,1396.95,767.51,15.76,404.29,799.05,315.83,64.87,256.49,340.88,259.30,172.55
1520,1425.07,869.44,19.84,479.36,831.53,256.77,94.33,236.35,298.12,318.48,147.18
1536,1412.01,1025.39,42.25,590.21,920.43,190.31,143.38,231.60,239.55,410.68,127.41
1552,1395.95,1179.74,75.40,704.07,1013.57,139.44,202.00,233.09,203.39,511.28,113.01
1568,1379.14,1320.39,113.56,811.40,1101.67,103.48,263.02,238.07,187.32,609.09,102.98
1584,1395.28,1459.27,152.15,920.85,1160.00,72.18,326.50,229.30,199.75,697.87,85.87
1600,1411.30,1578.95,188.80,1016.79,1206.42,50.32,383.48,220.31,222.51,770.38,71.23
1616,1378.08,1641.32,216.22,1070.34,1265.78,43.73,421.61,230.87,227.19,826.51,70.85
1632,1311.97,1673.36,240.87,1105.40,1342.48,44.87,456.49,255.05,222.78,888.02,78.19
1648,1231.22,1702.82,270.36,1144.60,1435.15,49.34,500.34,285.09,222.85,963.43,87.35
1664,1145.02,1713.41,297.94,1174.52,1533.12,59.23,545.29,321.40,224.30,1044.31,100.12
1680,1063.49,1721.42,326.94,1206.48,1631.55,71.22,594.60,357.11,233.45,1126.95,111.90
1696,1003.61,1731.29,352.09,1237.10,1708.14,80.66,637.10,381.57,247.85,1189.29,118.00
1712,992.40,1747.08,361.62,1253.96,1723.09,80.14,648.87,381.00,255.68,1197.46,115.28
1728,1002.77,1760.50,361.64,1258.64,1708.73,76.13,643.11,372.31,255.70,1182.55,111.83
1744,1029.13,1789.89,359.83,1265.25,1669.37,67.15,624.19,352.39,251.48,1142.74,106.29
1760,993.75,1788.17,374.37,1285.44,1715.73,71.21,652.93,359.28,267.60,1168.34,101.40
1776,952.86,1745.74,381.90,1286.04,1785.72,84.49,692.67,384.21,286.00,1224.54,101.84
1792,910.44,1703.09,393.80,1293.96,1866.65,99.49,741.62,408.09,312.95,1279.56,98.97
1808,891.83,1655.40,395.34,1285.91,1924.72,114.35,777.17,432.51,332.34,1328.64,100.03
1824,935.59,1637.03,368.25,1240.05,1878.65,116.05,748.03,446.28,310.91,1346.03,114.63
1840,968.78,1688.30,357.45,1229.87,1793.41,102.34,693.98,432.43,276.81,1314.60,127.46
1856,993.76,1803.94,362.85,1249.57,1671.03,79.38,615.76,403.55,229.46,1255.87,148.75
1872,1008.12,1967.44,387.38,1297.14,1532.18,56.46,526.56,374.01,177.17,1195.00,185.25
1888,995.00,2198.41,449.46,1400.92,1387.65,34.91,431.43,339.17,124.89,1121.47,241.86
1904,968.92,2458.20,538.19,1537.69,1256.87,25.40,345.44,318.34,82.31,1069.72,319.91
1920,930.47,2750.83,658.18,1713.52,1140.29,30.59,269.00,314.41,50.85,1043.38,424.55
1936,895.65,3009.77,777.23,1880.82,1055.12,48.75,214.78,330.13,34.73,1052.51,530.69
1952,820.57,3168.21,888.26,2050.07,1051.71,61.65,200.83,324.28,38.61,1026.76,613.37
1968,767.63,3271.79,967.67,2169.98,1054.70,74.84,194.31,327.34,44.16,1022.49,676.45
1984,739.20,3384.77,1036.33,2263.54,1032.79,93.29,178.95,349.89,44.46,1056.58,732.64
2000,735.20,3453.02,1067.95,2299.70,1008.69,104.46,166.84,368.79,41.71,1087.70,752.29
2016,795.70,3542.30,1058.48,2248.09,930.83,114.11,140.98,404.62,26.42,1147.62,713.12
2032,861.56,3648.57,1054.12,2195.96,851.85,126.91,118.87,442.67,14.21,1204.50,664.34
2048,933.73,3783.34,1059.74,2146.86,768.16,145.48,100.04,486.74,5.71,1262.63,606.27
2064,995.87,3917.23,1074.22,2111.37,697.61,165.81,88.59,527.12,2.83,1308.51,552.01
2080,1041.11,4031.89,1092.72,2090.07,645.36,183.96,83.39,558.30,3.75,1337.52,508.33
2096,1084.29,4124.04,1103.30,2062.54,606.65,197.49,84.38,578.22,7.20,1346.05,467.98
2112,1127.40,4157.53,1088.70,2015.83,594.69,197.40,93.28,572.74,11.26,1319.32,442.39
2128,1163.82,4145.56,1059.79,1966.13,602.72,188.23,104.41,552.50,14.07,1279.86,435.78
2144,1176.92,4145.63,1050.99,1948.95,604.78,185.44,108.61,545.46,15.29,1265.22,433.68
2160,1187.24,4184.43,1058.33,1940.64,592.92,189.74,111.89,547.47,18.00,1254.62,421.44
2176,1207.13,4194.46,1048.51,1916.49,594.66,186.37,118.22,537.28,19.87,1233.74,421.00
2192,1190.05,4174.04,1053.52,1937.56,595.89,188.41,112.06,546.40,17.86,1254.57,421.58
2208,1213.11,4011.86,987.77,1914.41,657.83,162.96,108.17,526.94,9.14,1290.44,470.34
2224,1270.13,3852.49,906.68,1865.17,733.80,134.50,112.59,501.13,4.01,1325.53,529.73
2240,1310.89,3711.72,848.82,1848.50,797.39,119.11,112.20,499.13,1.72,1385.37,571.02
2256,1334.81,3495.21,799.16,1893.43,873.92,119.11,98.77,541.82,1.58,1519.03,594.25
2272,1369.77,3310.91,758.92,1938.02,944.72,126.20,90.14,590.53,6.45,1644.30,606.56
2288,1407.16,3146.55,729.38,1990.79,1008.30,140.53,82.97,647.22,14.58,1762.35,605.33
2304,1427.25,3017.61,721.26,2057.47,1047.90,161.49,74.08,705.13,22.50,1849.34,584.69
2320,1397.58,2894.58,760.54,2192.02,1044.19,202.10,53.60,780.72,28.43,1892.16,520.92
2336,1408.44,2741.44,785.70,2326.56,1067.39,249.04,39.24,870.40,41.42,1954.73,459.92
2352,1400.52,2681.11,811.62,2401.58,1063.19,273.87,31.65,907.23,46.05,1957.07,428.11
2368,1392.97,2660.86,826.49,2434.81,1055.73,284.08,28.16,918.52,46.83,1946.78,415.23
2384,1374.45,2702.66,826.98,2406.22,1044.08,271.58,30.37,895.55,42.89,1937.62,430.90
2400,1340.34,2812.15,815.39,2315.46,1032.20,237.52,40.57,844.09,37.62,1947.75,475.68
2416,1290.80,2893.19,832.57,2276.92,1002.20,216.91,46.56,799.71,32.04,1933.01,510.25
2432,1180.61,3063.61,882.49,2209.40,937.37,177.82,63.49,708.98,24.82,1913.49,589.42
2448,1048.50,3233.95,972.84,2182.34,849.18,146.72,86.61,607.14,21.40,1880.74,689.09
2464,961.67,3311.45,1059.46,2214.01,775.60,138.55,102.52,539.25,20.97,1839.05,762.03
2480,877.30,3402.92,1147.71,2235.03,711.42,129.27,126.42,474.96,27.55,1831.90,842.60
2496,819.27,3485.05,1205.21,2230.56,678.32,119.21,148.91,435.67,37.32,1862.22,897.89
2512,782.70,3532.83,1247.78,2234.70,655.43,114.25,164.90,410.74,45.02,1886.12,934.23
2528,742.29,3612.69,1277.83,2204.02,650.58,102.49,183.26,397.47,55.01,1943.15,952.79
2544,709.72,3713.18,1275.60,2132.21,675.77,86.07,195.26,409.24,62.26,2012.60,932.35
2560,701.67,3745.67,1269.12,2104.76,688.71,80.97,196.94,417.95,63.39,2031.17,918.18
2576,708.89,3736.91,1258.37,2103.91,692.77,82.45,192.56,421.51,60.93,2018.73,914.48
2592,737.06,3710.61,1210.47,2094.46,713.67,88.96,173.70,438.34,50.50,1962.46,900.15
2608,786.87,3654.29,1142.02,2100.70,736.98,104.73,146.89,454.73,37.03,1868.82,903.01
2624,815.44,3632.32,1097.11,2098.39,756.52,115.51,130.55,467.42,29.45,1808.46,907.97
2640,782.48,3742.89,1072.33,2010.51,808.25,106.49,122.46,510.34,23.47,1789.21,856.88
2656,727.90,3886.44,1072.08,1909.43,862.48,92.53,121.85,560.28,20.99,1786.63,794.73
2672,682.00,4004.64,1079.58,1830.26,907.20,82.83,123.30,603.36,20.53,1780.69,748.25
2688,640.83,4128.56,1075.86,1747.92,962.46,79.28,120.13,652.19,18.87,1746.77,715.45
2704,626.77,4189.58,1059.74,1707.90,995.54,83.01,113.34,675.34,16.24,1708.66,715.54
2720,592.68,4299.63,1054.85,1638.50,1049.09,85.76,107.96,718.70,14.54,1656.08,709.02
2736,552.47,4430.27,1052.82,1559.50,1113.53,91.72,102.03,768.85,13.45,1589.15,713.29
2752,516.75,4574.18,1033.95,1479.71,1187.89,106.71,90.57,813.83,11.42,1503.92,744.94
2768,501.05,4689.69,989.48,1427.09,1249.63,129.91,73.47,830.09,7.75,1428.12,803.05
2784,468.38,4846.83,965.62,1353.66,1330.51,155.40,60.63,863.27,7.61,1344.16,865.13
2800,419.16,5022.64,980.86,1262.09,1425.63,178.58,56.54,922.98,12.84,1250.22,925.95
2816,337.92,5271.87,1058.73,1120.76,1573.67,209.37,66.01,1043.44,30.37,1109.57,1013.19
2832,281.60,5452.91,1134.43,1018.73,1692.30,238.33,79.59,1142.81,49.88,1004.26,1094.82
2848,249.65,5565.01,1184.62,957.84,1769.75,260.28,89.49,1204.15,64.04,941.26,1154.09
2864,245.29,5584.22,1188.72,949.38,1781.33,264.51,89.77,1209.16,65.38,934.46,1163.25
2880,253.10,5536.15,1196.48,962.73,1762.30,254.88,94.27,1216.61,66.75,935.51,1152.00
2896,252.49,5523.24,1216.49,957.79,1769.02,254.56,100.09,1237.35,71.64,919.62,1164.11
2912,259.31,5481.25,1229.31,966.21,1758.65,248.10,106.58,1254.86,75.98,909.38,1167.30
2928,270.04,5454.39,1191.44,996.56,1716.24,234.85,101.45,1224.35,69.10,941.23,1127.34
2944,274.04,5468.04,1143.56,1021.69,1680.12,225.87,92.41,1180.39,59.72,984.14,1079.86
2960,282.03,5478.24,1082.44,1061.41,1626.56,211.62,84.94,1132.02,51.35,1035.94,1021.30
2976,272.55,5560.99,1036.49,1070.52,1612.27,212.87,73.18,1076.50,41.30,1091.90,967.84
2992,265.31,5643.60,985.64,1089.48,1587.41,210.82,64.74,1024.19,34.32,1148.76,913.24
3008,274.22,5698.87,901.11,1155.79,1509.50,192.08,65.83,978.57,35.25,1208.04,854.00
3024,274.09,5790.52,834.79,1203.20,1458.45,183.80,67.36,936.07,38.02,1265.36,804.89
3040,263.63,5954.25,765.45,1246.37,1418.56,184.10,69.70,879.40,43.71,1344.40,746.27
3056,259.22,6074.98,714.08,1287.69,1382.81,183.08,77.12,849.53,53.45,1393.09,717.03
3072,242.34,6224.90,685.42,1299.89,1380.11,193.91,80.49,809.41,61.28,1453.95,682.12
3088,233.40,6331.70,660.47,1319.66,1368.11,198.55,87.33,791.48,70.67,1485.17,670.30
3104,246.94,6340.71,625.76,1370.90,1318.02,183.39,100.66,819.82,80.72,1452.06,701.21
3120,259.02,6386.20,582.79,1434.21,1260.11,168.27,119.03,852.88,95.40,1415.05,740.57
3136,277.77,6283.82,586.97,1440.17,1249.85,157.85,115.48,874.84,87.12,1384.39,749.34
3152,297.64,6116.89,623.27,1403.99,1281.50,158.78,98.51,871.70,68.14,1390.33,722.62
3168,317.77,5961.92,663.97,1363.45,1323.57,166.22,81.92,858.20,51.55,1418.00,685.62
3184,332.32,5833.26,712.95,1309.17,1383.59,183.60,65.14,825.35,39.38,1475.29,637.45
3200,339.98,5745.60,760.70,1252.96,1446.97,205.43,51.60,784.45,33.49,1541.19,593.51
3216,353.80,5662.55,793.95,1219.27,1490.05,220.56,42.66,758.56,29.43,1589.55,561.93
3232,360.68,5608.62,828.11,1180.43,1536.08,238.19,35.82,727.83,29.81,1635.31,539.34
3248,375.40,5526.53,872.89,1133.07,1596.90,262.28,27.67,687.91,31.51,1697.92,510.89
3264,408.53,5409.23,887.80,1133.73,1618.82,271.00,21.03,677.03,25.86,1751.26,473.87
3280,401.51,5452.32,854.10,1172.88,1573.75,252.89,25.01,707.12,21.11,1721.32,478.88
3296,396.00,5482.16,835.01,1195.03,1548.27,242.90,27.58,724.22,18.73,1706.00,481.02
3312,370.06,5594.94,791.28,1241.62,1484.70,217.69,36.62,769.97,15.14,1653.62,496.13
3328,336.84,5738.54,746.21,1291.30,1414.42,190.38,49.21,825.07,12.86,1594.60,514.19
3344,310.81,5857.53,709.86,1335.77,1356.65,168.96,60.63,872.17,11.42,1557.64,522.38
3360,287.65,5967.60,677.98,1377.96,1304.78,150.55,71.76,915.46,10.60,1533.42,524.85
3376,279.30,6002.09,675.25,1381.26,1293.34,145.74,76.32,930.32,11.68,1514.30,533.15
3392,298.48,5914.90,695.41,1353.05,1331.96,159.66,67.18,896.19,12.24,1528.04,535.25
3408,321.09,5822.59,709.35,1334.57,1371.48,175.75,56.44,855.63,12.79,1554.42,533.67
3424,351.53,5705.77,727.63,1312.30,1425.63,198.79,43.80,803.44,15.62,1582.17,539.52
3440,394.82,5547.31,761.29,1273.56,1506.53,232.74,30.96,741.07,23.73,1592.25,566.64
3456,421.66,5468.54,763.87,1278.83,1555.55,259.75,20.49,686.10,30.48,1632.36,577.58
3472,456.99,5390.08,756.78,1308.87,1625.88,304.67,8.20,603.23,45.55,1699.48,602.34
3488,465.81,5427.44,717.16,1388.38,1655.47,341.37,1.94,532.89,62.16,1801.46,615.16
3504,473.18,5492.28,677.41,1479.59,1690.55,385.72,1.35,464.46,86.60,1900.08,645.05
3520,487.35,5506.04,667.30,1522.12,1734.44,422.04,3.22,421.57,106.57,1932.62,683.50
3536,520.73,5467.84,679.66,1542.52,1817.73,473.10,6.63,375.60,131.58,1918.63,746.26
3552,535.13,5470.06,681.11,1565.50,1863.67,504.89,10.32,348.54,148.44,1912.72,786.18
3568,521.56,5575.67,649.30,1638.23,1877.75,536.17,17.68,314.43,172.38,1953.21,829.67
3584,501.80,5710.14,611.92,1724.91,1892.68,573.55,28.42,277.77,202.38,1992.32,885.84
3600,503.12,5774.07,601.56,1774.39,1939.22,614.33,37.47,250.39,226.08,1977.73,937.43
3616,519.27,5874.69,599.22,1857.23,2062.26,704.77,57.69,205.08,271.04,1902.19,1036.62
3632,552.90,6037.92,610.83,1984.83,2270.52,852.91,97.44,154.94,341.69,1762.62,1179.39
3648,596.35,6177.84,640.78,2091.74,2477.94,991.76,139.89,131.91,402.16,1617.10,1287.05
3664,636.67,6366.10,672.39,2221.32,2695.39,1143.62,193.54,121.97,469.95,1468.99,1392.06
3680,709.44,6549.18,742.43,2346.31,2978.16,1319.92,258.55,141.10,532.87,1279.94,1462.88
3696,803.62,6824.39,840.56,2524.21,3342.83,1552.35,354.74,189.89,616.78,1059.99,1533.91
3712,855.03,7168.32,901.72,2737.42,3641.42,1773.14,458.81,238.60,715.62,899.41,1623.41
3728,904.49,7532.10,968.26,2959.11,3943.09,1997.52,570.32,304.71,812.66,752.86,1690.08
3744,926.75,8004.10,1017.54,3248.96,4257.12,2261.41,711.98,385.21,942.64,612.58,1784.61
3760,943.50,8515.59,1070.26,3566.32,4586.51,2545.59,871.55,486.59,1082.80,482.85,1869.45
3776,948.54,9014.53,1115.95,3882.40,4894.35,2823.16,1034.18,596.00,1222.89,375.93,1943.92
3792,978.05,9466.86,1190.18,4162.40,5213.11,3078.98,1181.73,717.02,1324.71,288.57,1950.21
3808,1012.85,10078.77,1292.57,4547.02,5641.79,3425.84,1386.11,892.43,1456.09,194.18,1935.74
3824,1023.42,10868.79,1397.31,5076.38,6166.46,3893.72,1677.92,1136.29,1659.34,102.76,1945.54
3840,1010.21,11626.66,1482.05,5618.23,6660.45,4369.83,1988.84,1394.74,1884.30,44.09,1971.91
3856,1007.56,12371.25,1584.55,6165.79,7172.21,4854.36,2309.01,1673.92,2098.11,16.88,1965.03
3872,1011.54,13052.08,1692.62,6680.41,7660.93,5310.30,2612.18,1946.95,2284.01,17.83,1931.12
3888,983.71,13583.19,1754.57,7133.72,8053.19,5720.45,2898.03,2198.36,2474.94,34.20,1923.64
3904,945.17,13997.38,1793.84,7525.39,8378.87,6082.37,3156.54,2425.67,2648.44,61.07,1916.48
3920,907.69,14224.59,1804.96,7774.91,8575.57,6321.16,3332.28,2579.52,2769.49,84.76,1913.65
3936,870.64,14355.56,1801.43,7951.78,8708.28,6498.30,3466.14,2696.56,2862.62,105.68,1909.60
3952,871.01,14315.65,1792.54,7917.51,8672.62,6469.54,3449.11,2679.97,2861.42,102.02,1924.05
3968,872.50,14316.38,1793.80,7915.07,8671.61,6466.24,3446.19,2677.50,2858.83,101.57,1923.70
3984,882.65,14366.41,1813.32,7932.23,8700.52,6467.22,3437.27,2671.01,2835.75,100.59,1907.57
4000,917.22,14514.77,1874.39,7968.27,8772.37,6448.51,3393.91,2635.24,2760.38,94.39,1873.15
4016,929.82,14560.87,1894.49,7973.72,8789.12,6435.03,3374.93,2618.88,2736.05,91.48,1868.00
4032,984.52,14790.77,1990.52,8009.20,8871.45,6371.28,3283.74,2537.89,2625.48,77.24,1860.20
4048,1069.38,15149.14,2140.74,8060.21,8986.36,6261.95,3138.70,2407.59,2471.59,57.13,1880.14
4064,1190.07,15616.66,2343.72,8101.15,9101.05,6084.34,2933.20,2222.55,2299.86,34.01,1962.25
4080,1308.91,16153.22,2570.11,8195.82,9263.65,5925.77,2732.35,2039.59,2132.32,19.17,2070.10
4096,1390.35,16387.46,2681.89,8167.21,9261.03,5786.07,2611.91,1935.10,2094.95,11.73,2167.04
4112,1446.74,16517.34,2747.99,8122.90,9227.76,5682.37,2535.76,1871.53,2093.91,7.51,2236.50
4128,1478.25,16631.33,2799.17,8121.24,9233.28,5625.66,2486.50,1829.20,2085.18,5.58,2281.65
4144,1498.35,16826.57,2876.76,8188.55,9311.33,5583.74,2423.29,1769.63,2047.20,4.60,2344.14
4160,1499.26,17034.70,2955.52,8301.65,9434.60,5564.91,2362.48,1708.19,1996.01,5.32,2413.52
4176,1487.04,17183.75,3010.38,8410.79,9551.17,5566.93,2320.77,1662.88,1950.99,7.26,2469.64
4192,1502.47,17385.09,3092.66,8473.92,9614.90,5506.39,2251.71,1601.81,1943.83,7.83,2544.54
4208,1529.44,17615.95,3189.72,8515.66,9650.59,5414.30,2171.67,1536.99,1962.43,8.08,2620.98
4224,1581.97,17866.18,3298.21,8496.79,9615.66,5280.17,2091.02,1483.08,2022.00,7.20,2672.89
4240,1631.78,17960.00,3340.07,8416.28,9522.77,5203.18,2074.33,1484.97,2072.41,5.18,2653.34
4256,1666.40,18046.57,3377.57,8366.14,9461.71,5144.85,2059.77,1484.98,2109.85,4.10,2639.20
4272,1709.83,18158.79,3425.30,8299.81,9379.47,5073.67,2047.37,1491.73,2157.39,2.86,2610.22
4288,1772.64,18406.56,3531.24,8220.65,9264.68,4936.09,2010.98,1493.66,2248.99,2.31,2565.05
4304,1819.73,18748.96,3680.28,8192.58,9185.64,4763.69,1946.50,1479.11,2365.36,4.84,2526.57
4320,1881.17,19272.67,3912.30,8164.33,9071.29,4508.07,1861.66,1474.11,2549.64,13.63,2445.93
4336,1917.46,19798.62,4152.28,8187.87,9001.07,4260.77,1776.37,1471.49,2739.89,29.07,2365.66
4352,1990.49,20302.88,4379.28,8123.39,8842.30,4043.93,1753.02,1526.00,2907.22,45.33,2237.52
4368,2044.62,20596.46,4509.61,8057.19,8720.21,3931.63,1763.40,1578.49,2989.69,54.44,2150.63
4384,2055.23,20885.43,4648.25,8074.15,8672.71,3807.29,1744.34,1608.71,3091.02,68.05,2078.54
4400,2084.41,21087.01,4738.96,8035.94,8593.00,3740.10,1759.98,1650.56,3134.34,73.81,2022.73
4416,2109.75,21365.42,4869.33,8004.35,8496.90,3643.22,1780.05,1710.37,3197.15,83.06,1943.46
4432,2126.86,21478.46,4918.91,7976.11,8446.17,3615.55,1796.69,1736.82,3207.17,84.51,1919.97
4448,2180.73,21622.51,4969.25,7873.12,8328.20,3617.02,1849.69,1782.40,3171.15,78.64,1909.91
4464,2191.78,21619.25,4961.85,7854.90,8319.19,3632.17,1854.32,1778.23,3156.97,76.44,1922.92
4480,2281.93,21686.25,4953.35,7691.73,8193.60,3718.33,1918.98,1789.92,3051.46,60.75,1988.91
4496,2443.13,21719.39,4894.89,7429.00,8032.66,3906.30,2008.03,1771.48,2874.24,38.80,2136.26
4512,2608.69,21976.83,4943.99,7137.33,7789.28,4057.42,2138.63,1803.35,2694.80,20.83,2275.04
4528,2737.60,22221.21,5002.16,6911.28,7597.88,4179.63,2243.35,1826.78,2559.21,11.18,2393.65
4544,2934.25,22479.73,5034.42,6609.61,7394.28,4398.40,2360.21,1812.29,2390.29,6.43,2579.15
4560,3167.69,22697.91,5031.10,6299.13,7236.16,4677.14,2458.77,1756.28,2240.13,12.92,2784.52
4576,3338.70,23075.11,5132.09,6023.25,7028.41,4884.02,2586.61,1755.39,2100.31,22.93,2967.94
4592,3551.28,23462.24,5217.95,5723.63,6848.08,5152.96,2703.32,1718.20,1981.50,44.74,3160.16
4608,3801.34,23930.58,5326.46,5389.52,6665.43,5480.92,2829.51,1663.51,1876.76,80.81,3366.48
4624,3937.20,24209.39,5395.91,5210.66,6574.35,5666.95,2893.93,1627.97,1837.07,104.86,3464.67
4640,4107.17,24581.91,5491.64,4989.46,6472.79,5909.46,2966.04,1573.78,1810.09,138.83,3564.14
4656,4324.84,25040.07,5604.42,4728.54,6382.89,6221.21,3034.06,1489.98,1815.72,185.33,3645.31
4672,4548.17,25578.57,5751.73,4454.36,6293.13,6564.30,3105.64,1399.04,1848.29,240.98,3704.10
4688,4696.59,26463.96,6103.15,4092.74,6025.80,6988.40,3312.24,1362.34,1825.78,333.40,3881.40
4704,4768.07,27214.49,6431.93,3814.37,5787.22,7332.46,3505.23,1351.31,1814.32,419.74,4030.92
4720,4791.87,27766.13,6689.01,3621.70,5611.46,7586.95,3650.66,1345.35,1821.04,487.49,4123.97
4736,4779.00,28408.02,7013.14,3408.41,5391.54,7888.93,3838.01,1347.42,1837.41,575.60,4231.29
4752,4655.87,28774.50,7268.23,3301.29,5169.60,8053.16,4028.95,1398.28,1806.97,651.36,4374.08
4768,4525.14,28954.22,7439.90,3255.22,4997.98,8140.36,4181.25,1453.30,1772.14,709.87,4496.48
4784,4438.45,29037.08,7537.90,3234.83,4896.31,8190.21,4273.18,1486.62,1754.87,745.94,4564.56
4800,4407.51,29119.53,7597.75,3209.65,4853.65,8237.91,4308.78,1489.21,1762.89,760.93,4571.59
4816,4397.88,29215.66,7647.95,3178.85,4834.29,8287.81,4319.84,1477.74,1781.82,765.54,4551.24
4832,4382.18,29492.05,7784.53,3088.41,4795.77,8434.01,4333.63,1433.73,1846.90,770.68,4467.93
4848,4345.29,29915.80,8003.86,2950.61,4737.02,8665.47,4352.24,1363.50,1953.77,774.80,4327.98
4864,4212.88,30454.65,8356.42,2769.60,4594.75,9026.52,4436.18,1281.01,2116.30,800.32,4134.11
4880,4037.04,31157.95,8830.49,2540.31,4432.85,9514.11,4527.52,1166.43,2350.07,821.82,3854.99
4896,3813.52,31813.72,9343.25,2327.92,4247.84,10044.71,4651.98,1060.97,2612.03,853.41,3564.39
4912,3653.08,32485.27,9813.72,2129.07,4155.18,10518.44,4692.66,947.58,2853.83,847.33,3293.27
4928,3481.90,33022.42,10246.69,1969.65,4061.97,10959.58,4745.90,854.51,3080.98,845.01,3056.26
4944,3306.32,33388.80,10618.21,1855.09,3961.71,11351.33,4817.33,785.30,3284.50,849.97,2859.87
4960,3239.10,33740.27,10855.10,1763.66,3971.14,11559.69,4781.49,727.07,3378.97,818.19,2768.86
4976,3189.04,34063.09,11057.08,1683.06,4002.67,11717.58,4722.95,675.70,3438.58,778.68,2717.03
4992,3056.80,34246.21,11312.95,1615.24,3949.92,11992.92,4745.21,623.27,3570.46,759.14,2608.43
5008,2868.24,34215.44,11572.27,1579.29,3813.99,12358.30,4855.29,577.86,3769.91,763.53,2450.05
5024,2718.80,34012.36,11724.31,1586.36,3666.56,12657.17,4992.87,555.00,3951.63,783.66,2311.58
5040,2566.29,33931.63,11943.97,1565.89,3562.60,12986.87,5071.87,514.12,4119.91,773.37,2205.57
5056,2431.77,33952.55,12182.88,1527.73,3510.34,13280.92,5088.76,467.54,4238.76,740.94,2154.34
5072,2254.35,33755.56,12454.68,1518.91,3385.52,13734.21,5177.21,413.60,4450.79,711.20,2063.95
5088,2096.52,33136.48,12621.13,1595.91,3149.38,14311.84,5410.07,377.99,4788.65,714.42,1913.40
5104,1961.87,32461.83,12794.98,1692.36,2920.80,14944.77,5646.25,345.65,5141.91,711.19,1803.27
5120,1915.28,31772.70,12831.17,1817.47,2714.73,15446.19,5890.45,339.80,5457.82,727.88,1715.98
5136,1855.99,31200.54,12966.28,1914.99,2562.62,15982.44,6055.95,319.37,5716.77,711.15,1709.72
5152,1852.18,30620.71,13008.66,2031.05,2417.49,16445.28,6233.94,314.12,5961.92,706.58,1711.95
5168,1877.00,30025.23,13022.09,2158.83,2278.65,16902.96,6411.28,313.56,6197.33,700.61,1738.10
5184,1899.73,29649.74,13038.02,2240.77,2198.94,17203.77,6510.83,311.54,6332.11,689.83,1776.37
5200,1931.10,29402.34,13010.07,2301.08,2142.92,17377.23,6588.66,315.45,6425.78,688.83,1795.91
5216,1938.81,29371.27,12991.86,2311.60,2132.14,17389.65,6609.73,319.37,6448.71,694.20,1790.58
5232,1927.69,29415.33,13007.49,2299.54,2142.65,17358.77,6598.55,319.91,6438.47,697.90,1781.02
5248,1959.58,29146.38,13023.65,2353.21,2102.67,17579.12,6618.74,306.47,6465.03,665.74,1848.29
5264,2031.33,28766.21,12973.90,2445.75,2031.87,17874.09,6681.58,296.60,6527.33,629.31,1938.42
5280,2149.71,28466.41,12717.21,2574.58,1913.45,18096.33,6878.07,319.73,6717.32,629.00,2004.79
5296,2226.61,28324.31,12524.47,2658.76,1835.09,18220.66,7022.90,340.50,6855.71,633.29,2051.00
5312,2319.89,28182.97,12276.91,2765.28,1738.33,18382.05,7207.68,367.52,7026.97,634.69,2124.61
5328,2422.22,27978.95,12057.34,2881.93,1645.83,18611.73,7357.15,383.00,7147.86,616.37,2223.34
5344,2580.26,27618.13,11781.56,3058.97,1523.92,19013.99,7515.84,389.88,7242.57,567.88,2382.51
5360,2727.79,27283.57,11550.57,3222.25,1423.99,19400.47,7627.30,389.91,7281.03,517.00,2524.77
5376,2945.81,26678.20,11359.63,3436.21,1331.15,19977.96,7628.17,358.11,7161.33,429.01,2672.51
5392,3159.10,26139.23,11174.67,3645.45,1253.35,20523.36,7616.33,330.41,7023.71,352.61,2794.45
5408,3349.34,25677.75,11031.05,3827.24,1200.13,20990.08,7576.48,304.48,6869.74,292.57,2873.40
5424,3518.91,25308.55,10887.69,3994.50,1155.22,21401.59,7543.18,284.82,6728.47,245.56,2930.95
5440,3700.00,24890.96,10794.70,4153.56,1135.22,21790.91,7443.04,255.58,6530.12,207.60,2933.92
5456,3896.79,24387.75,10797.72,4285.97,1156.64,22106.17,7247.54,214.09,6276.34,188.12,2857.97
5472,4066.45,24005.79,10760.06,4416.42,1168.16,22397.61,7100.18,184.45,6068.27,175.80,2794.43
5488,4148.38,23866.22,10685.30,4504.84,1157.72,22593.35,7057.96,174.77,5969.83,166.10,2779.40
5504,4234.20,23765.66,10543.78,4629.51,1130.69,22870.10,7033.03,167.28,5852.43,152.79,2768.79
5520,4250.58,23824.56,10393.72,4719.33,1089.05,23090.61,7076.26,171.63,5794.39,137.14,2793.10
5536,4283.14,23836.23,10262.67,4813.18,1060.42,23307.67,7077.85,170.02,5709.46,129.16,2783.15
5552,4393.72,23651.50,10187.68,4922.77,1071.37,23499.70,6961.34,151.25,5573.80,139.67,2698.33
5568,4514.21,23513.18,10013.01,5103.97,1067.43,23841.86,6829.38,131.01,5374.18,154.74,2583.12
5584,4571.00,23522.46,9814.20,5270.55,1045.03,24187.51,6757.39,121.23,5201.36,166.73,2494.46
5600,4562.04,23666.98,9605.89,5414.50,1005.18,24530.90,6741.84,120.64,5048.88,175.53,2426.61
5616,4532.50,23853.87,9396.06,5556.02,964.08,24878.00,6730.62,122.21,4897.22,188.73,2353.88
5632,4479.74,24123.79,9128.46,5740.12,915.74,25325.22,6704.37,124.86,4702.88,214.06,2248.80
5648,4458.72,24397.72,8776.40,6024.15,886.05,25906.71,6574.38,119.47,4446.96,268.61,2076.50
5664,4371.27,24851.64,8368.42,6343.97,842.25,26612.73,6464.64,125.84,4156.82,340.87,1885.05
5680,4209.27,25410.52,8030.90,6585.43,780.48,27263.87,6453.09,149.39,3903.40,408.27,1732.20
5696,4041.32,25998.01,7693.46,6845.74,730.70,27936.68,6416.64,176.03,3656.03,490.12,1574.03
5712,3954.78,26268.65,7564.66,6943.74,706.75,28223.38,6414.10,190.75,3553.08,527.46,1508.63
5728,3911.15,26364.46,7548.72,6945.65,690.14,28302.18,6444.81,199.40,3520.35,537.17,1491.98
5744,3852.97,26542.47,7462.74,7018.29,680.76,28486.50,6417.02,204.84,3464.33,561.99,1452.22
5760,3723.58,26858.38,7382.24,7069.52,638.96,28806.12,6458.56,229.48,3344.27,609.69,1376.92
5776,3628.36,27058.09,7372.93,7060.75,598.71,29018.52,6531.58,254.25,3252.27,645.86,1322.28
5792,3539.34,27292.78,7299.54,7124.84,579.80,29261.52,6517.48,266.11,3182.57,679.90,1276.75
5808,3495.88,27408.72,7261.64,7160.13,572.77,29376.92,6502.34,270.07,3155.50,694.03,1259.76
5824,3512.94,27360.04,7278.42,7144.04,576.46,29316.78,6508.68,267.28,3173.33,684.37,1272.28
5840,3419.03,27649.12,7131.01,7292.25,588.17,29533.20,6380.58,254.83,3178.89,689.08,1280.34
5856,3270.81,28086.89,6945.11,7488.08,594.98,29899.74,6219.12,245.54,3171.45,705.54,1286.88
5872,3164.52,28406.98,6810.22,7636.13,605.71,30144.92,6093.27,236.29,3188.12,708.80,1309.50
5888,3107.69,28594.65,6707.56,7745.58,628.09,30206.01,5996.31,221.26,3240.79,690.05,1349.97
5904,3076.12,28710.32,6626.27,7828.42,654.30,30168.41,5925.09,205.14,3304.23,662.80,1392.06
5920,3058.58,28764.31,6601.52,7856.60,659.92,30183.13,5900.53,200.95,3321.63,655.66,1404.95
5936,3089.26,28626.92,6773.98,7713.62,586.47,30553.35,5988.92,240.45,3173.72,730.48,1336.53
5952,3103.86,28568.98,6919.26,7621.07,523.08,31010.26,6023.18,277.14,3062.47,798.13,1306.24
5968,3125.95,28516.48,7035.88,7557.83,478.52,31386.25,6033.02,305.17,2996.18,845.78,1303.67
5984,3215.67,28290.86,7248.12,7412.76,416.70,31816.31,6098.27,352.43,2891.13,920.65,1292.06
6000,3321.41,28029.15,7450.62,7267.08,366.47,32148.45,6172.51,397.33,2802.68,987.92,1287.31
6016,3416.50,27771.88,7596.94,7134.79,335.51,32249.72,6268.99,431.56,2725.00,1040.60,1265.12
6032,3484.07,27584.25,7695.34,7039.70,315.84,32295.99,6342.77,456.26,2670.04,1078.60,1250.16
6048,3569.06,27352.75,7819.51,6925.12,291.63,32387.04,6422.16,487.20,2612.40,1122.86,1246.84
6064,3629.43,27209.14,7910.89,6860.83,274.47,32525.25,6443.96,504.91,2595.23,1142.50,1264.49
6080,3744.16,26923.43,8080.78,6732.30,244.02,32763.88,6491.95,539.71,2566.22,1178.34,1304.55
6096,3849.89,26635.43,8235.00,6595.04,217.59,32923.32,6568.19,578.20,2525.29,1221.32,1336.46
6112,3901.92,26507.88,8310.01,6540.45,205.80,33032.84,6583.66,592.55,2521.01,1232.65,1359.50
6128,3949.71,26394.45,8377.96,6495.06,195.72,33142.31,6588.40,603.21,2524.73,1237.61,1383.18
6144,3991.94,26398.61,8416.23,6552.18,196.63,33353.14,6458.87,574.44,2605.80,1183.23,1402.55
6160,4111.72,26217.37,8561.68,6543.63,185.57,33739.17,6316.73,555.05,2714.33,1120.20,1456.04
6176,4217.53,26011.64,8700.11,6497.05,173.12,34038.27,6239.17,551.59,2786.84,1083.02,1504.04
6192,4272.86,25915.02,8767.74,6483.51,168.90,34187.51,6190.50,546.19,2827.57,1060.91,1522.48
6208,4392.07,25623.49,8944.23,6388.40,151.71,34529.63,6125.72,550.07,2911.00,1020.29,1580.06
6224,4581.85,25092.61,9257.14,6184.91,120.80,35117.66,6045.39,568.85,3055.94,956.06,1687.88
6240,4751.18,24638.62,9533.81,6025.42,100.72,35644.81,5950.91,578.18,3199.99,891.71,1766.00
6256,4898.51,24235.48,9784.37,5885.25,86.61,36126.37,5856.56,584.08,3339.87,830.00,1825.20
6272,5025.11,23870.82,10014.28,5754.02,76.20,36570.72,5769.03,589.64,3473.44,772.90,1872.07
6288,5134.77,23579.10,10203.61,5666.70,72.49,36930.77,5675.85,585.07,3584.46,723.57,1887.59
6304,5188.06,23377.23,10334.68,5575.62,67.06,37202.01,5630.78,592.08,3671.66,688.85,1913.64
6320,5206.23,23245.25,10421.33,5494.07,61.54,37400.64,5612.00,603.09,3738.48,664.31,1939.85
6336,5292.89,22997.97,10587.61,5428.81,63.44,37702.51,5512.71,588.87,3825.92,624.83,1916.85
6352,5348.57,22824.44,10706.21,5378.99,65.27,37920.18,5442.25,578.86,3887.94,597.71,1897.23
6368,5395.16,22782.09,10729.41,5413.42,70.36,37897.01,5418.20,566.47,3868.64,603.16,1878.99
6384,5412.99,22751.52,10748.24,5414.52,71.53,37916.25,5407.51,563.94,3873.01,600.86,1875.93
6400,5392.47,22771.69,10737.33,5393.17,68.35,37944.89,5419.71,572.67,3896.51,592.23,1888.98
6416,5301.01,23026.71,10566.16,5406.30,58.01,37766.46,5543.95,615.11,3907.36,592.99,1966.44
6432,5186.43,23245.36,10435.87,5358.15,45.88,37766.15,5630.18,656.87,3982.71,568.74,2019.94
6448,5076.12,23580.11,10220.39,5363.46,34.95,37613.55,5779.14,716.77,4046.95,553.18,2105.97
6464,5009.11,23774.42,10100.23,5353.41,28.76,37574.18,5856.74,752.71,4108.59,535.47,2145.45
6480,4919.95,23992.22,9977.23,5315.54,21.55,37619.39,5918.05,788.55,4204.39,505.17,2163.41
6496,4800.75,24133.76,9933.88,5206.02,14.37,37888.50,5887.81,797.28,4318.42,464.59,2116.24
6512,4680.09,24196.71,9958.53,5067.00,9.82,38264.77,5793.94,782.31,4411.29,430.45,2032.54
6528,4546.47,24427.74,9872.66,4954.67,4.98,38574.26,5761.80,793.68,4545.85,388.05,1964.17
6544,4431.67,24767.52,9702.37,4883.37,1.34,38795.75,5785.52,827.19,4709.14,341.58,1909.43
6560,4366.66,25123.12,9494.88,4864.23,0.10,38904.73,5852.54,874.51,4874.60,298.51,1870.60
6576,4313.54,25469.92,9295.37,4845.38,1.49,39042.57,5904.49,916.75,5036.18,260.04,1818.10
6592,4264.94,25764.41,9137.00,4814.99,4.71,39223.03,5921.68,943.73,5168.66,231.57,1755.28
6608,4249.40,25975.19,9013.79,4807.29,8.15,39334.54,5941.32,965.56,5265.89,212.50,1708.72
6624,4155.08,26219.83,8941.83,4707.62,12.98,39690.87,5848.51,944.80,5306.99,209.74,1631.49
6640,4039.84,26484.06,8886.81,4579.94,19.87,40124.46,5715.07,907.02,5310.93,218.99,1557.00
6656,3910.58,26704.94,8882.31,4435.75,27.50,40560.07,5554.25,853.10,5254.59,242.93,1512.73
6672,3822.98,26703.96,8971.63,4346.85,29.14,40727.99,5452.30,809.22,5153.68,267.69,1533.10
6688,3818.44,26699.99,8977.84,4340.72,29.44,40747.65,5442.48,805.33,5147.40,270.20,1531.01
6704,3758.10,26631.88,9079.27,4293.24,28.44,40757.96,5398.58,781.49,5065.59,284.59,1572.68
6720,3701.92,26469.95,9226.93,4269.52,24.93,40636.22,5395.24,770.87,4992.65,291.46,1629.36
6736,3666.08,26258.65,9378.10,4279.13,20.24,40415.27,5437.76,779.29,4960.31,287.23,1676.58
6752,3591.55,26037.37,9582.95,4268.31,17.20,40163.66,5481.09,787.79,4910.31,284.37,1743.44
6768,3516.90,25869.51,9762.90,4253.65,16.61,39951.69,5521.09,798.20,4874.83,281.51,1797.95
6784,3458.42,25762.83,9894.38,4241.14,17.28,39792.38,5555.40,809.22,4856.36,278.03,1835.66
6800,3397.03,25953.93,9889.84,4144.72,24.12,39989.82,5462.42,773.28,4748.20,302.00,1901.44
6816,3389.19,26180.13,9802.07,4067.83,30.63,40272.21,5352.73,731.97,4648.26,329.62,1953.54
6832,3427.57,26276.02,9708.02,4054.84,32.62,40456.69,5290.74,708.14,4606.26,346.23,1968.80
6848,3399.67,26250.41,9756.57,4049.06,32.67,40388.21,5310.04,715.57,4612.10,341.43,1972.03
6864,3347.75,26274.61,9823.81,4017.95,34.88,40311.28,5329.24,724.66,4611.05,334.91,1983.32
6880,3318.32,26284.75,9863.41,4002.19,36.13,40262.94,5342.42,730.77,4613.20,330.77,1987.98
6896,3320.29,26311.94,9850.79,3990.87,37.38,40303.05,5326.06,725.04,4594.41,334.73,2002.40
6912,3251.18,26527.17,9902.77,3891.64,47.00,40259.80,5336.52,738.65,4586.15,322.30,2019.12
6928,3141.94,26882.36,10003.01,3738.58,65.25,40121.88,5388.95,777.63,4617.31,294.94,2015.43
6944,3085.57,27512.35,9996.84,3501.12,101.52,40180.12,5388.49,813.08,4608.41,276.87,2046.71
6960,3025.85,28223.55,10032.88,3250.26,151.20,40120.76,5455.91,886.68,4677.82,248.84,2035.53
6976,3042.84,28941.98,9981.68,3012.26,209.02,40198.76,5492.01,955.84,4734.07,235.04,2037.73
6992,3112.50,29582.30,9876.56,2808.21,267.42,40356.59,5508.05,1018.45,4782.84,231.38,2044.51
7008,3251.26,30043.80,9663.73,2655.54,317.11,40729.01,5440.45,1045.44,4759.96,248.29,2094.27
7024,3399.86,30369.40,9438.23,2541.96,360.26,41131.27,5358.70,1063.72,4727.98,270.04,2146.40
7040,3520.96,30455.07,9235.37,2495.97,383.61,41536.02,5250.70,1056.56,4662.03,297.53,2211.49
7056,3641.21,30351.20,9004.46,2496.42,396.33,42059.34,5087.73,1025.55,4545.95,338.98,2309.55
7072,3755.09,30266.78,8790.50,2491.16,415.38,42541.21,4953.31,1012.51,4467.42,375.24,2383.57
7088,3882.18,30294.56,8581.20,2453.10,449.37,42947.45,4874.96,1033.50,4460.71,397.01,2407.28
7104,4041.35,30255.49,8306.50,2421.38,495.08,43511.91,4768.00,1064.57,4458.51,428.18,2433.98
7120,4104.75,30120.10,8165.03,2434.42,513.97,43877.64,4681.77,1071.25,4433.84,454.18,2465.87
7136,4128.25,30121.25,8125.25,2425.71,523.37,43943.67,4679.31,1083.40,4451.93,453.72,2453.97
7152,4186.56,30350.96,8103.61,2360.21,543.24,43781.45,4770.19,1120.53,4540.03,424.79,2386.70
7168,4249.28,30823.37,8173.11,2254.89,557.78,43257.25,4960.23,1156.61,4653.52,373.56,2302.92
7184,4299.04,31102.96,8203.58,2193.03,569.36,42957.69,5072.04,1177.88,4716.63,346.68,2262.22
7200,4385.57,31346.01,8163.71,2122.74,595.79,42759.28,5182.65,1216.31,4805.71,318.30,2206.74
7216,4440.46,31517.50,8151.33,2078.36,610.35,42595.50,5257.28,1235.07,4851.42,302.40,2183.54
7232,4484.10,31620.23,8127.31,2046.77,623.43,42503.17,5308.98,1251.35,4887.93,291.09,2165.51
7248,4561.93,31835.16,8109.12,1991.95,641.05,42277.63,5401.00,1266.30,4923.77,277.63,2160.89
7264,4613.77,31898.99,8051.98,1957.44,661.54,42220.20,5459.60,1291.76,4975.90,263.98,2136.83
7280,4627.86,31902.12,8026.98,1947.51,669.50,42219.29,5478.22,1303.12,4998.86,258.39,2124.69
7296,4632.04,31848.50,7983.06,1942.43,680.83,42277.34,5492.99,1323.30,5038.99,249.55,2099.13
7312,4570.11,31765.96,8043.15,1985.49,660.29,42415.59,5420.97,1311.01,5018.19,256.07,2086.72
7328,4504.46,31691.67,8118.00,2034.59,636.75,42570.57,5339.18,1298.34,4998.16,263.10,2068.95
7344,4406.93,31630.34,8270.95,2118.88,593.42,42810.45,5196.06,1273.71,4959.98,277.22,2038.42
7360,4235.81,31507.22,8541.77,2279.25,524.79,43316.32,4947.93,1254.93,4943.37,295.73,1953.95
7376,4171.55,31729.70,8900.41,2418.98,441.95,43584.86,4686.48,1193.74,4841.32,341.16,1917.25
7392,4098.30,31833.26,9193.22,2559.14,384.02,43967.95,4472.17,1181.79,4836.15,366.37,1842.04
7408,4065.49,32007.88,9477.77,2687.21,332.91,44306.84,4276.83,1175.81,4842.21,391.50,1768.19
7424,4090.57,32248.86,9694.86,2767.67,294.51,44480.12,4133.89,1162.92,4830.53,416.75,1721.65
7440,4173.20,32560.62,9842.37,2795.60,264.52,44459.53,4032.09,1131.73,4778.95,447.90,1706.63
7456,4268.94,32822.64,9892.59,2775.59,248.38,44294.39,3985.17,1092.00,4704.45,477.70,1720.06
7472,4372.19,33019.98,9832.36,2699.43,246.41,43939.83,3993.94,1033.54,4583.88,514.13,1771.81
7488,4357.09,32916.96,9732.95,2654.99,261.25,43791.30,4055.83,1020.09,4545.32,516.10,1814.58
7504,4315.50,32758.05,9636.99,2622.05,278.39,43691.71,4123.07,1014.62,4520.19,514.21,1855.62
7520,4280.38,32592.11,9502.42,2563.95,299.70,43477.67,4202.62,991.23,4454.25,526.93,1915.02
7536,4296.16,32496.03,9286.43,2438.62,323.88,42962.09,4274.34,918.65,4291.26,580.89,1988.50
7552,4329.36,32413.15,9026.62,2282.42,352.88,42301.36,4335.37,825.32,4089.42,659.23,2055.18
7568,4323.93,32281.27,8828.49,2174.68,380.86,41835.30,4392.72,762.69,3948.25,717.92,2104.62
7584,4252.88,32022.21,8660.18,2105.92,415.49,41517.41,4487.70,723.57,3838.88,761.08,2172.35
7600,4237.83,31976.28,8642.17,2101.83,421.03,41495.21,4508.36,721.59,3826.95,764.81,2189.09
7616,4209.95,31943.48,8706.63,2149.94,421.54,41677.99,4549.89,746.51,3853.54,748.54,2230.90
7632,4253.88,32088.11,8804.29,2194.88,404.53,41894.27,4522.95,776.31,3916.47,720.14,2229.53
7648,4298.65,32190.07,8801.34,2179.15,393.05,41879.70,4467.25,776.51,3942.41,710.56,2190.93
7664,4244.21,32047.78,8765.59,2174.45,409.91,41799.26,4526.70,762.68,3890.94,732.14,2223.48
7680,4165.24,31870.42,8820.13,2234.91,440.01,41869.21,4690.13,761.08,3802.54,772.04,2341.06
7696,4135.14,31823.64,8963.62,2339.32,466.23,42086.84,4869.77,777.76,3728.32,813.38,2485.28
7712,4123.88,31808.50,9117.91,2448.19,498.22,42279.12,5060.53,790.30,3637.74,869.81,2625.56
7728,4175.99,31945.16,9393.14,2624.23,538.86,42635.78,5321.54,821.18,3525.96,954.99,2825.79
7744,4309.05,32282.41,9715.21,2811.47,562.16,43120.20,5535.38,874.77,3464.22,1028.30,3022.37
7760,4508.65,32778.70,10101.05,3028.69,583.24,43720.93,5759.98,946.35,3412.06,1115.12,3241.39
7776,4680.51,33191.07,10414.71,3207.58,609.73,44169.50,5961.38,998.92,3348.15,1203.92,3409.27
7792,4954.08,33864.92,10846.06,3446.87,631.40,44870.25,6198.98,1089.01,3297.25,1320.12,3640.52
7808,5224.05,34559.41,11225.94,3653.15,632.96,45615.41,6371.58,1195.02,3296.66,1419.32,3867.52
7824,5355.70,34934.04,11386.35,3736.62,613.86,46074.46,6411.18,1268.16,3340.26,1457.35,4001.02
7840,5359.50,34982.23,11375.44,3727.55,593.54,46203.74,6374.83,1294.78,3384.67,1450.91,4041.42
7856,5320.42,34926.36,11307.53,3687.58,569.36,46256.52,6307.23,1314.12,3441.46,1429.66,4068.21
7872,5355.39,35032.65,11354.46,3714.28,566.94,46381.23,6332.95,1330.90,3437.33,1448.86,4096.52
7888,5406.43,35199.26,11427.07,3757.28,562.65,46594.76,6379.16,1359.50,3426.54,1484.73,4143.03
7904,5436.03,35330.89,11472.58,3786.83,551.55,46830.50,6410.20,1395.53,3428.57,1520.16,4200.36
7920,5430.24,35364.57,11469.99,3789.28,538.65,46981.88,6412.07,1423.19,3442.75,1539.82,4244.91
7936,5393.50,35361.93,11434.82,3778.75,513.31,47236.11,6405.70,1473.61,3471.51,1575.43,4324.85
7952,5290.02,35250.84,11320.91,3733.24,465.09,47650.25,6369.72,1567.67,3539.14,1637.29,4477.41
7968,5138.11,35007.43,11141.08,3654.14,411.47,48041.91,6304.16,1672.77,3629.27,1702.44,4649.69
7984,5032.39,34937.84,11057.60,3642.65,370.74,48628.68,6349.11,1783.21,3642.14,1814.30,4779.12
8000,4919.77,34847.02,10972.13,3635.12,335.56,49219.52,6412.83,1891.41,3638.43,1932.45,4884.74
8016,4777.49,34560.51,10797.91,3561.90,299.13,49543.49,6379.19,1986.40,3695.08,2012.17,5012.05
8032,4594.26,34073.61,10522.42,3422.32,254.14,49740.03,6262.27,2099.16,3814.84,2089.68,5197.98
8048,4400.48,33466.25,10186.86,3240.93,206.82,49859.34,6095.10,2232.15,3976.99,2179.78,5429.72
8064,4215.94,32885.57,9868.10,3077.35,164.83,50078.91,5973.52,2376.39,4108.27,2296.49,5635.64
8080,3994.22,32250.25,9523.33,2924.62,121.71,50561.16,5930.42,2554.18,4186.11,2466.20,5799.50
8096,3776.12,31497.56,9117.30,2731.36,79.99,51024.21,5853.19,2770.66,4300.95,2671.47,6003.34
8112,3654.38,30886.20,8783.92,2549.04,53.52,51235.30,5732.08,2960.01,4445.39,2845.90,6214.47
8128,3615.49,30471.76,8550.50,2402.13,39.88,51276.80,5604.12,3111.67,4586.82,2985.99,6403.06
8144,3631.92,30280.66,8434.64,2312.37,35.92,51208.03,5500.48,3205.00,4694.91,3073.02,6538.46
8160,3699.95,30140.34,8333.37,2207.89,36.46,51027.61,5350.18,3321.41,4847.79,3185.28,6722.46
8176,3794.49,30105.63,8284.53,2126.39,41.92,50800.40,5204.56,3424.73,4996.05,3289.36,6896.16
8192,3899.00,30225.60,8321.89,2093.41,51.73,50500.73,5075.84,3480.97,5126.01,3351.98,7048.16
8208,3934.97,30286.97,8346.38,2088.62,55.80,50384.67,5031.91,3495.32,5171.40,3370.08,7102.31
8224,3956.56,30444.47,8433.03,2124.15,61.61,50191.61,4992.84,3466.06,5215.80,3351.28,7165.96
8240,3970.77,30788.50,8636.89,2224.71,75.00,49780.10,4925.56,3380.22,5305.32,3293.90,7306.03
8256,3926.68,31128.16,8869.34,2369.92,91.42,49357.03,4884.34,3248.21,5394.60,3201.67,7470.98
8272,3873.74,31367.17,9048.03,2490.79,107.24,49028.30,4853.34,3149.58,5478.10,3141.91,7621.01
8288,3867.23,31750.73,9295.45,2619.13,134.98,48498.93,4745.04,3102.35,5648.44,3154.74,7855.10
8304,3906.08,32282.65,9613.10,2754.30,175.83,47787.31,4562.64,3118.69,5896.30,3250.14,8145.50
8320,3938.75,32674.35,9845.17,2847.61,208.41,47274.33,4422.16,3158.23,6078.40,3346.70,8335.09
8336,4038.57,33052.34,10020.25,2870.75,232.82,46904.96,4283.95,3265.78,6196.21,3473.69,8391.22
8352,4040.79,33291.11,10175.09,2939.14,257.38,46564.54,4188.67,3307.20,6318.76,3555.91,8497.21
8368,4028.74,33300.38,10191.27,2954.12,260.68,46517.96,4179.91,3303.71,6340.84,3563.47,8526.15
8384,3996.07,33164.36,10131.15,2950.74,253.34,46609.88,4218.78,3261.57,6327.95,3529.33,8553.10
8400,3958.22,32973.91,10043.32,2943.07,243.13,46740.66,4272.86,3203.60,6314.50,3485.20,8598.78
8416,3938.15,32536.92,9790.90,2875.52,210.47,47200.00,4434.76,3064.65,6232.42,3353.93,8674.30
8432,4001.01,31935.35,9377.12,2722.44,157.10,48059.19,4719.72,2858.53,6060.66,3132.70,8765.09
8448,4063.84,31174.47,8890.90,2583.15,110.49,48994.50,5054.78,2600.75,5967.26,2925.05,9026.49
8464,4144.10,30537.13,8478.49,2475.91,81.74,49782.93,5347.20,2381.62,5943.44,2782.81,9327.07
8480,4256.49,30104.49,8160.31,2379.07,63.44,50449.46,5591.20,2215.08,5931.89,2680.91,9584.03
8496,4402.72,29848.26,7909.36,2276.94,49.21,51074.82,5813.32,2080.35,5908.89,2592.02,9803.74
8512,4598.19,29784.51,7710.94,2148.04,34.48,51772.10,6051.62,1958.60,5840.21,2481.93,9999.96
8528,4733.92,29658.34,7539.14,2072.26,29.86,52243.69,6221.92,1860.93,5858.81,2443.35,10204.74
8544,4912.12,29438.43,7294.72,1990.17,30.72,52815.80,6435.98,1730.86,5952.16,2440.24,10516.77
8560,5098.86,29424.15,7131.73,1894.26,30.74,53399.65,6646.97,1621.73,5996.63,2417.46,10785.45
8576,5293.14,29290.50,6919.75,1821.48,39.73,53915.05,6839.83,1512.32,6132.71,2459.94,11076.29
8592,5451.63,29020.64,6692.88,1797.09,56.92,54196.29,6951.59,1436.44,6332.39,2563.83,11284.19
8608,5486.37,28628.13,6534.36,1854.47,74.73,53992.93,6886.06,1447.06,6493.32,2678.87,11244.40
8624,5560.16,28399.66,6402.56,1874.12,90.00,53965.25,6879.45,1439.72,6623.78,2766.28,11251.67
8640,5576.23,28384.48,6384.91,1872.21,91.94,53983.66,6886.03,1435.83,6641.31,2776.98,11259.65
8656,5624.54,28310.52,6324.15,1875.11,99.30,53987.49,6885.69,1433.71,6698.87,2816.19,11248.33
8672,5689.74,28238.23,6250.64,1875.28,108.57,54003.66,6888.03,1431.18,6768.28,2863.37,11230.24
8688,5777.46,28046.45,6132.87,1903.37,124.65,53866.73,6831.33,1457.54,6843.84,2921.56,11115.13
8704,5882.85,27897.04,6011.84,1921.94,142.49,53773.40,6787.78,1480.83,6927.63,2983.95,11002.02
8720,6064.76,27979.27,5867.28,1874.47,167.83,54019.27,6855.37,1460.36,7130.00,3119.60,10950.01
8736,6220.21,28211.64,5769.98,1799.07,191.53,54416.05,6976.60,1421.43,7354.03,3268.40,10937.84
8752,6245.93,28729.10,5825.10,1668.49,198.75,55141.11,7227.14,1325.06,7591.55,3422.49,11090.84
8768,6192.18,29188.97,5938.44,1560.52,198.27,55781.42,7458.67,1236.16,7774.18,3543.31,11259.86
8784,6114.81,29699.91,6076.83,1445.78,202.33,56490.22,7714.55,1147.21,7994.82,3693.34,11404.21
8800,6054.72,30282.87,6207.93,1320.84,220.60,57272.95,7987.10,1070.49,8282.66,3891.52,11461.13
8816,6011.59,30794.66,6311.92,1216.93,245.88,57932.06,8208.23,1023.49,8550.09,4075.71,11427.80
8832,5989.58,31129.04,6371.33,1152.98,267.20,58329.63,8334.12,1006.53,8720.33,4190.96,11357.35
8848,5945.05,31475.03,6449.87,1087.65,290.03,58753.46,8468.34,991.99,8900.16,4312.12,11264.86
8864,5837.30,31852.69,6590.48,1013.42,311.49,59304.38,8656.34,964.26,9120.68,4463.62,11182.67
8880,5667.33,32220.54,6792.13,936.39,330.65,59969.44,8897.16,924.41,9381.33,4646.08,11107.94
8896,5507.48,32473.36,6978.10,879.43,344.67,60538.77,9111.48,889.31,9607.23,4806.14,11044.72
8912,5364.65,32534.94,7139.21,851.91,344.31,60974.40,9298.84,847.19,9785.74,4940.92,11042.23
8928,5242.73,32570.35,7280.46,830.13,345.86,61361.41,9464.04,815.22,9948.28,5061.21,11013.20
8944,5098.89,32653.63,7453.20,798.06,356.55,61855.43,9659.01,791.91,10152.53,5202.61,10911.56
8960,4904.30,32779.93,7694.96,752.87,379.26,62548.47,9919.18,776.23,10429.87,5383.42,10716.31
8976,4672.35,33076.21,7986.34,683.52,428.75,63365.66,10178.37,799.02,10714.11,5538.67,10393.40
8992,4472.38,33404.67,8240.75,618.19,485.09,64042.64,10362.23,845.05,10912.67,5622.51,10086.74
9008,4249.08,33673.26,8546.66,557.72,549.15,64846.01,10594.23,898.66,11147.75,5721.29,9745.30
9024,4045.29,33939.85,8835.94,502.83,617.99,65564.48,10780.40,966.89,11321.37,5769.33,9437.48
9040,3902.35,34164.38,9040.69,462.11,674.14,66026.16,10873.77,1030.12,11391.11,5756.56,9243.12
9056,3742.56,34418.37,9275.64,417.75,742.16,66512.38,10952.75,1110.21,11426.97,5707.15,9061.30
9072,3592.75,34609.83,9515.62,380.99,810.45,67010.99,11039.61,1191.38,11459.58,5654.19,8899.86
9088,3467.69,35023.89,9651.84,335.14,871.22,67033.87,10916.06,1265.62,11280.39,5486.88,8952.74
9104,3353.97,35337.98,9796.97,298.85,929.01,67111.88,10827.34,1334.28,11131.77,5343.26,9005.06
9120,3290.50,35530.02,9873.21,278.60,961.15,67108.25,10757.39,1370.40,11028.11,5255.54,9064.22
9136,3255.88,35545.46,9947.34,271.13,983.56,67251.64,10773.10,1399.34,11010.41,5217.76,9054.22
9152,3239.49,35616.43,9958.58,265.29,990.35,67202.80,10736.85,1404.91,10969.08,5192.08,9089.80
9168,3310.06,35410.41,9885.11,286.07,962.33,67317.36,10847.17,1386.35,11097.91,5267.51,8977.52
9184,3312.01,35352.44,9910.46,287.21,969.29,67428.62,10877.33,1400.57,11104.16,5252.98,8964.65
9200,3312.49,35455.03,9855.76,286.72,954.19,67237.23,10834.34,1374.47,11106.96,5284.79,8972.37
9216,3271.30,35724.61,9811.53,275.84,942.97,66849.66,10709.27,1333.87,11064.20,5321.63,9024.95
9232,3212.06,35994.62,9810.59,261.20,943.72,66493.46,10574.68,1302.01,11003.39,5347.02,9089.17
9248,3062.68,36440.38,9943.87,223.12,984.27,65968.77,10295.62,1276.58,10812.92,5338.20,9269.14
9264,2976.43,36673.25,10041.88,201.41,1014.24,65687.45,10132.40,1266.21,10697.51,5333.05,9378.00
9280,2990.43,36540.83,10096.04,199.25,1034.19,65864.92,10136.67,1297.64,10627.16,5267.32,9449.43
9296,2995.48,36440.94,10159.10,194.87,1057.21,65987.14,10115.53,1324.37,10545.72,5210.61,9531.31
9312,3004.21,36486.28,10094.42,201.56,1036.32,65959.66,10157.68,1311.89,10607.91,5236.09,9476.21
9328,2991.87,36639.49,10004.82,208.69,1003.73,65823.33,10203.06,1281.83,10719.34,5296.24,9372.46
9344,2970.17,36759.10,9973.22,209.56,989.62,65698.22,10207.34,1260.99,10777.07,5337.86,9315.28
9360,2891.42,36955.27,10069.77,190.86,1006.22,65318.07,10077.85,1214.82,10809.19,5441.62,9240.33
9376,2829.24,37021.41,10242.43,166.24,1050.36,64984.89,9894.38,1181.09,10775.31,5533.89,9210.79
9392,2832.44,37078.75,10165.85,175.27,1026.95,65044.02,9965.26,1184.73,10812.04,5514.15,9202.18
9408,2815.18,37328.26,9954.43,201.31,956.75,65155.30,10177.43,1191.23,10940.42,5459.90,9171.80
9424,2732.49,37801.68,9761.08,226.43,875.94,65049.91,10403.35,1174.06,11162.93,5445.93,9078.83
9440,2535.95,38648.12,9637.59,248.20,782.48,64497.05,10650.84,1108.55,11590.26,5520.01,8847.69
9456,2327.53,39508.05,9591.19,270.73,707.30,63857.27,10885.78,1045.61,12037.56,5603.83,8631.53
9472,2124.06,40417.54,9514.62,311.81,627.28,63366.66,11208.09,1019.97,12456.00,5613.67,8528.01
9488,2030.55,40907.21,9414.80,347.46,576.08,63313.34,11440.80,1040.86,12604.52,5544.79,8579.83
9504,1952.45,41256.76,9406.31,367.01,549.81,63145.25,11583.26,1043.43,12750.53,5523.02,8588.89
9520,1893.82,41447.18,9495.15,367.70,548.72,62815.57,11632.70,1020.10,12927.77,5562.51,8530.29
9536,1806.69,41767.04,9597.15,378.50,538.55,62432.89,11763.10,1008.91,13151.22,5563.52,8525.47
9552,1747.17,41909.10,9813.26,370.98,556.49,61821.71,11818.07,969.74,13459.63,5629.83,8452.59
9568,1786.49,41636.67,9996.08,338.15,602.69,61372.08,11679.25,908.65,13658.02,5773.37,8285.33
9584,1856.26,41306.54,10032.13,310.68,637.65,61277.85,11496.97,864.64,13697.23,5900.00,8129.87
9600,1955.39,40867.45,10047.40,277.40,684.53,61204.25,11246.99,808.32,13745.86,6075.10,7920.17
9616,2074.71,40325.82,10158.79,235.24,755.22,60858.30,10983.88,732.43,13948.53,6289.39,7690.53
9632,2138.68,40056.86,10172.58,216.53,791.22,60754.15,10828.71,693.90,14038.88,6413.19,7558.95
9648,2217.72,39757.53,10095.42,199.36,833.26,60803.73,10585.30,646.22,14103.78,6602.93,7351.92
9664,2330.25,39346.60,9994.70,178.57,900.74,60812.47,10249.17,578.48,14254.28,6873.53,7080.13
9680,2406.90,39094.14,9869.04,170.33,954.67,60890.47,9968.84,526.96,14380.33,7108.16,6854.81
9696,2502.69,38757.48,9825.09,156.43,1024.73,60739.17,9724.73,471.83,14609.18,7304.64,6703.06
9712,2549.15,38589.94,9825.34,148.92,1059.97,60607.44,9629.95,447.06,14738.46,7373.80,6665.45
9728,2586.42,38434.95,9908.33,138.19,1077.96,60379.18,9655.17,441.56,14813.36,7329.36,6731.98
9744,2675.02,38087.84,10062.77,117.23,1122.71,59916.83,9687.89,429.02,14971.64,7248.10,6862.24
9760,2806.40,37604.59,10171.19,94.09,1213.51,59324.07,9610.73,392.15,15284.38,7222.72,6991.05
9776,2991.45,36963.40,10212.30,73.15,1377.73,58510.32,9389.12,325.24,15846.28,7257.07,7162.08
9792,3198.24,36283.16,10283.47,60.17,1565.75,57568.62,9220.80,275.54,16425.41,7218.06,7437.68
9808,3361.11,35775.74,10332.89,59.02,1727.48,56794.35,9112.77,248.58,16883.14,7152.00,7707.74
9824,3451.69,35517.36,10296.32,69.13,1858.71,56273.83,8991.36,227.50,17265.71,7123.45,7918.57
9840,3491.68,35416.71,10233.73,81.78,1952.92,55942.98,8892.96,213.93,17547.43,7104.92,8078.61
9856,3494.01,35421.18,10178.00,90.61,1999.02,55804.54,8835.20,207.11,17690.98,7096.51,8161.03
9872,3566.27,35197.00,10256.74,89.48,2049.11,55471.98,8909.99,221.83,17704.21,6979.85,8271.79
9888,3593.47,35114.50,10264.48,93.52,2091.87,55256.58,8928.83,228.26,17755.75,6910.50,8359.43
9904,3562.57,35213.12,10168.65,106.67,2143.14,55114.88,8863.24,223.49,17916.49,6876.71,8476.52
9920,3488.56,35447.09,10010.63,124.97,2190.15,55061.62,8744.71,212.06,18138.12,6869.49,8608.26
9936,3420.92,35661.93,9913.70,131.16,2173.75,55251.62,8644.06,196.92,18249.67,6933.86,8624.63
9952,3407.30,35709.48,9914.00,127.32,2139.34,55427.89,8615.14,189.18,18244.83,6994.01,8578.97
9968,3442.30,35625.34,10014.91,110.31,2047.49,55820.77,8606.19,176.92,18153.89,7147.52,8426.19
9984,3497.25,35526.52,10156.50,90.09,1905.11,56504.75,8543.03,154.11,18111.95,7417.19,8244.69
10000,3668.01,35057.48,10464.66,62.50,1788.14,56927.30,8653.05,156.70,17856.77,7657.99,7965.47
10016,3859.64,34502.95,10790.21,39.93,1714.68,57122.38,8832.29,174.08,17549.67,7850.58,7691.40
10032,4004.26,34105.55,11033.06,26.59,1651.55,57363.12,8932.40,184.04,17383.59,8035.04,7515.92
10048,4117.69,33788.80,11222.72,18.15,1609.04,57532.70,9013.92,193.51,17264.32,8183.81,7390.32
10064,4334.43,33235.62,11572.40,7.65,1507.22,58058.29,9071.76,199.51,17209.29,8497.83,7264.54
10080,4526.49,32784.98,11870.28,4.06,1410.09,58626.98,9062.52,199.03,17273.27,8771.79,7237.97
10096,4730.70,32326.25,12178.70,5.45,1308.67,59273.45,9014.78,195.75,17423.63,9040.99,7282.59
10112,4919.98,31850.44,12484.38,9.11,1236.75,59761.82,9032.31,204.41,17505.17,9302.93,7299.03
10128,5003.28,31591.65,12643.34,11.04,1216.98,59915.62,9095.56,217.94,17487.72,9461.11,7273.91
10144,5041.17,31410.57,12749.22,11.87,1219.68,59928.24,9191.64,235.76,17419.22,9598.02,7224.80
10160,5041.96,31280.97,12823.09,12.25,1241.22,59833.64,9333.58,261.35,17299.08,9757.73,7148.94
10176,5034.06,31189.82,12878.53,13.48,1260.56,59762.12,9450.37,283.33,17215.44,9898.42,7102.93
10192,4967.07,31286.59,12818.16,11.87,1299.54,59527.07,9566.59,303.46,17073.89,9977.68,7018.79
10208,4806.54,31665.29,12582.41,6.70,1382.07,58963.29,9740.38,332.55,16772.35,10019.54,6828.12
10224,4685.64,32030.36,12355.67,3.21,1447.09,58493.21,9853.15,352.77,16525.13,10019.10,6666.90
10240,4624.13,32249.25,12219.63,1.90,1484.21,58220.88,9915.18,365.04,16380.55,10021.61,6573.51
10256,4707.63,32042.20,12341.61,2.30,1436.19,58515.35,9799.77,342.75,16532.78,9943.68,6654.27
10272,4893.68,31545.14,12640.66,6.53,1329.10,59199.00,9536.95,293.96,16875.48,9747.26,6822.34
10288,5100.96,31007.45,12968.08,15.69,1215.87,59930.70,9239.00,242.76,17220.30,9491.78,6964.09
10304,5208.72,30641.11,13209.61,25.24,1146.45,60457.92,9062.71,213.74,17489.76,9349.85,7092.08
10320,5248.17,30473.02,13327.03,30.70,1115.06,60720.36,8981.09,200.64,17629.78,9280.66,7158.98
10336,5288.58,30215.40,13519.49,40.92,1066.98,61160.21,8851.29,180.39,17865.35,9161.55,7263.82
10352,5332.77,30002.06,13675.20,50.13,1026.08,61507.14,8732.69,163.11,18026.50,9041.44,7312.53
10368,5267.60,29933.78,13781.74,59.12,1008.57,61861.73,8674.22,153.78,18292.71,8973.71,7459.86
10384,5233.76,29729.05,13993.32,77.12,962.76,62438.38,8518.96,133.19,18607.79,8794.74,7565.88
10400,5123.74,29614.61,14199.73,101.84,926.27,63136.41,8360.46,115.23,19043.75,8585.67,7727.35
10416,5016.78,29589.68,14333.52,123.31,906.51,63671.19,8244.36,104.81,19387.76,8416.05,7843.64
10432,4883.76,29572.63,14501.45,153.83,881.87,64346.91,8084.98,92.87,19775.70,8186.65,7932.81
10448,4661.99,29696.20,14661.67,199.31,870.68,65232.13,7897.69,86.16,20325.73,7880.22,8057.61
10464,4465.87,29906.22,14728.27,237.34,880.08,65887.88,7775.97,88.73,20771.55,7645.47,8157.01
10480,4324.85,30045.17,14804.36,271.50,881.76,66436.23,7656.17,89.87,21075.86,7446.49,8178.74
10496,4257.43,30079.87,14878.86,293.20,873.79,66771.49,7566.10,87.64,21195.49,7330.16,8143.90
10512,4204.22,30022.58,15027.40,320.60,846.69,67171.98,7431.90,79.18,21221.75,7213.02,8034.61
10528,4176.54,29923.35,15176.56,342.67,816.58,67465.84,7320.34,70.10,21170.80,7148.32,7923.79
10544,4172.15,29723.18,15386.79,365.51,770.94,67711.66,7204.59,57.19,21001.01,7139.95,7789.63
10560,4131.75,29449.96,15744.28,412.80,697.39,68187.44,6998.57,37.83,20703.73,7134.56,7558.31
10576,4006.30,29424.00,16024.10,474.33,647.30,68868.85,6760.53,25.30,20525.54,7055.98,7311.02
10592,3907.47,29424.96,16232.90,523.30,611.59,69367.62,6588.55,18.03,20363.73,7025.00,7135.72
10608,3794.04,29511.00,16395.10,573.13,586.18,69885.88,6420.02,13.83,20225.24,6989.75,6965.50
10624,3696.43,29834.71,16287.95,594.44,612.08,70312.27,6313.36,18.85,20355.56,6836.68,6827.58
10640,3723.13,30030.74,16036.90,567.24,662.85,70263.45,6359.37,28.86,20652.28,6678.67,6819.01
10656,3687.96,30330.95,15841.19,569.59,705.24,70535.12,6303.37,38.63,20833.98,6524.89,6703.95
10672,3560.08,30698.07,15808.19,616.93,714.39,71160.01,6123.59,41.66,20735.16,6477.89,6518.95
10688,3454.09,31098.15,15722.14,660.97,735.12,71780.82,5950.47,48.50,20652.22,6429.86,6334.50
10704,3319.70,31637.83,15622.34,727.18,760.33,72628.16,5713.98,58.70,20462.09,6426.18,6116.91
10720,3157.56,32245.79,15577.86,818.48,776.27,73601.41,5442.47,69.54,20118.82,6522.67,5940.28
10736,3023.23,32821.21,15532.92,908.43,794.35,74494.78,5199.95,82.78,19766.32,6654.60,5821.86
10752,2883.38,33500.37,15485.66,1020.60,817.37,75520.23,4930.11,101.36,19314.62,6860.09,5746.09
10768,2798.60,34075.08,15404.47,1113.51,848.63,76376.46,4713.06,122.53,18945.69,7042.09,5703.04
10784,2756.74,34458.62,15336.27,1175.91,873.41,76943.95,4573.22,138.56,18695.16,7175.77,5694.51
10800,2746.59,34813.07,15224.61,1229.94,907.18,77495.98,4439.58,157.24,18463.85,7304.24,5689.80
10816,2745.34,35163.23,15109.84,1285.42,941.97,78046.28,4309.37,176.57,18220.46,7448.30,5709.82
10832,2731.22,35418.34,15068.52,1331.71,956.89,78401.95,4229.25,186.35,18031.45,7568.73,5766.15
10848,2736.82,35782.08,14968.77,1396.54,987.03,78941.95,4110.38,203.01,17756.27,7748.15,5859.38
10864,2753.37,36252.57,14845.55,1484.58,1024.03,79612.11,3971.42,222.66,17407.72,7982.58,6015.35
10880,2811.31,36617.15,14663.73,1552.68,1076.39,80270.55,3832.97,248.91,17091.22,8200.67,6148.09
10896,2887.67,36929.52,14465.47,1614.28,1133.20,80909.07,3702.01,276.58,16791.52,8411.90,6287.54
10912,2908.47,37492.44,14404.76,1733.79,1152.54,81463.67,3624.72,283.21,16509.02,8607.86,6521.98
10928,2956.39,38099.96,14317.14,1868.08,1180.62,82069.46,3550.92,292.37,16229.33,8803.56,6776.52
10944,3028.76,38631.33,14201.07,1991.67,1217.99,82658.02,3483.08,305.70,15982.84,8978.85,7008.99
10960,3013.74,38897.59,14265.81,2047.79,1201.04,82657.53,3516.10,294.42,16004.14,8957.90,7050.46
10976,2886.34,38963.81,14558.61,2040.02,1119.47,82011.20,3655.34,257.02,16296.05,8743.49,6885.22
10992,2766.35,38911.79,14820.23,2005.13,1051.76,81397.27,3766.90,231.98,16543.19,8574.70,6717.97
11008,2576.23,38778.58,15241.79,1934.26,951.86,80404.33,3933.05,203.82,16912.00,8344.24,6449.18
11024,2366.97,38661.71,15738.16,1858.21,846.93,79281.46,4118.17,184.82,17302.54,8128.67,6166.98
11040,2241.06,38630.79,16061.57,1817.31,785.21,78584.17,4233.14,179.67,17528.16,8021.66,6010.73
11056,2134.40,38620.43,16349.46,1782.08,735.91,77994.55,4324.51,181.84,17689.71,7965.49,5903.25
11072,2055.85,38689.11,16597.28,1766.73,693.37,77492.73,4409.12,184.01,17831.24,7919.05,5818.20
11088,1979.31,38826.80,16880.29,1759.37,645.55,76919.59,4508.29,189.05,17984.87,7880.35,5734.74
11104,1969.96,39294.88,17135.04,1827.78,580.97,76255.69,4682.98,176.43,18306.87,7720.37,5562.97
11120,1941.89,39735.42,17460.46,1878.66,515.83,75493.30,4854.19,179.32,18578.54,7633.71,5436.88
11136,1889.45,40208.33,17917.74,1914.81,444.10,74534.55,5034.36,203.96,18792.28,7646.59,5375.99
11152,1862.72,40667.04,18316.59,1956.02,386.45,73706.87,5189.99,232.58,18949.05,7691.56,5357.45
11168,1855.94,41171.36,18716.48,2006.73,332.81,72873.88,5345.40,269.18,19073.07,7775.85,5377.63
11184,1889.17,41805.30,19114.41,2089.96,276.69,71956.80,5536.00,311.89,19234.47,7866.05,5404.40
11200,1917.58,42262.31,19413.62,2146.48,241.80,71318.56,5656.64,349.92,19289.14,7975.26,5467.71
11216,1859.37,42358.20,19728.99,2101.41,240.86,71120.02,5601.56,387.60,19027.47,8180.03,5637.75
11232,1788.61,42513.95,20179.64,2039.16,246.89,70901.16,5505.91,442.19,18621.95,8470.60,5884.87
11248,1785.01,42825.98,20540.08,2037.50,241.59,70550.12,5492.75,492.22,18379.00,8694.63,6070.92
11264,1805.36,42994.53,20644.80,2056.34,234.66,70367.97,5514.98,509.15,18339.52,8758.47,6121.60
11280,1793.60,43067.38,20788.53,2037.02,241.35,70365.91,5468.73,521.56,18206.82,8818.35,6172.32
11296,1760.65,43125.43,21026.65,1984.68,261.90,70506.08,5351.93,534.14,17961.41,8882.32,6226.43
11312,1751.03,43335.77,21371.13,1942.29,284.37,70572.32,5224.49,559.71,17644.57,8984.10,6308.69
11328,1753.23,43565.11,21703.71,1906.25,308.67,70659.40,5101.46,582.04,17362.48,9054.67,6361.16
11344,1748.75,43728.45,21998.36,1860.00,339.26,70868.94,4966.37,591.80,17137.49,9058.95,6354.60
11360,1752.99,43841.57,22169.48,1836.19,357.36,70995.39,4891.26,595.50,17029.10,9046.16,6336.37
11376,1756.02,43953.76,22361.21,1802.73,381.61,71202.25,4797.37,593.21,16935.58,8997.82,6285.73
11392,1752.04,44006.41,22501.52,1767.21,404.19,71436.16,4719.62,583.21,16908.44,8926.08,6218.88
11408,1720.47,43878.24,22491.51,1729.55,416.73,71665.57,4697.31,560.96,17011.87,8846.52,6158.97
11424,1632.89,43454.87,22319.92,1661.82,428.75,72040.15,4724.10,514.88,17311.64,8730.47,6092.19
11440,1542.31,43001.41,22120.74,1599.31,438.66,72365.35,4779.96,474.98,17622.23,8657.80,6070.76
11456,1486.61,42664.47,21849.76,1609.34,416.38,72196.77,4907.76,479.40,17735.84,8768.47,6191.72
11472,1364.29,41962.50,21381.98,1597.81,393.86,72072.40,5132.38,480.92,18000.49,8948.32,6403.12
11488,1259.63,41349.82,20984.89,1591.81,378.22,71932.66,5340.91,494.11,18193.27,9147.23,6621.43
11504,1156.88,40720.80,20551.23,1609.10,356.80,71628.39,5579.27,529.90,18288.13,9420.55,6888.89
11520,1040.91,40030.39,20190.70,1575.88,364.85,71633.60,5822.33,552.73,18528.37,9676.93,7170.50
11536,952.85,39493.94,19958.74,1529.71,386.74,71760.25,6024.81,571.89,18765.10,9898.36,7420.82
11552,871.46,38977.34,19853.02,1425.89,446.79,72256.78,6249.39,581.87,19189.63,10142.34,7735.07
11568,822.68,38611.71,19866.11,1310.98,524.84,72882.55,6461.32,594.45,19643.61,10389.91,8060.83
11584,801.36,38391.28,19903.26,1230.47,588.16,73327.01,6635.42,616.36,19949.85,10615.05,8330.97
11600,838.53,38528.82,20178.44,1123.35,669.57,74078.40,6715.86,610.30,20371.63,10743.90,8553.55
11616,906.60,38870.52,20544.17,1024.51,747.28,74873.55,6730.96,591.85,20794.22,10810.42,8729.05
11632,963.91,39141.93,20826.22,951.54,811.00,75469.20,6768.54,589.05,21104.50,10910.88,8901.48
11648,1039.16,39502.90,21170.43,871.17,887.14,76160.16,6818.88,591.95,21454.31,11053.29,9120.27
11664,1151.61,40037.52,21655.32,768.36,995.64,77098.01,6901.57,606.12,21914.50,11281.69,9439.44
11680,1243.18,40396.31,22015.42,686.79,1094.09,77766.84,7053.94,648.70,22195.01,11568.63,9738.41
11696,1355.76,40856.55,22440.56,602.41,1207.19,78513.33,7227.17,702.81,22483.52,11901.00,10067.01
11712,1507.75,41548.77,23017.70,508.45,1349.43,79513.27,7404.85,765.63,22878.56,12294.34,10469.71
11728,1652.93,42187.03,23544.54,430.04,1485.83,80375.34,7602.17,839.97,23166.55,12682.72,10820.53
11744,1816.74,42920.39,24133.58,353.11,1640.68,81314.34,7830.62,931.78,23446.95,13120.90,11189.64
11760,1994.59,43720.16,24764.54,281.28,1810.62,82285.67,8089.93,1040.78,23692.12,13590.09,11550.44
11776,2117.22,44358.43,25244.23,237.69,1936.02,83085.58,8252.07,1118.51,23924.03,13937.30,11830.21
11792,2249.48,45069.97,25775.06,195.91,2078.72,83963.66,8444.37,1212.88,24142.81,14324.46,12113.43
11808,2371.52,45565.43,26162.52,162.09,2192.47,84384.27,8667.11,1301.56,24073.84,14562.22,12179.89
11824,2496.18,46012.61,26515.37,131.81,2298.70,84628.16,8903.48,1387.72,23877.38,14720.44,12137.99
11840,2620.80,46598.52,26961.69,103.30,2430.91,85138.66,9148.59,1490.26,23781.47,14959.86,12168.06
11856,2681.70,46927.54,27210.43,90.07,2505.29,85453.58,9279.85,1547.66,23737.88,15091.53,12182.67
11872,2635.97,46816.80,27125.51,97.69,2481.80,85528.31,9211.91,1531.29,23874.35,15122.84,12268.77
11888,2639.30,46977.94,27251.01,94.15,2523.85,85836.98,9271.16,1567.12,23916.90,15240.54,12318.13
11904,2666.54,47203.84,27426.04,86.61,2579.13,86078.27,9369.94,1609.79,23855.54,15310.52,12289.55
11920,2645.85,47282.45,27498.25,87.32,2611.48,86388.66,9414.08,1643.21,23912.96,15430.00,12340.58
11936,2657.55,47562.77,27729.40,80.80,2693.26,86799.16,9558.51,1709.56,23825.88,15531.50,12286.95
11952,2648.77,47760.65,27906.35,78.56,2764.63,87209.68,9684.99,1772.48,23761.89,15635.21,12242.14
11968,2644.43,47866.76,28001.96,77.41,2802.44,87400.52,9752.09,1802.87,23712.01,15667.30,12204.86
11984,2633.04,47900.38,28040.54,78.14,2822.49,87534.84,9787.93,1822.06,23696.17,15698.26,12190.89
12000,2603.43,47718.23,27901.77,85.01,2786.03,87543.02,9720.88,1811.24,23833.71,15781.53,12290.08
12016,2562.24,47456.49,27704.53,95.77,2738.58,87600.55,9639.43,1806.11,24021.24,15921.40,12417.75
12032,2534.11,47121.60,27430.25,109.35,2661.20,87560.08,9506.24,1787.47,24283.77,16096.66,12597.43
12048,2495.80,46822.67,27204.90,123.68,2613.74,87678.81,9438.32,1797.76,24464.19,16268.58,12699.07
12064,2412.42,46364.99,26899.03,148.79,2581.83,88116.07,9429.74,1857.44,24615.57,16518.71,12730.86
12080,2380.00,46147.75,26748.53,161.16,2563.25,88294.78,9419.83,1882.83,24688.89,16630.41,12747.14
12096,2342.27,45920.52,26602.17,174.64,2556.34,88545.14,9441.21,1920.65,24708.59,16718.16,12713.23
12112,2314.92,45713.41,26461.89,187.35,2546.27,88755.92,9455.49,1953.86,24730.27,16797.51,12682.97
12128,2340.40,45879.42,26566.42,176.78,2543.35,88519.08,9413.24,1915.57,24770.11,16763.90,12760.39
12144,2351.13,46071.67,26716.34,164.37,2559.51,88304.03,9396.25,1876.69,24769.73,16693.09,12828.14
12160,2326.32,46264.86,26926.12,150.77,2614.25,88175.95,9438.33,1841.82,24677.01,16543.05,12865.47
12176,2313.75,46346.12,27019.70,144.82,2638.21,88100.25,9450.39,1822.18,24652.61,16484.60,12902.92
12192,2311.20,46706.64,27331.59,123.40,2675.55,87661.55,9398.26,1743.45,24736.69,16432.83,13099.15
12208,2334.08,47025.83,27557.21,107.37,2673.52,87222.01,9297.11,1679.58,24913.41,16501.00,13283.07
12224,2332.76,47461.52,27926.80,85.50,2702.45,86627.45,9185.68,1586.03,25134.76,16567.23,13555.63
12240,2319.70,47681.70,28139.22,74.53,2727.86,86306.58,9130.59,1533.47,25260.81,16608.23,13715.42
12256,2305.50,47865.76,28323.51,65.65,2748.64,86015.61,9074.12,1487.97,25393.56,16670.52,13856.64
12272,2275.36,48008.37,28508.80,57.91,2782.82,85748.53,9032.11,1441.38,25516.85,16724.10,14004.14
12288,2220.73,48145.73,28748.73,49.45,2840.45,85412.25,8986.40,1378.30,25683.74,16799.85,14208.75
12304,2194.25,47984.98,28691.77,53.25,2876.15,85542.84,9049.93,1373.93,25616.91,16726.38,14255.30
12320,2216.46,47818.84,28514.92,60.52,2865.97,85830.48,9124.64,1405.98,25464.43,16615.73,14185.85
12336,2302.83,47529.86,28097.90,79.07,2817.94,86519.91,9294.14,1494.57,25083.82,16341.53,13999.81
12352,2447.20,47496.73,27725.64,97.93,2709.01,87161.17,9415.91,1614.50,24690.64,16081.31,13711.53
12368,2633.03,47895.33,27548.47,111.97,2528.27,87549.24,9424.64,1761.38,24363.73,15902.48,13294.58
12384,2835.00,48514.66,27478.65,130.51,2322.49,87882.39,9413.55,1934.97,24010.28,15703.75,12832.04
12400,3010.51,49105.93,27451.53,153.79,2150.93,88217.34,9433.19,2098.11,23657.67,15481.05,12466.12
12416,3179.97,49812.70,27507.11,182.15,1975.23,88532.05,9455.81,2278.78,23274.74,15226.23,12104.84
12432,3315.92,50606.35,27689.59,210.17,1806.83,88713.05,9449.61,2459.60,22930.29,14994.49,11759.07
12448,3476.68,51827.28,28073.65,257.22,1576.43,88921.35,9447.54,2734.90,22416.99,14631.17,11311.83
12464,3588.40,53272.80,28715.72,313.19,1337.54,88918.51,9395.49,3054.64,21907.03,14266.65,10821.71
12480,3663.75,54830.80,29525.34,385.98,1106.65,88856.11,9352.20,3421.01,21351.44,13853.79,10361.61
12496,3722.27,56444.12,30428.58,481.83,892.84,88859.71,9362.66,3829.57,20725.11,13370.89,9996.57
12512,3829.36,58015.63,31205.94,609.08,707.19,89275.09,9536.50,4248.48,19972.91,12773.48,9872.46
12528,3978.97,59557.30,31873.66,762.98,548.60,90043.74,9848.93,4659.21,19148.49,12113.21,9971.71
12544,4153.64,60829.59,32303.96,912.81,438.52,91022.88,10231.66,4972.02,18430.41,11542.38,10248.65
12560,4295.99,61795.42,32603.90,1036.15,367.93,91881.70,10566.54,5188.63,17901.44,11128.55,10541.91
12576,4405.15,62728.00,32954.78,1158.69,306.83,92678.45,10889.55,5396.11,17412.93,10751.44,10850.41
12592,4517.32,63898.23,33447.46,1319.83,240.02,93691.05,11310.96,5650.01,16825.92,10308.53,11281.06
12608,4625.97,64742.52,33729.17,1443.57,205.05,94556.72,11651.21,5786.57,16465.90,10055.23,11628.10
12624,4721.02,65186.30,33776.62,1511.40,196.76,95131.81,11852.12,5804.17,16349.24,9992.94,11813.99
12640,4731.45,65376.24,33870.73,1540.68,188.75,95317.58,11931.44,5841.13,16262.73,9933.67,11901.50
12656,4686.59,65288.33,33937.26,1528.68,183.70,95151.14,11894.60,5885.84,16210.21,9877.59,11902.30
12672,4662.21,65086.88,33893.43,1498.85,186.65,94900.62,11812.43,5897.91,16219.79,9863.23,11853.67
12688,4667.51,65152.24,33916.55,1508.55,184.85,94972.95,11839.05,5901.25,16204.97,9856.94,11876.45
12704,4667.32,65341.24,34013.68,1538.53,178.22,95191.73,11923.47,5912.75,16160.81,9842.89,11943.73
12720,4722.63,65556.11,33973.46,1563.67,183.31,95426.19,11968.65,5852.00,16243.27,9924.27,11905.82
12736,4805.67,65959.66,33938.11,1613.26,192.36,95857.70,12052.40,5740.58,16403.93,10082.61,11818.99
12752,4849.77,66289.09,33963.92,1657.16,197.08,96207.18,12130.49,5667.11,16510.06,10193.49,11764.49
12768,4929.40,66808.13,33961.72,1722.45,211.55,96702.02,12210.26,5524.83,16739.97,10401.13,11606.89
12784,4974.68,67367.67,34049.98,1801.25,223.67,97264.89,12319.75,5389.54,16965.03,10612.52,11452.49
12800,5000.13,68067.31,34224.38,1907.74,239.21,97991.92,12465.55,5222.65,17256.76,10883.83,11244.32
12816,5017.76,69000.62,34485.54,2056.35,266.24,98949.85,12644.54,4993.62,17679.83,11257.13,10932.27
12832,4956.10,69866.36,34919.98,2223.03,287.36,100029.99,12897.11,4788.51,18084.47,11642.29,10639.52
12848,4797.91,70291.48,35469.32,2356.22,284.07,100994.55,13218.50,4690.04,18312.19,11938.98,10484.60
12864,4574.40,70401.55,36111.72,2473.49,266.01,101960.95,13614.23,4646.51,18469.17,12229.00,10379.72
12880,4380.23,70332.45,36645.39,2560.25,248.80,102741.17,13962.72,4626.78,18594.55,12482.10,10290.29
12896,4155.28,69722.47,37181.42,2597.10,208.14,103416.47,14413.53,4708.43,18584.47,12724.56,10294.77
12912,4032.12,69126.00,37462.57,2594.65,177.39,103758.95,14723.59,4798.51,18538.02,12881.90,10321.73
12928,4073.03,68761.66,37303.79,2526.46,158.16,103463.05,14739.53,4906.35,18355.18,12812.75,10454.05
12944,4115.11,68571.36,37167.45,2479.73,147.63,103235.69,14732.43,4975.63,18234.69,12762.84,10540.25
12960,4146.92,68642.70,37075.41,2464.95,149.16,103081.36,14670.49,4990.44,18182.09,12705.28,10584.13
12976,4189.90,68746.23,36947.55,2443.87,151.19,102856.91,14585.32,5016.74,18099.29,12623.06,10653.54
12992,4252.12,68535.59,36777.60,2388.75,138.36,102644.81,14618.90,5093.67,18000.74,12632.50,10701.00
13008,4304.35,68047.60,36677.87,2332.37,116.64,102672.77,14804.50,5159.12,18010.79,12791.34,10633.19
13024,4284.74,67417.53,36836.14,2332.44,99.21,103199.38,15114.67,5124.02,18246.70,13080.16,10401.94
13040,4184.04,67169.37,37194.34,2407.76,103.95,103862.94,15270.66,4991.61,18526.13,13219.94,10217.32
13056,4157.97,66630.49,37420.71,2439.70,98.72,104519.94,15538.42,4894.31,18835.28,13457.22,9979.97
13072,4125.35,65931.56,37754.16,2497.97,99.20,105448.82,15868.46,4740.73,19263.63,13724.87,9692.71
13088,4195.34,64845.37,37965.65,2520.04,95.00,106564.22,16394.22,4587.48,19846.18,14161.92,9279.45
13104,4370.74,63599.73,38003.01,2506.08,93.05,107701.73,17034.05,4453.32,20513.33,14694.63,8811.45
13120,4515.91,62412.51,38206.54,2550.61,112.62,109031.64,17604.13,4258.04,21201.23,15090.45,8444.54
13136,4617.13,61641.70,38374.00,2596.93,134.29,109970.75,17956.22,4109.91,21655.87,15289.62,8255.73
13152,4742.73,61080.39,38363.68,2602.01,148.46,110604.58,18262.17,4019.72,22016.07,15480.25,8095.30
13168,4809.97,60484.32,38604.98,2676.56,177.63,111434.52,18448.88,3869.10,22307.51,15472.38,8081.95
13184,4912.94,60016.91,38656.34,2704.61,198.48,112061.12,18660.97,3763.61,22585.09,15523.17,8038.44
13200,4930.29,59864.62,38733.48,2729.50,207.77,112277.80,18687.40,3722.69,22634.55,15486.96,8064.45
13216,4879.37,59932.95,38840.24,2752.09,207.48,112181.34,18584.89,3734.42,22525.76,15415.60,8115.40
13232,4823.68,59902.21,39063.73,2806.32,214.15,112166.11,18433.26,3732.91,22366.67,15280.16,8212.33
13248,4794.11,59581.48,39508.55,2928.04,240.45,112445.65,18216.47,3683.41,22141.89,15000.31,8417.31
13264,4767.05,59166.23,40087.70,3088.62,276.40,112724.46,17906.04,3648.23,21798.79,14658.55,8668.43
13280,4804.54,58740.81,40468.88,3206.62,310.34,113096.29,17731.17,3600.10,21593.69,14401.87,8862.95
13296,4828.28,58430.53,40784.94,3302.34,336.41,113292.58,17560.01,3587.70,21388.75,14223.76,8993.88
13312,4962.94,57925.25,40937.27,3383.20,376.07,113961.95,17528.95,3490.31,21305.34,13958.48,9210.36
13328,5132.83,57532.23,40810.00,3401.51,410.32,114805.73,17663.03,3348.09,21381.48,13706.50,9437.43
13344,5306.40,57319.80,40425.89,3360.07,439.48,115782.01,17943.50,3166.93,21592.76,13448.14,9697.45
13360,5363.32,57550.36,39860.37,3240.83,439.56,116391.59,18322.83,3017.97,21943.75,13329.06,9867.85
13376,5334.55,57845.59,39529.16,3152.91,427.49,116537.71,18549.53,2955.29,22175.97,13316.96,9927.51
13392,5290.91,58129.74,39266.48,3078.46,415.72,116618.64,18733.98,2907.52,22364.16,13305.37,9981.57
13408,5270.20,58367.15,38983.21,3011.21,413.69,116868.12,18922.51,2838.07,22520.56,13222.23,10095.88
13424,5189.62,58773.26,38665.27,2915.65,399.43,116975.41,19164.91,2771.92,22752.67,13171.39,10204.73
13440,5171.46,58991.91,38396.11,2860.12,405.21,117310.17,19319.50,2700.74,22832.26,13041.90,10341.72
13456,5153.11,59217.15,38115.20,2805.91,414.81,117703.47,19468.68,2625.05,22881.60,12887.17,10492.21
13472,5099.76,59497.88,37875.33,2744.83,415.28,117944.91,19628.13,2562.15,22967.86,12770.23,10621.19
13488,5162.25,59381.85,37826.26,2772.08,437.70,118233.50,19542.67,2558.73,22807.39,12721.52,10606.25
13504,5268.82,59239.27,37665.26,2814.17,484.90,118860.21,19392.89,2547.38,22490.11,12621.88,10576.91
13520,5415.65,58979.96,37563.54,2892.23,542.82,119461.70,19137.71,2576.18,22094.42,12604.68,10450.38
13536,5381.04,59372.87,37066.04,2837.82,591.37,120412.02,19194.14,2492.59,21827.04,12366.25,10543.31
13552,5298.93,59939.90,36467.59,2758.70,646.32,121502.88,19291.34,2395.94,21528.38,12098.44,10644.44
13568,5243.52,60447.68,35889.50,2712.02,718.32,122637.83,19278.04,2342.81,21127.75,11924.90,10630.34
13584,5048.75,61512.14,34946.19,2582.02,818.55,124377.08,19413.37,2230.29,20591.73,11605.83,10675.76
13600,4804.06,62761.23,33936.38,2436.14,935.73,126269.12,19580.56,2126.21,20002.94,11305.40,10689.66
13616,4453.06,64248.78,32945.62,2224.11,1038.60,128140.78,19967.46,1978.22,19503.77,10910.73,10809.97
13632,4206.15,65354.70,32210.50,2091.26,1136.96,129607.47,20173.96,1912.30,19056.97,10722.40,10793.46
13648,3917.32,66756.12,31263.24,1961.77,1293.68,131572.02,20297.73,1895.16,18390.98,10646.92,10615.86
13664,3636.88,68155.33,30349.07,1852.64,1466.43,133528.94,20365.74,1919.70,17713.28,10677.88,10361.96
13680,3316.65,69652.53,29470.24,1714.56,1646.84,135580.14,20540.41,1941.21,17025.02,10707.21,10112.02
13696,3060.68,70760.67,28899.80,1584.41,1776.74,137125.28,20784.49,1944.74,16518.07,10706.19,9946.68
13712,2874.11,71535.66,28539.57,1479.39,1871.04,138265.95,21004.93,1949.12,16140.50,10717.85,9814.72
13728,2769.82,71905.05,28416.06,1398.61,1913.89,138907.19,21219.46,1934.92,15921.99,10693.25,9756.49
13744,2641.18,72416.13,28213.26,1312.03,1988.58,139815.09,21401.03,1953.88,15604.80,10758.90,9603.24
13760,2520.83,72807.12,28148.43,1184.31,2053.44,140816.53,21761.41,1949.48,15232.30,10787.09,9451.30
13776,2493.00,72834.45,28225.19,1116.83,2066.38,141197.69,22000.17,1931.85,15069.65,10771.42,9399.24
13792,2490.64,72791.94,28297.06,1082.82,2067.06,141352.38,22132.92,1919.70,14993.99,10758.93,9376.64
13808,2499.01,72740.11,28333.58,1079.31,2058.95,141312.66,22167.60,1909.88,14998.70,10737.50,9389.76
13824,2571.42,72419.76,28462.79,1141.16,1977.91,140463.59,22151.10,1838.12,15279.79,10525.06,9618.05
13840,2672.68,72065.12,28554.67,1293.20,1848.40,138824.25,22022.46,1719.56,15869.05,10123.05,10085.47
13856,2763.89,71750.66,28677.97,1416.54,1739.16,137468.91,22022.05,1610.47,16323.04,9769.70,10465.39
13872,2838.34,71593.16,28717.73,1582.04,1633.02,135893.91,21992.12,1493.72,16876.64,9354.61,10925.62
13888,2908.41,71489.61,28758.18,1755.06,1532.55,134317.06,22028.73,1374.55,17405.48,8936.56,11368.62
13904,2977.39,71346.72,28854.92,1886.90,1446.39,133080.94,22165.28,1271.65,17756.02,8618.21,11662.43
13920,2966.38,71518.14,28760.75,1972.97,1426.19,132444.16,22140.75,1231.14,18004.61,8438.10,11864.61
13936,2896.53,71893.02,28527.84,2009.39,1460.63,132344.38,21962.95,1244.12,18183.25,8364.86,12014.93
13952,2782.44,72368.12,28194.06,1954.73,1569.10,133103.56,21575.54,1339.87,18250.16,8455.68,12102.99
13968,2700.59,72716.23,27938.79,1904.42,1664.62,133765.31,21246.14,1423.52,18330.99,8516.71,12210.19
13984,2601.55,73174.72,27601.64,1850.80,1793.49,134542.56,20807.90,1528.76,18507.76,8545.48,12417.71
14000,2547.12,73438.13,27371.51,1775.03,1924.12,135469.88,20389.35,1646.71,18652.27,8601.37,12618.22
14016,2484.11,73788.48,27118.18,1760.12,2016.31,135822.31,20092.39,1703.61,18873.94,8534.24,12837.88
14032,2452.69,73998.05,26934.90,1722.78,2116.77,136350.72,19781.42,1777.42,19077.45,8492.52,13060.54
14048,2467.59,73970.55,26897.61,1673.41,2190.28,136899.16,19555.31,1846.77,19195.59,8493.58,13220.69
14064,2522.02,73767.59,26945.23,1596.87,2278.40,137690.42,19282.87,1943.93,19324.31,8513.12,13424.38
14080,2652.13,73237.88,27151.84,1468.70,2402.82,138990.78,18895.18,2103.93,19502.70,8560.27,13746.29
14096,2810.59,72553.05,27477.67,1345.08,2498.15,140245.11,18593.13,2260.54,19619.73,8640.32,14030.65
14112,2934.92,72114.55,27641.83,1253.02,2623.47,141264.53,18231.07,2391.18,19894.07,8584.73,14373.07
14128,3064.93,71581.31,27901.03,1170.03,2706.03,142174.94,17979.44,2509.42,20071.40,8577.67,14644.76
14144,3208.39,70959.80,28229.20,1084.78,2779.78,143133.00,17745.16,2636.62,20240.18,8581.96,14927.15
14160,3313.31,70580.84,28395.40,1028.92,2865.42,143779.81,17508.50,2717.61,20467.85,8497.34,15153.37
14176,3495.06,69940.86,28674.10,940.83,3019.75,144825.53,17095.91,2844.75,20897.18,8308.12,15521.00
14192,3793.07,68811.02,29237.88,805.62,3244.36,146535.22,16494.77,3060.38,21548.18,8037.74,16091.09
14208,4064.53,67624.27,29937.09,680.74,3412.83,148279.03,16009.43,3300.15,22100.80,7856.61,16662.56
14224,4263.04,66794.45,30424.63,599.77,3551.06,149479.56,15645.05,3460.61,22540.10,7683.59,17033.25
14240,4471.17,65998.00,30868.88,527.77,3717.84,150576.09,15251.79,3593.07,23024.92,7450.29,17318.62
14256,4678.94,64964.27,31576.41,437.94,3869.48,152157.78,14827.73,3815.96,23598.99,7227.51,17775.57
14272,4873.29,63970.47,32287.43,357.91,4026.79,153716.69,14406.62,4034.87,24192.43,6986.32,18187.08
14288,4961.57,63351.54,32807.84,308.54,4107.43,154861.42,14146.46,4212.28,24604.87,6838.04,18516.21
14304,5031.44,62693.98,33424.84,257.51,4193.81,156236.22,13847.30,4430.87,25110.90,6654.37,18893.59
14320,5142.38,61897.02,34134.32,203.35,4340.35,157766.33,13455.65,4648.12,25725.03,6391.45,19180.50
14336,5236.84,61124.63,34876.14,155.62,4500.59,159368.39,13043.21,4871.46,26380.55,6103.71,19413.92
14352,5343.30,60288.75,35696.70,111.63,4701.28,161085.31,12579.72,5092.79,27089.98,5778.34,19547.80
14368,5489.28,59625.72,36192.99,84.30,4884.78,161883.05,12278.42,5135.67,27415.91,5585.95,19387.94
14384,5612.33,59227.55,36394.17,71.42,4996.73,162001.70,12158.11,5085.88,27446.14,5530.79,19182.12
14400,5696.18,58947.06,36541.43,63.25,5074.94,162066.34,12081.92,5045.41,27445.56,5504.53,19031.90
14416,5649.96,59002.03,36597.85,62.69,5068.53,162355.08,12033.62,5105.53,27581.73,5451.65,19090.23
14432,5631.19,59069.25,36563.33,64.63,5049.41,162365.16,12046.29,5123.11,27603.20,5448.30,19136.22
14448,5670.62,58917.42,36650.09,60.35,5089.42,162377.80,12015.99,5095.79,27577.07,5449.36,19062.45
14464,5703.73,58965.52,36502.25,65.50,5048.98,162018.97,12117.75,5071.43,27469.30,5506.21,19152.04
14480,5714.65,59078.88,36338.75,72.29,4994.44,161757.50,12208.30,5078.40,27430.09,5535.45,19270.44
14496,5728.69,59203.96,36159.45,80.33,4932.12,161508.06,12300.81,5099.64,27422.85,5550.90,19406.08
14512,5814.02,59122.47,36032.07,86.09,4899.47,161000.69,12438.32,5063.78,27280.70,5624.96,19547.13
14528,5797.48,59160.05,36035.82,85.86,4898.61,161104.36,12412.43,5077.95,27324.44,5603.10,19519.50
14544,5707.65,59312.94,36105.52,82.57,4916.88,161597.53,12281.56,5116.35,27464.68,5532.09,19370.46
14560,5650.44,59285.42,36283.78,74.49,4980.72,161942.73,12167.96,5091.92,27459.82,5526.58,19217.32
14576,5539.43,59578.37,36285.07,75.45,4983.45,162565.53,12008.16,5148.04,27642.12,5440.74,19014.76
14592,5583.04,59692.36,36060.24,85.94,4897.72,162432.89,12070.29,5224.98,27795.62,5373.00,19076.58
14608,5561.90,59868.83,35954.49,91.51,4863.44,162646.56,12024.26,5275.46,27923.05,5316.76,18998.33
14624,5545.62,60027.74,35857.68,96.79,4833.76,162854.84,11976.85,5319.22,28034.77,5268.42,18913.92
14640,5504.14,60402.43,35654.08,108.62,4779.88,163390.70,11847.33,5401.49,28248.70,5180.89,18699.45
14656,5479.62,60951.01,35290.20,131.48,4682.39,164151.42,11667.18,5535.02,28580.68,5051.69,18378.24
14672,5461.90,61562.32,34894.73,159.74,4587.92,165067.19,11444.76,5666.54,28903.18,4939.57,18002.29
14688,5574.17,61804.02,34453.57,190.74,4438.83,165388.78,11385.12,5843.05,29305.70,4785.85,17734.54
14704,5786.71,61780.43,33957.15,227.88,4239.15,165356.03,11423.91,6076.94,29826.46,4582.45,17476.28
14720,6037.32,61954.73,33276.86,287.36,4002.81,165802.91,11341.59,6364.35,30455.05,4371.70,17015.82
14736,6416.09,61877.86,32479.67,369.67,3695.15,166071.81,11319.20,6760.80,31305.91,4096.83,16443.76
14752,6803.54,61621.36,31790.60,455.62,3410.57,166218.89,11328.39,7151.49,32125.02,3853.81,15893.80
14768,7114.17,61270.52,31321.00,526.66,3194.01,166230.25,11363.09,7471.15,32783.81,3672.65,15453.15
14784,7358.54,60733.16,31070.36,580.06,3023.03,165926.94,11471.79,7754.37,33370.05,3508.39,15103.85
14800,7594.66,60280.91,30798.26,640.15,2862.10,165852.84,11517.69,8019.16,33894.42,3389.39,14742.11
14816,7713.92,59977.67,30685.00,672.80,2776.07,165778.28,11549.23,8168.54,34184.51,3330.14,14539.39
14832,7654.64,59517.54,30960.93,655.60,2767.51,164966.89,11766.85,8281.68,34470.34,3214.37,14449.92
14848,7487.69,59261.66,31369.82,611.10,2825.82,164054.83,12009.09,8316.70,34629.01,3109.78,14466.38
14864,7308.15,59075.15,31783.03,566.79,2891.85,163158.12,12251.82,8358.53,34806.72,3003.95,14459.38
14880,7060.01,59055.71,32295.34,505.25,3007.03,162101.41,12546.60,8376.82,34976.80,2880.33,14478.78
14896,6727.41,59497.57,32892.88,414.73,3227.99,160951.34,12890.58,8290.38,35007.23,2751.02,14633.67
14912,6480.19,60033.47,33328.03,345.06,3430.97,160104.09,13164.26,8202.38,35009.95,2651.34,14772.51
14928,6337.20,60612.94,33563.30,297.05,3602.56,159622.72,13344.38,8099.89,34951.26,2587.93,14913.00
14944,6312.70,61045.91,33573.24,276.63,3703.13,159584.59,13392.16,7990.40,34812.19,2575.48,15058.61
14960,6301.63,60758.93,33607.34,287.34,3642.10,159589.11,13361.43,8052.56,34874.76,2591.46,14996.02
14976,6251.97,60369.75,33729.78,298.13,3567.79,159458.98,13355.45,8163.49,35015.79,2602.38,14880.72
14992,6254.21,60577.67,33722.34,287.79,3616.86,159390.31,13398.80,8129.09,35006.47,2577.01,14900.25
15008,6263.87,61137.02,33726.41,259.98,3751.99,159084.31,13553.45,8083.01,35086.48,2490.82,14867.57
15024,6237.80,61498.08,33820.93,237.86,3845.91,158675.06,13708.09,8113.24,35260.22,2417.49,14760.84
15040,6217.97,61702.41,33894.47,224.70,3900.11,158389.77,13809.43,8148.52,35394.03,2372.29,14674.20
15056,6313.63,62084.13,33739.30,216.17,3997.17,158341.45,13902.44,8096.17,35450.46,2302.98,14624.07
15072,6406.60,62351.17,33579.79,213.35,4070.91,158354.58,13969.57,8049.94,35494.88,2246.58,14576.89
15088,6513.80,62671.33,33416.82,209.02,4163.88,158265.48,14079.53,8031.10,35620.79,2173.05,14468.77
15104,6627.69,62941.80,33235.27,208.31,4250.35,158212.48,14182.14,8013.73,35748.44,2102.34,14355.40
15120,6749.04,63161.52,33030.64,211.15,4332.67,158188.66,14282.71,7999.87,35888.36,2031.43,14228.20
15136,6912.10,63466.42,32776.71,214.41,4450.95,158050.97,14447.87,8018.33,36142.45,1936.27,14020.55
15152,7141.51,63872.58,32433.27,221.29,4621.25,157778.31,14703.47,8080.65,36556.43,1809.06,13704.04
15168,7408.43,64035.05,31911.67,250.11,4775.37,157872.09,14911.96,8080.96,36922.07,1671.37,13385.26
15184,7613.49,64190.47,31536.49,272.28,4910.37,157798.44,15117.75,8130.17,37288.38,1568.50,13105.61
15200,7773.47,64300.49,31245.63,291.14,5021.11,157691.83,15295.60,8190.21,37607.95,1492.97,12879.65
15216,7828.69,64577.18,31284.07,280.81,5083.56,157259.03,15411.85,8290.24,37766.52,1494.78,12833.82
15232,8040.69,65302.79,31277.33,263.60,5278.93,156083.34,15756.26,8574.46,38221.88,1504.73,12723.88
15248,8342.60,65931.37,31048.14,269.71,5528.35,154953.47,16183.06,8887.33,38819.80,1493.24,12542.19
15264,8503.25,66497.05,31105.91,256.84,5656.23,154064.19,16383.77,9081.33,39000.36,1546.15,12604.14
15280,8603.54,66974.06,31248.78,239.86,5722.82,153413.31,16467.18,9192.94,38990.01,1609.61,12739.30
15296,8808.31,67498.72,31225.23,237.02,5871.09,152499.80,16680.32,9393.71,39139.25,1679.22,12857.53
15312,9098.85,68079.52,31087.31,246.10,6087.17,151327.33,16991.52,9669.99,39372.79,1770.59,13010.87
15328,9246.00,68443.26,31089.52,245.69,6180.14,150726.58,17099.73,9782.32,39375.84,1831.77,13147.28
15344,9258.06,68478.80,31096.48,245.13,6184.56,150691.88,17102.41,9786.17,39371.28,1834.50,13153.12
15360,9216.82,68168.53,30897.81,263.69,6211.29,150828.41,17210.12,9842.72,39638.16,1804.18,13034.18
15376,9100.17,67660.08,30666.08,288.08,6217.08,151178.12,17332.28,9900.68,40016.07,1755.28,12853.62
15392,8899.73,67147.47,30605.12,300.92,6137.12,151902.17,17339.15,9869.95,40342.51,1675.69,12603.39
15408,8707.78,66667.59,30551.30,316.18,6069.60,152562.72,17374.43,9868.29,40698.72,1611.74,12386.76
15424,8620.83,66316.14,30386.06,338.37,6096.88,152681.17,17510.04,9960.00,40985.03,1610.86,12345.42
15440,8556.89,66060.27,30263.00,355.70,6122.50,152737.38,17622.22,10039.80,41199.34,1618.32,12337.57
15456,8463.69,65738.49,30129.54,377.04,6148.93,152825.30,17760.01,10139.88,41458.16,1632.01,12343.80
15472,8423.49,65471.77,29928.77,400.66,6225.25,152597.12,17920.29,10260.98,41587.24,1673.80,12442.03
15488,8433.09,65390.96,29818.22,410.69,6276.00,152375.88,17986.33,10311.20,41577.11,1698.49,12508.86
15504,8444.07,65309.88,29702.42,420.73,6329.75,152129.67,18045.03,10354.57,41538.54,1722.27,12575.26
15520,8459.55,64994.04,29293.95,458.02,6525.52,151199.91,18230.24,10484.61,41289.51,1803.73,12809.40
15536,8394.92,64460.23,28806.62,513.95,6756.08,150199.66,18503.01,10676.66,41071.88,1909.68,13099.58
15552,8320.78,63926.36,28334.59,572.12,6986.43,149195.98,18748.75,10842.47,40790.05,2006.40,13357.88
15568,8156.60,63199.41,27828.94,648.66,7240.53,148178.41,19088.53,11076.44,40550.09,2130.60,13675.99
15584,7912.10,62477.11,27507.72,721.14,7416.80,147627.42,19492.40,11373.78,40567.23,2270.10,14025.47
15600,7710.52,61778.23,27109.28,798.84,7638.97,146791.42,19814.66,11590.02,40337.33,2381.34,14287.94
15616,7535.55,61019.21,26565.80,890.70,7937.53,145540.27,20045.89,11707.00,39796.33,2453.11,14425.28
15632,7272.80,60152.45,26088.81,998.96,8235.05,144407.66,20404.51,11922.88,39352.56,2564.83,14645.37
15648,7022.95,59364.51,25677.70,1103.66,8511.89,143367.25,20728.80,12109.53,38908.84,2658.85,14806.81
15664,6681.18,58344.05,25187.09,1249.84,8880.05,142014.75,21167.43,12354.62,38293.84,2777.12,14977.58
15680,6351.58,57486.91,24884.78,1388.71,9192.02,140958.64,21678.36,12668.44,37807.61,2924.36,15204.75
15696,6148.31,56986.30,24739.73,1479.82,9388.08,140312.38,22024.04,12880.44,37485.16,3021.48,15339.48
15712,5990.91,56438.26,24404.80,1563.11,9609.69,139452.77,22063.53,12833.60,37045.25,2988.08,15180.16
15728,5903.20,56002.06,24033.76,1613.82,9769.63,138781.17,21861.50,12618.63,36743.49,2876.71,14896.96
15744,5770.01,55409.80,23564.60,1687.54,9981.94,137934.48,21599.73,12338.88,36398.79,2730.85,14535.20
15760,5556.61,54668.21,23102.76,1805.97,10280.35,136821.77,21487.70,12136.11,35903.99,2608.92,14172.50
15776,5367.11,54097.59,22816.78,1916.58,10542.78,135871.48,21520.35,12049.38,35444.18,2537.36,13904.91
15792,5190.27,53686.95,22731.34,2037.99,10817.43,134882.58,21796.85,12121.46,34844.06,2520.71,13678.38
15808,5092.80,53522.03,22786.65,2127.11,11015.08,134166.92,22103.27,12238.90,34340.63,2527.06,13510.32
15824,4924.82,53131.05,22733.08,2282.19,11361.61,132939.55,22376.14,12255.68,33637.48,2463.73,13145.53
15840,4838.59,53021.40,22896.27,2437.33,11703.58,131718.89,22830.23,12379.60,32806.22,2427.71,12755.47
15856,4737.55,52826.28,23014.90,2639.76,12143.67,130199.06,23222.29,12406.48,31920.59,2336.46,12248.69
15872,4681.99,52705.25,23096.74,2790.74,12468.34,129101.16,23451.64,12382.07,31338.61,2253.66,11877.54
15888,4566.93,52337.31,22942.79,2919.51,12738.20,128249.49,23364.92,12195.62,31140.96,2145.66,11652.23
15904,4385.51,51725.02,22642.65,3104.19,13113.89,127123.98,23103.17,11858.78,31058.29,1987.25,11429.82
15920,4227.01,51169.79,22346.32,3253.07,13404.39,126312.56,22803.89,11553.62,31142.02,1869.11,11343.23
15936,4159.73,50909.46,22244.97,3384.44,13668.70,125534.35,22667.63,11342.60,31092.97,1770.02,11220.06
15952,4125.93,50737.67,22207.69,3533.48,13971.30,124637.28,22549.22,11117.74,31027.26,1662.02,11091.30
15968,4030.71,50335.52,22003.79,3692.42,14265.92,123888.45,22243.74,10827.91,31235.44,1578.83,11136.39
15984,3959.38,49984.37,21832.65,3865.32,14584.16,123096.12,21928.07,10528.36,31481.12,1501.95,11218.19
16000,3914.42,49645.29,21682.91,4107.56,15031.19,121993.36,21519.86,10130.67,31837.55,1411.12,11369.30
16016,3950.46,49570.91,21695.07,4331.53,15461.17,120879.05,21229.67,9785.48,32091.82,1324.86,11482.78
16032,4050.98,49768.52,21862.23,4487.23,15788.85,119936.95,21114.14,9544.22,32180.46,1246.19,11521.25
16048,4159.25,49956.39,22016.92,4664.85,16149.50,118966.92,20927.29,9271.23,32392.61,1186.09,11651.59
16064,4288.11,50196.86,22198.78,4850.30,16525.64,117978.25,20719.34,8988.54,32664.98,1139.79,11834.29
16080,4436.96,50538.93,22437.53,5007.77,16862.77,117053.58,20568.15,8738.98,32897.32,1099.85,12006.48
16096,4615.29,51021.74,22763.76,5146.90,17191.36,116080.46,20470.48,8492.37,33101.93,1056.39,12182.16
16112,4785.08,51603.20,23154.04,5210.18,17413.10,115243.38,20523.24,8311.59,33146.81,998.44,12278.80
16128,4931.96,52059.74,23457.62,5299.29,17652.85,114491.64,20467.63,8123.47,33335.05,977.83,12456.20
16144,5074.65,52576.96,23805.65,5358.19,17861.57,113740.67,20468.06,7944.26,33489.69,953.42,12631.99
16160,5223.10,53104.95,24159.41,5432.23,18097.15,112958.59,20423.76,7749.51,33721.91,946.86,12855.02
16176,5322.66,53465.32,24402.09,5489.15,18271.50,112407.56,20365.43,7606.44,33933.09,954.89,13039.39
16192,5412.57,53984.11,24779.63,5487.83,18417.97,111671.52,20439.83,7429.41,34102.26,940.77,13269.89
16208,5473.87,54419.11,25108.26,5476.98,18538.55,111023.25,20508.99,7270.19,34277.76,936.66,13496.48
16224,5521.15,54869.81,25464.46,5455.68,18664.44,110304.70,20586.31,7089.89,34504.59,942.30,13771.84
16240,5584.89,55416.54,25896.89,5458.23,18862.56,109400.04,20600.96,6858.42,34881.57,977.33,14130.45
16256,5657.46,55950.03,26313.71,5490.06,19095.40,108518.91,20539.58,6633.95,35316.16,1034.00,14468.56
16272,5666.85,56153.36,26491.93,5488.49,19183.53,108120.45,20529.73,6530.19,35519.94,1062.36,14631.56
16288,5734.34,56445.45,26692.89,5554.79,19357.59,107724.22,20380.97,6438.37,35771.54,1108.27,14719.04
16304,5759.41,56697.18,26901.41,5584.57,19502.99,107268.66,20285.09,6327.31,36043.65,1155.79,14848.70
16320,5747.11,56867.49,27077.01,5584.59,19608.35,106834.50,20232.96,6216.68,36303.42,1200.97,14989.08
16336,5739.56,57078.30,27286.13,5599.38,19750.77,106340.48,20135.88,6099.21,36600.32,1255.59,15103.55
16352,5713.82,57313.55,27543.02,5611.34,19927.01,105711.06,20013.00,5952.32,36978.68,1326.88,15231.79
16368,5693.19,57435.93,27687.89,5619.49,20033.28,105347.70,19929.51,5871.74,37195.14,1368.90,15279.91
16384,5666.20,57408.15,27700.54,5604.40,20041.44,105245.08,19924.47,5843.25,37266.79,1382.78,15303.01
16400,5650.72,57325.07,27646.52,5583.93,19999.60,105297.12,19961.42,5845.13,37255.35,1380.60,15320.03
16416,5713.83,57194.98,27437.76,5581.49,19838.58,105858.58,20103.09,5958.87,36951.78,1323.03,15306.63
16432,5771.36,57141.45,27307.57,5589.11,19734.79,106258.22,20200.23,6041.70,36735.64,1282.98,15304.22
16448,5866.96,57150.25,27177.51,5617.12,19621.72,106778.29,20318.53,6153.63,36451.20,1231.74,15314.48
16464,6001.89,57318.15,27128.35,5690.46,19562.65,107334.05,20400.75,6295.91,36102.47,1169.72,15299.15
16480,6218.96,57747.23,27180.88,5845.00,19558.29,108104.88,20469.98,6522.43,35563.59,1076.38,15266.97
16496,6361.63,57967.03,27159.91,5924.91,19499.63,108670.59,20583.21,6658.20,35249.25,1026.92,15326.57
16512,6483.22,57979.91,26994.19,5933.68,19320.35,109232.09,20806.64,6725.69,35108.01,1013.84,15506.65
16528,6620.37,58049.54,26850.33,5954.76,19144.32,109823.05,21042.53,6794.58,34977.22,1006.08,15710.92
16544,6812.64,58122.40,26626.88,5967.09,18871.36,110604.67,21398.52,6851.24,34909.17,1019.74,16024.57
16560,6927.27,58142.89,26477.00,5963.06,18695.49,111031.80,21616.43,6862.39,34930.23,1039.62,16208.11
16576,7030.86,58131.38,26319.55,5945.50,18521.45,111371.25,21815.44,6847.83,35011.49,1068.06,16360.28
16592,7199.76,58246.38,26155.95,5953.26,18290.06,111931.77,22114.47,6839.93,35121.03,1112.50,16592.23
16608,7494.09,58703.46,26048.64,6046.21,17981.67,113016.25,22617.63,6883.85,35213.59,1181.99,17016.15
16624,7786.79,59025.62,25847.29,6084.21,17617.94,113908.98,23111.45,6841.27,35512.54,1280.88,17334.02
16640,8124.72,59093.90,25410.04,6013.41,17100.25,114537.88,23624.91,6645.09,36162.52,1425.63,17473.18
16656,8507.87,59386.53,25059.06,5999.96,16583.44,115344.67,24201.48,6465.29,36838.62,1586.53,17623.78
16672,8828.42,59881.58,24920.91,6068.55,16202.57,116235.00,24735.82,6364.89,37358.29,1729.87,17807.88
16688,9024.26,60392.53,24957.93,6176.85,15994.21,117004.71,25136.12,6338.58,37669.09,1833.79,17986.99
16704,9052.76,60784.07,25149.67,6302.21,15993.06,117568.09,25354.73,6404.71,37698.73,1885.14,18199.05
16720,9104.94,61222.42,25327.38,6430.91,15945.77,118188.36,25625.81,6438.90,37836.12,1956.74,18372.70
16736,9270.93,61624.79,25314.82,6492.26,15730.81,118659.22,25918.93,6345.02,38217.34,2039.24,18326.82
16752,9449.13,62192.25,25364.26,6595.93,15482.85,119304.50,26301.60,6233.10,38705.29,2146.06,18253.08
16768,9527.03,62750.16,25540.79,6739.16,15341.17,120011.33,26668.74,6180.09,39097.34,2250.93,18248.39
16784,9622.59,63037.06,25549.30,6781.85,15200.63,120266.25,26836.75,6102.59,39355.77,2293.47,18145.64
16800,9759.03,62881.54,25287.74,6662.54,15094.92,119801.99,26664.65,6032.84,39292.18,2232.68,18013.93
16816,9872.17,62741.86,25070.77,6560.93,15024.74,119389.99,26500.35,5992.45,39190.88,2177.58,17942.53
16832,10096.28,62688.79,24733.48,6415.94,14849.35,118771.41,26266.69,5897.87,39073.43,2085.99,17791.14
16848,10280.36,62570.92,24432.05,6277.13,14748.27,118158.64,26009.77,5860.50,38861.09,2000.59,17754.67
16864,10558.38,62583.68,24046.34,6110.16,14557.07,117363.86,25684.10,5788.79,38597.85,1881.73,17692.65
16880,10924.77,62769.51,23597.68,5925.90,14277.41,116402.08,25293.31,5691.78,38271.25,1733.12,17634.23
16896,11290.20,62983.30,23161.96,5745.86,14021.93,115408.06,24876.11,5632.20,37869.94,1589.73,17672.70
16912,11563.20,63117.16,22829.54,5603.64,13867.07,114611.67,24528.42,5629.67,37491.44,1489.44,17797.30
16928,11851.26,63541.77,22545.77,5497.50,13603.03,113823.12,24193.65,5579.77,37131.15,1370.70,17892.46
16944,12104.85,63863.27,22280.18,5390.97,13416.37,113068.72,23861.06,5584.48,36738.62,1279.25,18074.15
16960,12432.27,64176.11,21912.78,5233.56,13255.07,112046.42,23398.79,5661.22,36164.69,1191.26,18420.06
16976,12835.63,64691.86,21483.14,5053.04,13038.11,110745.16,22809.32,5777.88,35417.16,1094.29,18908.88
16992,13289.72,65403.26,21021.80,4862.82,12786.55,109223.61,22120.28,5945.86,34530.45,1006.06,19533.89
17008,13798.74,66267.79,20518.25,4656.67,12536.19,107476.32,21331.95,6191.71,33513.69,946.00,20301.03
17024,14193.95,67067.76,20143.02,4506.39,12334.24,106026.03,20679.15,6427.10,32666.84,922.77,20972.86
17040,14438.19,67740.73,19925.08,4422.74,12170.09,104987.98,20211.08,6607.70,32053.58,918.91,21474.16
17056,14731.39,68361.70,19638.83,4304.06,12080.50,103865.53,19715.99,6852.73,31450.13,955.68,21970.24
17072,15008.13,69044.76,19368.80,4191.74,11999.83,102721.48,19217.47,7123.00,30866.20,1014.55,22445.45
17088,15291.06,69670.68,19083.94,4070.20,11975.87,101638.13,18760.24,7406.89,30383.09,1097.60,22820.84
17104,15575.83,69922.61,18777.31,3932.67,12089.43,100963.44,18506.33,7622.54,30220.74,1184.90,22904.17
17120,15796.80,70362.63,18539.55,3826.84,12138.53,100198.61,18208.47,7853.29,29998.10,1276.06,23028.50
17136,15894.02,71216.66,18429.08,3778.96,12040.60,99109.67,17750.33,8156.48,29550.62,1387.01,23330.32
17152,15857.61,72142.83,18453.98,3791.11,11861.86,98033.61,17278.66,8456.40,29045.56,1498.49,23685.24
17168,15934.06,72774.50,18352.18,3743.74,11846.75,97247.41,16977.24,8695.80,28855.00,1601.67,23742.29
17184,15960.01,73269.25,18300.68,3717.65,11828.28,96645.56,16748.68,8882.24,28728.44,1684.49,23754.20
17200,15902.17,73358.79,18358.10,3742.65,11773.11,96508.12,16674.38,8928.21,28627.56,1705.43,23824.32
17216,15850.91,73412.94,18408.42,3764.09,11729.11,96405.14,16617.59,8964.65,28555.24,1722.88,23866.23
17232,15802.29,73652.34,18434.20,3770.47,11696.45,96093.97,16496.53,9063.18,28505.71,1767.58,23830.39
17248,15678.43,73742.35,18558.96,3823.60,11594.45,95871.72,16371.59,9145.51,28355.96,1807.92,23900.15
17264,15482.87,73518.27,18817.43,3945.62,11391.75,95830.08,16246.29,9202.96,28024.73,1847.60,24161.42
17280,15328.99,73219.38,19052.30,4060.77,11208.38,95850.25,16145.80,9249.27,27715.84,1885.52,24405.27
17296,15108.04,73342.20,19280.80,4155.85,11041.89,95397.89,15917.30,9419.15,27544.69,1966.16,24381.14
17312,14784.07,73460.21,19637.69,4307.07,10789.92,94721.97,15574.47,9681.89,27312.06,2091.06,24302.30
17328,14543.67,73324.89,19970.60,4460.02,10550.57,94282.77,15301.95,9891.63,27057.40,2199.66,24289.28
17344,14217.32,73240.66,20410.31,4657.09,10253.90,93562.62,14920.60,10200.67,26837.81,2346.45,24123.21
17360,13915.08,72696.73,21004.36,4952.91,9827.09,92887.44,14451.46,10593.39,26415.71,2557.06,24019.25
17376,13650.04,71793.32,21742.67,5343.92,9291.80,92150.88,13879.28,11102.32,25881.44,2840.01,23867.62
17392,13549.10,70685.81,22414.00,5731.85,8787.23,91622.25,13362.28,11598.40,25337.03,3132.78,23734.00
17408,13515.17,69725.40,22982.73,6070.39,8371.51,91117.64,12915.88,12049.69,24969.24,3386.01,23509.16
17424,13565.89,68691.23,23528.90,6415.41,7965.99,90637.09,12472.65,12522.86,24645.64,3648.12,23220.64
17440,13802.29,67548.42,23918.55,6717.90,7615.44,90473.07,12111.47,12954.73,24252.81,3917.81,23012.04
17456,14143.02,66574.75,24077.78,6915.34,7384.86,90643.34,11894.92,13265.73,23846.04,4149.23,22931.39
17472,14552.24,65789.10,24029.52,7017.73,7255.34,91110.23,11794.81,13485.81,23396.74,4363.85,22955.52
17488,14805.08,65353.14,23982.48,7073.70,7185.53,91383.27,11733.79,13625.24,23153.24,4492.22,22936.47
17504,14866.26,65470.09,23788.99,6987.58,7267.46,91759.84,11846.77,13544.01,22994.66,4508.61,23109.86
17520,14847.92,65553.86,23749.08,6958.04,7299.14,91821.28,11888.90,13496.50,22985.68,4491.52,23173.65
17536,14720.79,65860.22,23684.86,6876.40,7393.17,91914.04,12013.27,13342.86,22991.97,4430.08,23363.49
17552,14632.50,66158.55,23557.50,6779.61,7497.51,92163.97,12148.42,13215.82,22895.22,4418.84,23554.66
17568,14454.86,66891.00,23168.47,6528.65,7761.04,92977.62,12474.38,12976.83,22521.76,4479.22,23952.90
17584,14230.36,67595.40,22880.66,6310.48,8007.21,93646.77,12781.68,12744.57,22207.59,4529.92,24321.62
17600,14025.80,68092.14,22753.47,6170.99,8182.15,94027.70,13011.44,12551.11,22018.47,4549.79,24615.07
17616,13837.24,68581.35,22601.22,6029.91,8355.98,94480.02,13227.88,12403.48,21784.50,4608.89,24836.93
17632,13586.67,69075.40,22548.26,5899.48,8544.65,94846.77,13485.21,12195.67,21566.46,4652.19,25132.01
17648,13270.26,69753.40,22427.42,5714.34,8805.58,95468.88,13817.42,11984.40,21208.62,4767.38,25409.93
17664,13044.20,70092.97,22498.50,5629.17,8973.85,95711.42,14076.85,11765.00,21008.73,4815.80,25709.83
17680,13036.01,70056.92,22559.54,5639.87,8980.65,95655.02,14113.53,11709.33,21005.22,4807.14,25799.57
17696,13056.41,69945.77,22652.38,5670.69,8967.75,95522.39,14140.14,11643.60,21026.33,4785.95,25913.57
17712,13174.98,69640.17,22779.20,5756.93,8879.46,95173.79,14091.59,11593.55,21154.37,4716.56,26050.39
17728,13328.07,69399.75,22759.61,5833.28,8751.16,94858.90,13937.92,11653.56,21348.21,4631.44,26065.51
17744,13516.96,69150.52,22681.85,5926.00,8577.53,94455.83,13711.97,11754.32,21629.88,4509.54,26088.95
17760,13657.55,68870.70,22752.48,6013.99,8475.42,94104.94,13645.53,11717.01,21761.58,4444.30,26235.70
17776,13650.25,68844.90,22806.58,6010.87,8504.03,94148.17,13705.92,11675.81,21689.15,4475.76,26239.32
17792,13463.28,69272.77,22633.24,5885.31,8615.36,94622.89,13708.19,11811.63,21606.40,4525.74,25971.88
17808,13139.20,70151.55,22140.73,5677.13,8711.17,95275.22,13491.52,12189.82,21760.00,4482.21,25572.77
17824,12810.46,71063.81,21623.87,5481.90,8781.50,95836.45,13219.17,12589.45,22026.49,4390.08,25279.51
17840,12499.78,71861.50,21237.76,5297.82,8891.08,96422.64,13030.71,12930.82,22225.81,4327.01,25025.59
17856,12081.47,72851.02,20855.18,5039.66,9110.68,97347.39,12873.93,13359.81,22409.52,4281.93,24669.78
17872,11745.46,73690.49,20498.87,4848.60,9245.23,97955.70,12670.94,13721.08,22691.28,4186.87,24538.93
17888,11411.17,74561.77,20103.91,4678.34,9334.82,98404.89,12405.99,14071.25,23078.18,4044.28,24575.43
17904,11223.96,75008.99,19957.36,4559.26,9449.93,98838.00,12313.88,14290.98,23241.34,3992.45,24516.00
17920,11124.77,75245.99,19884.14,4492.83,9516.17,99079.92,12258.71,14416.07,23346.30,3956.87,24505.90
17936,11131.08,75199.77,19952.88,4462.33,9590.82,99319.70,12309.57,14475.82,23308.61,3979.23,24386.94
17952,11149.99,75120.50,20045.69,4426.95,9682.81,99614.47,12368.78,14553.90,23276.33,3999.86,24259.88
17968,11191.98,74989.15,20161.00,4397.17,9778.12,99920.42,12436.93,14635.98,23244.57,4019.71,24133.99
17984,11216.55,74917.85,20221.38,4380.63,9830.33,100091.15,12467.26,14688.91,23243.88,4022.93,24082.46
18000,11305.36,74683.01,20366.39,4377.26,9908.00,100347.03,12556.71,14752.64,23194.24,4047.76,23958.28
18016,11324.33,74633.49,20424.29,4343.91,9979.98,100579.89,12558.31,14843.09,23256.90,4023.24,23971.60
18032,11339.78,74599.59,20482.70,4295.17,10070.36,100867.52,12535.20,14963.28,23371.39,3976.30,24040.63
18048,11519.31,74142.41,20725.93,4322.41,10173.50,101238.27,12687.90,15074.29,23322.37,3998.12,23902.42
18064,11803.34,73445.20,21121.74,4328.09,10391.53,101986.03,12864.48,15336.27,23394.09,3971.11,23848.98
18080,12310.32,72213.20,21798.73,4387.38,10731.57,103174.14,13197.95,15765.68,23506.72,3934.86,23785.81
18096,12793.43,71122.28,22458.31,4358.67,11166.18,104587.03,13351.74,16316.09,23913.45,3784.35,24074.64
18112,13226.15,70175.23,23039.62,4332.98,11563.34,105855.12,13445.67,16823.38,24354.52,3624.01,24450.42
18128,13660.08,69231.13,23613.23,4330.78,11946.45,107075.72,13535.26,17319.82,24812.67,3461.88,24873.41
18144,14162.52,68131.17,24276.19,4362.28,12376.23,108452.19,13653.53,17890.23,25353.03,3277.64,25397.91
18160,14685.11,66943.14,24981.43,4461.55,12805.08,109871.11,13847.42,18500.86,25911.36,3098.20,25962.53
18176,15090.22,65964.89,25560.17,4603.15,13139.70,111036.16,14077.12,19031.99,26379.57,2956.80,26460.78
18192,15215.45,65520.63,25806.96,4777.24,13237.60,111537.84,14358.26,19323.51,26552.29,2916.57,26681.62
18208,15289.88,65168.98,26009.14,4957.28,13317.43,111998.11,14636.85,19611.49,26736.79,2873.29,26929.26
18224,15448.24,64648.25,26335.60,5128.79,13506.41,112760.78,14856.74,20010.02,27103.78,2769.30,27358.04
18240,15430.83,64415.68,26497.43,5366.22,13579.52,113291.25,15203.85,20387.53,27389.76,2700.45,27755.54
18256,15462.39,64144.57,26696.42,5541.18,13706.87,113886.58,15414.68,20734.48,27721.26,2610.39,28152.74
18272,15633.35,63568.30,27107.54,5715.96,14000.52,114919.97,15524.31,21200.60,28260.75,2453.16,28690.27
18288,15772.32,63077.98,27474.61,5870.23,14275.17,115861.41,15590.07,21605.69,28749.04,2312.93,29143.10
18304,15820.19,62820.40,27689.65,5987.35,14447.91,116480.61,15644.29,21879.50,29078.16,2220.90,29437.45
18320,15849.24,62671.92,27815.58,6045.62,14551.52,116828.17,15649.70,22013.70,29248.04,2173.59,29563.05
18336,15844.97,62644.77,27846.72,6068.12,14582.03,116940.66,15654.42,22059.34,29305.09,2157.91,29601.40
18352,15743.69,62823.18,27748.23,6108.10,14530.08,116903.80,15749.46,22125.53,29360.41,2143.67,29710.03
18368,15807.53,62539.02,27987.26,6171.91,14726.29,117454.14,15655.28,22241.07,29532.18,2098.25,29706.67
18384,15837.65,62195.20,28325.78,6306.11,15029.87,118358.45,15539.91,22456.15,29829.58,2025.32,29712.92
18400,15825.97,61926.50,28634.05,6449.89,15325.38,119245.53,15426.41,22656.31,30100.49,1966.27,29671.13
18416,15886.24,61545.14,28998.78,6541.83,15630.75,120002.66,15224.70,22710.21,30196.47,1960.17,29446.38
18432,16019.97,61043.54,29423.64,6583.65,15942.09,120615.00,14947.06,22621.38,30118.61,2005.04,29074.39
18448,16157.57,60582.22,29800.16,6594.81,16195.87,121021.17,14688.24,22468.87,29953.16,2071.36,28710.20
18464,16260.01,60280.33,30031.05,6581.83,16331.96,121167.20,14527.70,22331.63,29796.04,2124.73,28489.29
18480,16468.20,59907.03,30211.77,6472.35,16342.95,120851.19,14411.04,22089.39,29517.16,2190.85,28383.32
18496,16815.16,59247.46,30555.98,6298.17,16379.15,120329.90,14219.42,21684.90,29054.62,2299.48,28258.20
18512,17199.75,58651.64,30781.36,6078.42,16277.50,119485.31,14161.26,21342.01,28680.09,2365.81,28389.70
18528,17485.12,58112.32,31061.33,5932.15,16274.37,118947.03,14065.95,21046.52,28356.67,2432.00,28457.62
18544,17743.03,57773.34,31141.27,5781.84,16134.89,118283.13,14133.35,20930.80,28260.32,2425.41,28726.32
18560,18064.21,57312.50,31284.21,5602.53,15982.08,117484.70,14216.00,20799.08,28163.13,2412.12,29073.64
18576,18539.39,56696.20,31424.36,5341.56,15698.26,116277.08,14430.12,20732.34,28186.35,2347.33,29667.94
18592,18942.02,55958.86,31783.11,5125.71,15581.78,115265.06,14507.45,20533.30,28052.30,2335.47,30169.90
18608,18909.93,56008.92,31764.13,5143.19,15597.58,115350.00,14493.42,20539.14,28050.29,2340.01,30123.87
18624,18948.16,56269.17,31443.60,5147.09,15426.50,115425.39,14659.77,20814.62,28350.17,2273.35,30020.19
18640,18901.52,56506.45,31250.39,5189.60,15390.66,115662.77,14689.96,20930.46,28447.16,2265.90,29861.50
18656,18575.45,57104.90,31019.25,5383.45,15594.87,116579.51,14470.33,20852.01,28232.91,2370.69,29446.49
18672,18391.43,57691.73,30662.68,5538.58,15672.25,117379.33,14363.34,20905.50,28164.18,2446.00,29026.27
18688,18329.96,57965.37,30477.58,5608.21,15696.39,117753.83,14320.28,20938.04,28134.43,2483.96,28825.63
18704,18226.20,57980.43,30580.83,5633.62,15794.53,117776.44,14240.18,20817.58,28016.67,2500.58,28920.68
18720,18235.23,57747.34,30772.62,5575.67,15782.19,117427.51,14287.70,20807.59,28078.28,2456.58,29078.71
18736,18247.30,57602.29,30882.42,5536.17,15760.57,117200.52,14333.21,20825.99,28144.57,2424.56,29154.25
18752,18259.73,57515.85,30938.23,5511.20,15737.83,117073.89,14368.36,20853.88,28196.76,2406.75,29167.77
18768,18172.11,57477.05,31073.67,5506.63,15791.51,116903.53,14360.76,20802.86,28203.87,2379.77,29300.44
18784,17999.64,57666.50,31132.42,5571.16,15946.78,116972.25,14249.23,20636.13,28072.85,2380.32,29505.56
18800,17783.97,57919.26,31203.89,5653.40,16142.74,117032.37,14119.37,20436.43,27934.25,2371.45,29773.44
18816,17531.81,58113.55,31378.23,5712.93,16335.80,116861.30,14046.80,20281.23,27911.28,2320.53,30066.89
18832,17116.12,58348.82,31748.53,5775.34,16607.52,116340.02,14024.63,20138.29,28040.35,2201.64,30455.53
18848,16606.27,58671.74,32212.41,5854.33,16936.29,115621.52,14045.36,20026.88,28293.46,2043.45,30856.77
18864,16258.50,58954.72,32508.58,5921.34,17169.74,115131.45,14074.14,19977.29,28502.80,1935.16,31078.92
18880,15967.30,59408.33,32644.16,6043.91,17456.80,114895.28,14026.71,19851.87,28621.54,1845.35,31355.38
18896,15719.17,59905.35,32718.49,6179.54,17746.37,114720.60,13975.12,19733.41,28744.12,1760.81,31594.99
18912,15497.79,60381.44,32788.79,6306.39,18013.09,114513.08,13952.88,19659.53,28906.86,1678.17,31756.48
18928,15260.99,60477.87,33086.89,6294.88,18062.08,113913.50,14126.08,19841.02,29225.18,1615.43,31558.79
18944,15022.18,60273.98,33534.52,6174.31,17924.03,113121.68,14419.96,20187.32,29566.39,1596.88,31127.49
18960,14721.96,60339.30,33962.96,6124.17,17908.16,112280.11,14706.88,20516.41,29974.20,1556.40,30718.36
18976,14508.00,60711.74,34151.30,6189.61,18063.79,111728.41,14864.68,20690.20,30331.70,1492.52,30479.46
18992,14378.62,61268.04,34164.40,6331.82,18332.71,111363.25,14944.19,20774.26,30680.60,1410.49,30320.56
19008,14375.25,61663.30,34053.89,6456.11,18549.36,111286.45,14938.15,20765.07,30876.08,1351.48,30274.70
19024,14276.83,61555.54,34232.80,6388.30,18441.55,111080.57,15026.54,20866.80,30864.12,1383.37,30195.03
19040,14197.18,61660.60,34334.64,6390.25,18452.14,110832.50,15116.66,20973.97,30965.34,1386.49,30066.45
19056,14236.26,61781.39,34251.73,6440.44,18536.81,110845.37,15104.29,20964.92,31042.09,1363.98,30032.96
19072,14405.06,61610.97,34011.99,6466.51,18577.42,111334.52,14921.00,20753.74,30948.75,1328.27,30216.22
19088,14468.00,61417.49,33934.80,6444.41,18539.71,111638.97,14810.19,20619.26,30832.89,1318.98,30367.47
19104,14543.20,61305.20,33826.96,6452.87,18556.45,111884.11,14720.21,20517.74,30805.36,1297.91,30435.15
19120,14582.16,61179.57,33771.36,6444.22,18545.75,112085.11,14647.20,20432.89,30765.55,1284.02,30499.28
19136,14565.85,61276.20,33796.34,6454.80,18559.26,111958.66,14692.10,20484.10,30788.94,1292.19,30466.67
19152,14424.73,61195.88,34007.96,6363.55,18399.45,111945.95,14687.67,20440.63,30585.34,1321.02,30658.61
19168,14477.58,60960.98,33908.41,6354.32,18402.00,112299.25,14562.29,20308.42,30598.13,1283.66,30667.73
19184,14478.08,60657.33,33873.86,6311.25,18352.01,112721.28,14410.17,20137.44,30566.74,1245.08,30713.88
19200,14493.82,60278.00,33796.55,6275.74,18326.97,113238.38,14231.69,19954.27,30604.10,1193.02,30682.58
19216,14580.47,59852.20,33594.19,6287.42,18396.42,113796.97,14056.79,19815.00,30800.25,1128.47,30483.01
19232,14612.43,59414.53,33460.58,6275.59,18429.07,114369.00,13877.77,19667.35,30978.68,1067.67,30290.70
19248,14584.42,58992.41,33408.18,6238.00,18418.21,114934.66,13698.74,19511.46,31124.54,1012.46,30121.79
19264,14610.97,58492.30,33241.68,6244.85,18502.08,115524.59,13539.54,19427.19,31431.91,957.50,29791.57
19280,14648.57,57936.71,33032.46,6271.54,18632.04,116115.53,13401.11,19395.04,31817.15,911.07,29395.17
19296,14643.38,57650.79,32953.80,6276.13,18686.46,116434.33,13326.87,19377.40,32018.76,889.01,29186.19
19312,14475.59,57354.93,33104.28,6180.81,18579.74,117015.77,13136.99,19202.19,32153.36,840.46,28990.93
19328,14310.02,57110.38,33264.09,6088.87,18475.55,117559.38,12961.31,19044.85,32296.69,797.26,28786.79
19344,14174.54,57048.08,33444.44,6004.05,18353.43,117913.16,12829.91,18901.69,32343.84,764.72,28676.65
19360,14208.94,56969.47,33359.33,6036.61,18418.43,117865.44,12865.58,18963.09,32381.93,775.21,28672.22
19376,14397.64,56699.67,32950.27,6205.47,18726.86,117449.31,13086.26,19275.11,32442.72,837.71,28792.73
19392,14558.25,56125.58,32427.02,6419.97,19166.67,117081.09,13362.15,19720.80,32615.84,928.31,28919.45
19408,14775.40,55418.12,31744.79,6717.06,19746.00,116445.86,13769.33,20306.17,32698.09,1058.03,29254.81
19424,15002.50,54701.06,31037.00,7043.07,20356.10,115661.37,14231.74,20910.29,32654.45,1200.74,29746.39
19440,15099.08,54335.04,30698.86,7205.01,20656.32,115259.68,14465.41,21199.76,32595.65,1271.04,30024.30
19456,15207.06,54383.59,30580.20,7260.64,20700.64,114981.23,14531.08,21205.08,32450.76,1271.80,30132.95
19472,15287.48,54333.04,30440.09,7327.79,20784.98,114718.49,14616.57,21252.66,32329.96,1282.00,30256.74
19488,15408.16,54415.09,30329.02,7377.28,20796.96,114440.36,14653.51,21197.04,32167.93,1264.97,30305.48
19504,15373.33,54142.82,30191.74,7452.03,20965.97,114258.45,14786.38,21359.99,32101.17,1302.60,30501.29
19520,15229.73,53683.66,30062.70,7537.01,21224.98,114116.41,14985.28,21651.77,32050.73,1372.43,30821.58
19536,14952.15,53312.26,30170.36,7518.12,21392.61,114394.61,15101.55,21975.67,32197.25,1460.32,31091.31
19552,14786.65,53085.06,30224.96,7516.38,21508.54,114510.89,15190.89,22175.72,32242.91,1513.14,31284.21
19568,14755.99,52782.50,30026.94,7629.91,21705.75,114109.50,15355.56,22267.14,32014.06,1520.29,31457.44
19584,14674.61,52272.73,29720.88,7815.42,22034.40,113446.34,15626.83,22401.88,31624.96,1524.30,31705.36
19600,14408.22,51455.65,29401.16,8060.37,22574.15,112603.76,16081.56,22720.99,31062.11,1559.44,32174.21
19616,14120.58,50848.35,29275.39,8213.78,22999.28,112090.28,16450.96,23035.10,30653.12,1604.62,32585.08
19632,13878.35,50532.69,29330.87,8261.00,23256.71,111941.78,16694.32,23312.65,30432.76,1656.00,32920.14
19648,13767.02,50224.95,29205.37,8367.64,23464.86,111550.27,16857.80,23362.25,30193.28,1643.90,32968.17
19664,13567.16,49989.34,29261.67,8413.48,23693.52,111354.80,17077.42,23562.25,29948.91,1668.60,33178.56
19680,13354.23,49763.75,29341.64,8458.18,23937.78,111145.47,17315.21,23769.32,29678.21,1690.57,33376.93
19696,13209.88,49490.66,29273.12,8553.63,24148.89,110767.26,17475.54,23795.03,29447.82,1666.99,33340.59
19712,13004.88,48947.50,29010.32,8772.04,24482.83,109961.16,17663.45,23653.51,29130.47,1585.15,33043.97
19728,12933.28,48537.71,28688.63,8955.08,24627.33,109375.27,17658.65,23386.41,29074.43,1507.33,32683.85
19744,12920.45,48377.06,28539.72,9027.35,24654.95,109175.80,17621.41,23259.26,29103.66,1479.71,32543.51
19760,12969.14,48492.62,28598.04,8977.56,24590.96,109350.22,17603.51,23320.64,29131.32,1500.51,32640.54
19776,12826.08,48161.54,28431.48,9119.83,24767.54,108864.73,17642.66,23140.23,29076.46,1444.47,32374.97
19792,12603.68,47800.45,28333.22,9283.35,25059.62,108215.88,17772.19,22964.33,28922.35,1370.77,32029.88
19808,12326.02,47320.58,28169.31,9508.77,25407.02,107389.22,17875.83,22677.88,28833.57,1281.62,31586.49
19824,11955.52,46675.83,27935.06,9825.40,25855.02,106294.02,17958.19,22244.88,28830.50,1174.73,31025.40
19840,11699.25,46296.39,27844.65,10030.72,26190.70,105539.18,18045.48,21966.88,28812.83,1104.53,30647.58
19856,11315.34,45656.20,27615.66,10377.05,26639.09,104442.61,18051.85,21470.07,28991.99,1026.71,30195.99
19872,10958.88,44988.42,27308.45,10728.82,26981.88,103521.72,17936.49,20975.98,29337.31,991.16,29950.71
19888,10654.19,44462.39,27092.71,11030.70,27295.40,102730.64,17839.24,20557.39,29661.75,972.87,29797.38
19904,10442.79,44080.86,26917.72,11246.29,27479.55,102246.66,17727.79,20278.38,29940.81,978.48,29788.46
19920,10367.61,43905.34,26803.99,11325.51,27491.17,102165.52,17640.06,20200.03,30076.38,994.80,29866.14
19936,10314.37,43779.76,26719.36,11379.83,27487.63,102135.03,17570.00,20157.15,30172.64,1009.96,29943.72
19952,10213.15,43703.20,26760.67,11491.67,27693.78,101715.91,17573.06,19969.26,30314.38,1006.20,29905.62
19968,10161.58,43646.56,26758.45,11549.84,27772.72,101549.11,17551.58,19887.39,30400.36,1011.44,29927.36
19984,10208.95,43730.20,26803.20,11498.16,27753.06,101604.34,17609.57,19926.85,30313.60,996.00,29843.03
20000,10300.99,43977.06,27002.13,11429.62,27872.09,101411.47,17766.21,19873.92,30229.79,961.67,29650.90
20016,10530.13,44461.96,27338.04,11231.83,27984.03,101260.02,18086.76,19857.09,29990.77,892.09,29257.02
20032,10721.31,44745.14,27465.05,11011.30,27868.78,101524.67,18335.80,20003.96,29657.82,830.05,28894.01
20048,10757.21,44790.92,27479.80,10963.27,27832.81,101601.73,18389.17,20043.10,29578.64,815.97,28808.91
20064,10748.21,44767.09,27459.21,10962.34,27811.34,101643.00,18386.51,20061.85,29559.24,814.10,28795.18
20080,10837.21,44924.37,27559.15,10879.27,27838.25,101593.30,18506.42,20035.37,29509.83,794.95,28690.70
20096,10960.86,45145.29,27704.78,10769.10,27896.14,101476.35,18667.64,19968.65,29485.71,775.29,28591.92
20112,10992.96,45255.86,27811.23,10810.38,28031.08,101225.09,18632.03,19865.32,29622.86,794.79,28715.16
20128,10871.19,45086.67,27724.10,10989.27,28058.33,101212.84,18400.58,19906.80,29702.30,825.67,28861.22
20144,10555.97,44540.75,27357.76,11309.59,27867.93,101686.33,17994.59,20220.20,29553.52,843.58,28838.22
20160,10099.67,43727.15,26797.48,11784.08,27526.96,102562.67,17445.59,20783.54,29192.32,851.94,28620.61
20176,9737.30,43070.59,26339.48,12199.01,27223.91,103392.59,17018.46,21319.21,28802.57,848.96,28312.65
20192,9486.65,42649.20,26063.05,12673.17,27089.53,103981.17,16538.40,21803.19,28508.65,869.14,28068.73
20208,9321.59,42386.98,25899.66,13168.69,27039.12,104473.56,16055.04,22280.74,28230.10,896.51,27806.38
20224,9180.53,42128.71,25716.79,13536.14,26910.69,105049.30,15755.99,22721.39,27890.44,893.31,27456.62
20240,9067.66,41906.88,25550.48,13851.03,26769.04,105626.56,15537.50,23130.28,27542.06,878.22,27088.02
20256,9024.88,41816.38,25477.83,14014.11,26697.23,105933.52,15436.78,23344.96,27349.51,866.32,26880.89
20272,8954.12,41660.37,25352.18,14102.92,26564.54,106274.14,15435.85,23500.89,27171.29,841.30,26709.26
20288,8851.18,41436.68,25177.00,14103.66,26385.40,106594.92,15533.48,23565.67,27050.63,810.73,26623.52
20304,8800.75,41325.64,25089.55,14099.96,26295.65,106747.05,15590.19,23584.72,27003.79,796.32,26601.27
20320,8813.17,41319.84,25058.17,14281.45,26215.73,107126.38,15521.60,23828.84,26748.84,764.98,26342.59
20336,8973.36,41656.65,25308.74,14389.37,26438.54,106912.23,15308.79,23948.75,26691.38,781.94,26187.47
20352,9162.25,42033.18,25572.31,14588.96,26633.70,106898.30,15064.97,24211.52,26477.87,777.65,25875.68
20368,9215.96,42186.22,25717.46,14517.42,26817.42,106510.81,14971.75,24139.54,26592.85,809.30,25901.14
20384,9218.13,42230.50,25782.04,14430.49,26932.48,106205.34,14927.79,24051.77,26708.63,836.01,25946.09
20400,9189.68,42244.70,25853.18,14264.75,27107.93,105689.18,14868.57,23890.43,26914.44,882.84,26022.28
20416,9189.51,42324.16,25976.91,14131.86,27327.81,105174.02,14757.02,23804.83,27046.46,923.82,25994.67
20432,9122.78,42189.68,25887.38,14060.90,27286.11,105097.84,14813.29,23692.29,27164.93,941.31,26101.07
20448,9106.38,42098.03,25776.13,14112.18,27127.14,105377.02,14918.97,23667.58,27171.15,929.47,26211.64
20464,9032.23,42016.00,25782.79,13966.75,27265.04,104948.20,14848.24,23579.92,27284.64,963.29,26155.93
20480,8829.37,41646.98,25587.73,13707.34,27307.57,104393.25,14871.63,23302.27,27602.60,1033.59,26224.53
20496,8669.86,41358.17,25442.61,13502.85,27366.14,103921.40,14863.20,23113.93,27821.68,1087.53,26212.74
20512,8563.68,41160.50,25341.65,13368.01,27407.13,103601.05,14851.72,22996.90,27958.44,1123.29,26180.86
20528,8577.90,41164.39,25321.67,13393.75,27355.25,103695.73,14888.94,22976.44,27979.96,1124.06,26233.70
20544,8566.90,41114.96,25270.57,13385.02,27311.21,103701.79,14922.08,22923.77,28038.74,1135.35,26264.09
20560,8543.63,41034.65,25198.59,13360.98,27266.73,103669.72,14953.68,22858.42,28110.32,1150.36,26278.52
20576,8601.43,40958.42,24990.92,13438.92,26938.69,104002.86,15195.31,22584.40,28424.20,1206.28,26521.39
20592,8752.07,40954.34,24725.45,13611.93,26413.04,104611.44,15590.49,22158.05,28928.02,1300.72,26901.50
20608,9017.02,41202.85,24607.46,13908.95,25856.62,105500.00,16035.20,21757.32,29434.64,1397.64,27374.70
20624,9310.90,41532.58,24548.56,14229.32,25317.27,106405.23,16484.26,21355.05,29963.06,1507.11,27817.81
20640,9471.46,41800.14,24625.18,14418.87,25104.67,106920.09,16685.87,21214.65,30173.51,1551.84,28061.42
20656,9451.29,41793.00,24648.58,14405.20,25149.92,106891.23,16654.70,21257.08,30124.90,1540.82,28063.65
20672,9324.16,41520.61,24524.38,14237.21,25298.88,106438.27,16491.99,21366.43,29947.82,1501.23,27869.95
20688,9347.38,41268.86,24190.21,14135.49,25133.12,106044.31,16510.68,21186.21,30069.38,1528.48,27527.21
20704,9409.26,41230.05,24047.63,14135.77,24990.94,105960.33,16570.57,21051.76,30188.21,1555.15,27375.01
20720,9403.50,40893.91,23684.22,13959.25,24948.20,105325.82,16456.36,21033.75,30089.18,1530.77,26992.95
20736,9362.65,40554.90,23384.19,13769.94,25002.99,104710.36,16292.26,21119.16,29894.44,1485.70,26733.37
20752,9156.27,40071.98,23205.26,13488.63,25360.63,104076.05,15976.27,21474.44,29463.89,1391.38,26805.90
20768,8975.68,39480.11,22895.16,13146.85,25728.41,103225.59,15605.91,21874.44,28961.25,1283.87,26852.89
20784,8982.47,39111.28,22529.71,12917.29,25840.92,102438.72,15355.41,22094.94,28604.78,1205.61,26711.47
20800,9107.67,39230.10,22445.84,12966.06,25663.01,102340.66,15398.29,21992.60,28639.09,1207.81,26487.83
20816,9234.93,39558.29,22545.99,13142.63,25393.22,102617.08,15576.43,21753.99,28854.25,1247.58,26246.79
20832,9363.05,39743.26,22511.48,13219.82,25203.74,102561.50,15626.69,21657.88,28875.59,1246.24,26040.81
20848,9436.08,39844.16,22486.20,13257.83,25103.40,102503.35,15642.88,21620.08,28865.71,1240.80,25936.35
20864,9383.51,39721.82,22467.74,13201.45,25205.84,102489.83,15606.98,21674.38,28851.45,1241.69,26035.79
20880,9299.27,39423.81,22365.99,13048.17,25446.03,102355.62,15494.02,21829.80,28781.08,1237.57,26273.55
20896,9190.99,38933.84,22171.70,12790.68,25841.71,102122.39,15312.32,22079.29,28688.70,1239.62,26651.55
20912,9040.94,38507.19,22107.01,12612.26,26186.66,102220.81,15265.37,22170.50,28800.24,1284.54,26882.62
20928,8877.04,37989.43,22025.14,12401.95,26601.64,102394.59,15240.71,22240.12,28998.39,1354.88,27095.27
20944,8617.97,37372.05,22056.77,12221.70,27063.28,102974.58,15366.98,22138.40,29455.77,1481.85,27126.29
20960,8351.24,37011.46,22276.61,12224.64,27266.66,103815.20,15646.07,21835.75,29970.21,1595.84,26858.54
20976,8036.73,36760.83,22655.12,12355.13,27312.72,104923.62,16059.31,21368.31,30543.52,1701.16,26363.96
20992,7687.32,36488.88,23105.96,12534.22,27319.37,106207.55,16554.76,20813.04,31157.39,1804.79,25750.55
21008,7412.86,36018.62,23369.92,12572.37,27517.70,107327.44,16976.77,20356.67,31778.33,1927.43,25227.85
21024,7195.00,35612.54,23592.11,12613.88,27671.07,108288.88,17348.45,19959.59,32277.19,2020.21,24767.26
21040,6893.10,35200.11,23993.04,12777.11,27705.77,109587.95,17869.44,19410.02,32785.69,2088.58,24165.38
21056,6676.86,34853.38,24291.01,12901.18,27737.49,110597.77,18278.49,18989.07,33146.21,2131.06,23719.73
21072,6501.59,34520.34,24542.42,13008.16,27768.43,111493.28,18643.25,18622.84,33427.72,2156.67,23355.20
21088,6288.98,33901.11,24845.65,13115.48,27907.32,112906.81,19223.39,18053.60,33885.65,2201.74,22800.84
21104,6065.65,33256.68,25221.85,13283.87,27987.67,114444.17,19857.22,17461.27,34246.80,2212.49,22311.88
21120,5910.89,32537.63,25517.94,13403.96,28148.48,116007.01,20507.67,16874.88,34611.65,2225.98,21862.30
21136,5794.64,31715.18,25807.58,13525.03,28353.74,117751.81,21239.20,16245.66,34959.31,2228.05,21451.97
21152,5795.77,30925.25,25917.02,13537.63,28676.84,119311.93,21907.89,15681.41,35343.84,2253.43,21078.81
21168,5878.12,30350.23,25868.81,13466.72,29012.96,120410.69,22393.81,15272.02,35680.98,2289.09,20796.94
21184,6068.47,29971.91,25566.54,13231.47,29481.39,121093.36,22736.01,14947.54,36165.87,2382.54,20428.86
21200,6157.48,29802.15,25436.48,13133.57,29685.75,121438.39,22906.92,14794.13,36354.39,2413.30,20296.05
21216,6399.55,29420.67,25081.10,12875.25,30211.07,122304.12,23344.69,14407.82,36806.01,2481.89,20003.79
21232,6735.09,28844.75,24663.35,12583.28,30889.26,123697.38,24020.76,13864.91,37260.36,2523.15,19782.94
21248,7109.23,28515.86,24090.45,12188.56,31659.67,124823.12,24631.98,13350.26,37853.27,2610.42,19492.43
21264,7484.87,28305.54,23491.79,11782.43,32437.97,125876.11,25229.62,12857.88,38429.30,2696.27,19256.71
21280,7802.22,28370.24,22865.80,11350.14,33188.88,126560.76,25707.92,12432.66,39087.54,2817.71,18970.46
21296,8064.22,28463.66,22342.72,10992.93,33827.77,127195.52,26143.20,12068.94,39586.79,2901.03,18817.22
21312,8301.30,28557.00,21874.91,10678.04,34416.83,127871.14,26582.83,11727.62,39967.58,2951.16,18777.55
21328,8563.27,28790.46,21284.95,10276.21,35160.95,128649.68,27127.39,11308.16,40446.16,3014.06,18767.14
21344,8774.87,29027.15,20784.70,9936.38,35810.58,129375.19,27626.85,10944.28,40799.55,3048.57,18845.49
21360,8883.95,29427.04,20334.51,9607.97,36404.45,129811.23,28039.32,10614.95,41246.46,3115.60,18866.48
21376,8909.96,29900.14,19958.56,9313.91,36924.45,130052.56,28383.07,10322.02,41716.29,3194.59,18874.73
21392,8914.73,30302.85,19660.93,9077.10,37360.11,130298.25,28693.25,10074.53,42057.06,3242.56,18949.30
21408,8848.12,30752.61,19428.21,8866.11,37742.39,130381.34,28957.21,9842.31,42445.93,3305.43,19009.20
21424,8809.70,31065.20,19251.81,8711.73,38039.73,130540.08,29184.86,9667.87,42656.25,3327.20,19117.62
21440,8841.78,31121.96,19162.99,8656.45,38160.27,130752.47,29293.98,9617.07,42605.62,3300.83,19207.34
21456,8896.04,31289.78,18954.83,8521.73,38452.05,131246.41,29554.79,9497.80,42475.96,3235.10,19423.54
21472,8955.53,31373.66,18805.28,8436.95,38640.63,131646.08,29723.31,9443.02,42306.72,3174.45,19567.03
21488,8889.80,31684.25,18638.24,8284.79,38964.98,131988.16,30012.98,9275.03,42295.09,3126.93,19807.41
21504,8818.41,31805.92,18632.68,8246.95,39045.94,131961.78,30092.96,9202.14,42383.96,3130.85,19882.98
21520,8873.66,31856.23,18514.24,8192.84,39161.43,132287.38,30177.07,9210.07,42188.35,3082.38,19922.88
21536,8918.95,31957.68,18364.53,8116.22,39323.75,132688.81,30292.98,9212.78,41957.96,3025.23,19969.08
21552,8821.59,32369.57,18121.94,7909.09,39787.50,133402.05,30695.45,9069.25,41627.80,2901.16,20239.74
21568,8698.35,32961.85,17751.72,7613.92,40455.69,134523.41,31244.07,8926.41,41060.25,2724.32,20532.84
21584,8557.88,33610.83,17356.81,7299.65,41186.36,135790.14,31827.37,8813.17,40389.72,2537.96,20781.61
21600,8422.31,33766.24,17389.98,7240.44,41364.29,135888.77,32053.28,8676.82,40345.38,2484.19,20998.21
21616,8411.00,33611.45,17546.17,7317.76,41210.25,135497.59,31997.11,8618.04,40553.83,2508.01,21087.82
21632,8413.48,33269.00,17870.59,7484.10,40890.28,134698.73,31898.06,8488.72,40964.13,2547.36,21309.80
21648,8353.14,33158.88,18059.95,7537.16,40841.94,134407.34,31999.41,8354.30,41073.68,2522.75,21531.34
21664,8315.90,33071.59,18201.55,7575.71,40817.37,134216.64,32096.20,8249.09,41122.52,2494.67,21706.31
21680,8346.02,32884.26,18362.93,7660.94,40674.88,133856.86,32097.60,8163.40,41265.55,2489.52,21872.79
21696,8388.86,32557.68,18671.62,7803.55,40479.77,133293.47,32196.38,7976.38,41421.89,2447.59,22209.21
21712,8425.30,32360.75,18851.15,7889.60,40366.22,132972.11,32263.90,7865.48,41493.95,2417.95,22407.35
21728,8668.34,31969.18,18984.35,8108.88,39837.44,132033.33,31942.62,7818.63,42008.26,2481.28,22684.08
21744,9020.45,31663.73,18895.07,8359.04,39063.33,130820.67,31229.72,7907.97,42899.51,2652.86,22959.98
21760,9412.12,31532.23,18602.05,8616.45,38147.12,129441.65,30234.60,8101.28,44105.73,2911.29,23314.53
21776,9753.17,31565.75,18235.58,8849.18,37285.60,128132.63,29235.25,8313.84,45356.43,3182.87,23755.74
21792,9910.19,31844.61,17813.63,8948.38,36751.61,127363.62,28423.52,8550.43,46353.80,3426.30,24083.28
21808,9783.48,32516.99,17230.34,8812.14,36694.11,127455.69,27720.56,8921.70,47126.00,3699.36,24142.50
21824,9733.92,32991.73,16810.00,8776.34,36511.77,127232.16,27142.36,9156.03,47841.48,3898.83,24379.95
21840,9894.56,33124.60,16604.18,8961.99,35954.66,126238.47,26666.96,9156.43,48537.15,3975.08,24916.03
21856,9971.61,33268.42,16444.02,9072.52,35605.69,125604.52,26353.17,9158.09,48993.30,4021.37,25279.86
21872,9908.30,33468.97,16297.18,9038.27,35586.75,125573.10,26167.71,9234.12,49243.42,4084.03,25406.12
21888,9795.60,33796.21,16063.99,8983.71,35552.92,125498.91,25875.07,9342.62,49643.54,4173.50,25635.42
21904,9695.30,34257.09,15725.51,9004.71,35284.16,124953.41,25426.86,9400.23,50259.37,4242.82,26110.82
21920,9673.28,34500.95,15545.57,9072.28,35022.42,124428.49,25195.95,9368.43,50562.93,4237.03,26402.37
21936,9643.11,34757.29,15364.37,9147.43,34744.28,123860.45,24983.02,9314.09,50826.34,4210.34,26677.16
21952,9617.25,34921.32,15252.89,9193.24,34574.58,123508.52,24864.34,9272.83,50961.81,4185.32,26826.07
21968,9729.45,34731.00,15379.05,9266.97,34520.39,123465.42,25038.87,9205.91,50711.29,4141.96,26650.78
21984,9775.58,34762.55,15363.34,9371.69,34306.70,123077.23,25089.41,9097.07,50578.64,4068.29,26594.27
22000,9747.62,34924.77,15263.23,9443.32,34093.47,122644.62,25045.97,9003.08,50555.96,3999.55,26615.47
22016,9841.09,34909.22,15295.29,9612.51,33810.49,122184.27,25230.48,8845.70,50212.64,3901.61,26386.41
22032,9852.29,34983.55,15262.03,9702.12,33624.23,121850.17,25295.11,8749.50,50049.08,3839.00,26278.11
22048,9733.68,35334.89,15053.51,9795.33,33287.88,121134.06,25243.11,8581.91,49920.89,3713.41,26196.27
22064,9693.50,35530.45,14955.14,9909.52,33014.37,120620.23,25316.18,8443.15,49685.99,3624.72,26024.86
22080,9796.76,35389.44,15067.23,9981.73,32998.77,120714.14,25475.51,8446.18,49540.19,3650.41,25930.18
22096,9978.02,35159.01,15266.59,10126.23,32961.03,120891.59,25779.31,8461.68,49283.52,3712.03,25777.54
22112,10187.53,34932.68,15496.11,10333.13,32877.12,121070.00,26174.69,8482.64,48968.53,3799.11,25612.17
22128,10345.12,34865.10,15663.34,10617.53,32646.54,121023.06,26656.10,8457.25,48524.75,3879.67,25376.72
22144,10396.36,35026.68,15712.96,10957.17,32250.72,120667.19,27191.43,8368.11,47946.79,3940.19,25059.39
22160,10297.36,35393.30,15596.00,11229.90,31791.11,120030.73,27607.95,8216.58,47361.34,3945.78,24704.92
22176,10200.46,35701.88,15492.25,11435.62,31442.64,119555.38,27928.42,8114.07,46939.18,3966.11,24472.17
22192,10085.90,36055.57,15381.34,11674.06,31063.23,119078.56,28310.67,8027.04,46502.88,4019.60,24273.08
22208,10018.97,36475.64,15382.82,12132.50,30602.14,118849.81,29013.25,8066.14,46098.38,4236.03,24292.62
22224,9713.41,37272.37,15096.14,12576.24,29865.22,117912.96,29768.65,7942.31,45345.33,4400.80,24067.31
22240,9305.39,38152.63,14655.65,12902.31,29084.95,116640.77,30423.76,7729.24,44478.55,4514.15,23727.16
22256,8725.84,39355.51,14002.03,13285.19,28036.03,114816.44,31292.64,7436.88,43306.04,4688.57,23310.44
22272,8354.82,40062.48,13529.63,13422.76,27389.59,113482.38,31769.38,7197.99,42483.37,4776.76,22975.37
22288,8082.86,40495.80,13097.94,13378.09,26913.47,112185.36,32028.46,6918.04,41687.88,4799.79,22563.58
22304,7891.29,40822.62,12788.95,13372.27,26551.16,111261.83,32278.07,6744.54,41137.20,4858.74,22350.54
22320,7716.20,41180.15,12550.04,13466.71,26209.13,110628.20,32609.38,6684.26,40807.62,4977.73,22368.57
22336,7541.23,41534.81,12285.93,13549.28,25841.57,109916.55,32972.32,6621.42,40457.10,5116.80,22418.97
22352,7509.95,41583.22,12199.25,13528.57,25739.11,109617.09,33060.18,6571.82,40285.29,5153.97,22392.18
22368,7444.31,41720.95,12085.90,13563.84,25578.85,109321.16,33232.16,6560.43,40169.66,5225.92,22464.70
22384,7534.28,41487.38,12072.43,13389.80,25607.08,108955.66,33165.93,6425.73,39847.07,5223.88,22289.05
22400,7461.80,41659.22,12024.93,13487.23,25524.16,109011.17,33266.36,6488.95,39969.48,5248.92,22402.02
22416,7363.25,41898.24,12014.88,13642.29,25490.38,109319.72,33309.43,6598.95,40243.86,5231.59,22504.06
22432,7321.57,42002.82,12090.72,13732.06,25593.33,109757.25,33187.45,6664.17,40468.49,5153.89,22450.61
22448,7234.40,42213.88,12000.30,13846.99,25462.30,109781.70,33328.43,6748.69,40643.63,5176.77,22583.76
22464,7191.72,42335.34,11763.77,13887.39,25110.77,109200.16,33742.88,6809.92,40660.44,5327.77,22922.11
22480,7182.91,42405.09,11500.65,13910.90,24707.37,108500.67,34233.44,6889.75,40709.90,5501.91,23327.98
22496,7282.87,42284.09,11149.19,13842.47,24124.60,107250.38,35001.59,6981.39,40704.78,5801.16,23985.59
22512,7397.52,42185.43,10785.92,13816.00,23508.00,106064.40,35823.57,7141.05,40874.26,6083.45,24670.79
22528,7443.15,42285.96,10415.72,13926.93,22911.85,105302.11,36561.12,7391.84,41327.62,6250.51,25202.53
22544,7453.19,42395.63,10207.46,14029.01,22590.14,105017.74,36932.57,7555.10,41659.18,6298.81,25421.76
22560,7297.67,42887.32,9980.41,14337.97,22360.82,105457.65,37020.02,7755.51,42172.11,6153.23,25264.74
22576,7179.82,43266.60,9822.25,14575.74,22223.08,105864.91,37024.44,7888.14,42520.04,6023.69,25079.77
22592,7168.11,43386.16,9713.35,14677.89,22084.69,105930.83,37123.69,7983.12,42746.45,5975.86,25034.65
22608,7277.58,43251.55,9598.28,14676.93,21837.95,105595.20,37444.61,8119.98,43042.61,5993.53,25149.62
22624,7446.85,42976.62,9501.64,14617.29,21559.21,105085.05,37856.74,8276.36,43377.46,6032.27,25313.24
22640,7665.31,42503.22,9497.87,14432.80,21327.00,104318.84,38341.63,8413.10,43661.58,6132.10,25594.82
22656,7996.16,41645.69,9634.90,14025.08,21103.54,102977.42,39080.02,8573.53,43986.72,6346.63,26124.79
22672,8263.27,40963.09,9746.75,13713.11,20901.53,101919.23,39710.30,8746.51,44357.16,6485.51,26479.48
22688,8334.14,40722.32,9828.83,13574.05,20882.37,101518.61,39917.35,8787.93,44446.93,6553.83,26636.33
22704,8382.16,40496.17,9935.92,13421.00,20894.75,101106.83,40117.38,8821.93,44525.48,6628.87,26802.21
22720,8476.62,40264.38,9961.19,13337.30,20785.75,100799.16,40347.48,8920.55,44749.46,6617.04,26792.20
22736,8643.94,39990.23,9893.33,13330.74,20529.71,100626.67,40595.80,9085.33,45110.53,6500.81,26566.21
22752,8803.45,39569.98,9952.10,13181.85,20323.42,100106.11,41008.62,9281.89,45554.45,6435.10,26438.87
22768,8850.49,39358.66,10033.46,13060.99,20268.90,99746.22,41247.58,9377.36,45778.79,6426.94,26420.25
22784,8902.48,39171.15,10085.47,12976.13,20192.61,99488.02,41440.72,9468.12,45983.12,6392.24,26344.55
22800,9051.09,38852.15,10074.93,12936.39,19963.88,99333.45,41648.38,9611.89,46267.99,6264.01,26079.21
22816,9225.18,38365.21,10136.69,12807.27,19669.93,98944.27,42031.97,9843.65,46736.45,6087.29,25703.05
22832,9418.08,37830.37,10200.59,12683.56,19335.24,98599.09,42406.09,10084.67,47193.87,5884.58,25276.38
22848,9639.42,37252.69,10247.58,12590.10,18947.63,98378.77,42722.35,10316.82,47583.83,5658.42,24814.32
22864,9761.54,36844.63,10327.92,12483.78,18690.74,98133.02,42996.37,10499.85,47894.52,5496.73,24479.65
22880,9787.22,36573.48,10455.66,12339.36,18543.97,97779.19,43293.38,10668.48,48207.72,5375.13,24215.15
22896,9782.46,36444.09,10537.67,12250.34,18473.33,97563.31,43467.07,10765.02,48385.57,5306.63,24065.91
22912,9762.59,36347.89,10618.55,12164.88,18420.00,97358.34,43625.79,10851.23,48542.65,5246.85,23936.51
22928,9796.11,36344.96,10574.80,12212.04,18416.11,97488.90,43536.75,10807.76,48450.49,5272.82,23999.66
22944,9937.21,36352.05,10385.42,12418.05,18426.88,98038.80,43154.41,10615.41,48066.91,5399.57,24288.36
22960,10111.57,36380.40,10153.36,12673.66,18476.70,98682.16,42703.08,10383.04,47642.19,5567.62,24640.24
22976,10271.68,36466.51,9927.21,12922.54,18589.08,99235.60,42308.35,10173.06,47321.04,5735.09,24946.72
22992,10385.13,36582.28,9755.58,13109.27,18727.38,99581.55,42057.92,10035.15,47171.31,5855.42,25126.45
23008,10498.11,36639.04,9611.76,13269.86,18831.80,99880.23,41851.28,9924.71,47063.79,5951.55,25256.34
23024,10713.06,36423.43,9437.47,13498.21,18788.37,100535.62,41425.57,9715.29,46696.90,6118.05,25562.30
23040,10940.96,35995.62,9306.31,13711.58,18600.01,101352.16,40904.15,9465.48,46165.06,6316.44,25974.49
23056,11221.11,35570.38,9120.03,14002.08,18478.87,102285.85,40315.47,9182.75,45672.79,6551.72,26376.03
23072,11520.29,34914.84,8965.73,14316.18,18226.62,103501.27,39555.46,8821.68,44991.30,6863.58,26918.57
23088,11959.15,34245.62,8684.62,14808.11,18125.48,104938.92,38694.99,8423.52,44471.20,7210.03,27342.93
23104,12468.78,33373.34,8389.18,15406.16,17990.26,106720.95,37660.09,7957.99,43914.86,7628.68,27786.16
23120,12931.58,32429.47,8161.82,15990.88,17813.64,108565.44,36617.70,7502.51,43394.89,8055.95,28186.80
23136,13244.26,31435.09,8080.37,16470.50,17507.20,110433.27,35563.30,7045.88,42789.46,8513.36,28643.63
23152,13403.15,30598.72,8104.12,16808.65,17181.79,112015.40,34673.44,6664.56,42251.02,8916.41,29042.11
23168,13477.67,30222.47,8109.73,16981.66,17062.79,112736.52,34286.30,6507.40,42091.62,9077.01,29139.32
23184,13530.77,30006.46,8100.88,17099.42,17021.09,113142.20,34082.72,6431.55,42067.95,9144.94,29128.98
23200,13602.75,29933.64,8053.22,17184.67,17072.73,113231.61,34065.56,6437.38,42171.88,9120.90,29032.79
23216,13719.00,29735.54,7982.31,17361.14,17142.54,113509.12,33981.26,6431.62,42369.27,9084.09,28833.23
23232,13871.54,29312.39,7902.81,17674.97,17208.67,114148.58,33756.87,6395.26,42691.23,9040.19,28485.61
23248,14116.51,28974.01,7741.95,18017.58,17425.27,114428.67,33777.31,6474.41,43194.30,8870.38,28055.64
23264,14319.24,28421.78,7625.05,18463.14,17595.96,115102.73,33644.85,6522.01,43805.36,8696.08,27496.39
23280,14458.60,27826.68,7555.03,18916.29,17732.92,115897.48,33473.23,6567.85,44449.78,8515.70,26910.13
23296,14315.48,27326.62,7683.50,19182.91,17602.90,117051.53,33015.15,6476.29,44844.47,8481.94,26418.25
23312,13955.91,27004.02,7965.81,19258.40,17262.93,118420.40,32348.23,6279.32,45042.23,8563.56,25984.58
23328,13570.68,26826.90,8266.68,19254.52,16908.19,119671.08,31719.89,6091.71,45205.71,8648.47,25586.96
23344,13041.99,26707.49,8689.14,19205.24,16429.91,121311.53,30903.70,5861.70,45477.50,8739.10,25019.90
23360,12428.03,26777.13,9201.18,19040.52,15847.89,123100.78,29978.12,5596.13,45746.23,8864.19,24398.30
23376,11875.99,26857.86,9682.67,18933.18,15353.00,124803.47,29174.33,5410.13,46175.69,8902.13,23739.82
23392,11333.47,26729.05,10159.61,19062.58,15010.75,126661.44,28530.73,5382.81,47043.63,8724.64,22939.93
23408,10673.54,26560.43,10763.83,19310.96,14669.97,128973.36,27862.04,5451.46,48319.29,8397.92,21962.69
23424,9978.34,26559.95,11452.13,19515.92,14291.61,131440.89,27176.34,5556.32,49714.00,8041.37,20981.49
23440,9333.71,26680.20,12139.08,19692.81,13944.19,133783.47,26580.76,5703.05,51090.51,7680.08,20127.87
23456,8797.20,26948.17,12768.07,19775.87,13609.96,135851.16,26054.84,5843.36,52307.70,7368.69,19428.30
23472,8386.74,27425.69,13329.88,19676.47,13218.10,137683.78,25489.42,5917.05,53317.48,7152.55,18801.46
23488,8089.03,27908.11,13796.47,19550.17,12876.45,139225.84,25015.99,5991.87,54195.16,6960.92,18301.65
23504,8058.85,28253.91,13937.80,19328.04,12643.36,139803.53,24692.25,5941.73,54466.26,6954.29,18017.89
23520,8005.24,28292.49,14010.42,19352.84,12626.08,140010.16,24677.27,5979.96,54603.47,6905.13,17997.95
23536,7957.64,28279.38,14058.35,19410.78,12647.38,140104.56,24718.96,6022.77,54674.32,6864.25,18035.18
23552,7883.58,28392.73,14184.82,19426.24,12603.40,140471.58,24690.79,6090.84,54903.15,6778.03,18030.55
23568,7780.91,28614.51,14393.22,19428.06,12516.91,141099.48,24636.10,6205.60,55286.77,6633.67,18038.48
23584,7652.24,29125.47,14777.48,19351.87,12303.70,142367.25,24484.32,6423.09,56052.09,6356.17,18065.06
23600,7531.99,29745.46,15229.61,19270.53,12071.47,143835.12,24358.62,6700.73,56904.04,6041.30,18191.87
23616,7489.12,30242.88,15554.28,19177.10,11884.63,144946.16,24261.97,6913.14,57531.38,5814.35,18321.82
23632,7446.96,30643.89,15838.29,19145.64,11768.73,145819.22,24261.73,7111.13,57970.48,5642.26,18522.00
23648,7464.22,31049.01,16076.54,19057.00,11625.17,146684.55,24220.93,7294.37,58412.53,5479.83,18708.91
23664,7592.52,31380.79,16167.86,18832.54,11412.72,147479.31,24027.34,7415.86,58927.42,5320.18,18777.79
23680,7800.87,31737.82,16212.40,18504.72,11127.02,148449.27,23741.84,7558.32,59601.84,5118.58,18865.05
23696,7948.62,31896.20,16186.69,18281.80,10946.37,148990.92,23536.84,7630.88,60025.65,4997.49,18904.50
23712,8054.62,32023.87,16184.38,18128.74,10818.49,149430.80,23417.51,7706.45,60324.05,4908.06,18988.79
23728,8224.21,32079.40,16078.89,17869.30,10621.71,149957.17,23169.17,7780.58,60801.61,4774.64,19060.61
23744,8389.05,32236.10,16061.23,17647.33,10440.88,150610.88,23029.26,7908.55,61186.96,4660.08,19242.22
23760,8598.09,32679.34,16239.17,17454.50,10257.05,151644.45,23098.48,8157.42,61400.96,4582.96,19629.30
23776,8837.93,33054.93,16353.68,17216.05,10048.96,152702.28,23127.43,8408.31,61651.82,4505.26,20017.00
23792,9022.71,33278.63,16398.78,17022.13,9888.28,153472.22,23132.13,8590.31,61838.89,4453.65,20296.03
23808,9093.71,33271.54,16342.67,16905.27,9799.08,153775.59,23056.28,8658.80,62022.44,4405.34,20413.04
23824,9063.52,32999.56,16138.95,16801.96,9727.96,153770.97,22813.79,8655.50,62398.58,4304.13,20467.84
23840,9040.23,32809.90,15997.61,16726.09,9673.51,153804.94,22647.98,8667.10,62667.70,4233.26,20534.51
23856,9001.65,32723.18,15949.38,16731.28,9677.72,153711.34,22580.69,8648.97,62765.17,4206.15,20535.43
23872,8832.10,32382.34,15765.95,16767.43,9701.88,153324.00,22301.24,8583.07,63191.49,4088.68,20574.38
23888,8667.73,32157.30,15672.41,16869.55,9773.76,152841.98,22099.88,8494.99,63498.23,4001.45,20568.89
23904,8560.95,31930.93,15540.79,16863.85,9760.63,152733.78,21900.41,8502.72,63836.03,3916.09,20694.16
23920,8325.48,31655.80,15433.24,17023.13,9862.14,152103.53,21583.16,8419.76,64382.77,3769.89,20816.99
23936,8122.62,31525.13,15425.65,17249.19,10015.22,151351.94,21334.32,8305.52,64840.34,3644.43,20894.71
23952,7989.88,31411.14,15393.42,17367.84,10088.45,150968.47,21140.55,8270.60,65201.59,3553.58,21020.05
23968,7913.34,31403.56,15421.50,17490.81,10171.19,150603.62,21028.87,8222.21,65429.90,3493.30,21084.92
23984,7771.78,31355.82,15440.82,17685.41,10292.59,150056.62,20781.42,8183.38,65924.91,3373.39,21295.42
24000,7577.23,31467.89,15610.11,18145.65,10597.78,148811.91,20366.35,8066.03,66836.62,3152.56,21675.16
